{"summary":"Binance has decided it will continue to offer trading in a number of so-called privacy cryptocurrencies to its European customers. \nThe firm had said in May it would restrict trading in 12 privacy coins including Zcash and Monero across France, Italy, Poland and Spain.","author":["James Hunt","The Block"],"webName":"theblock.co","link":"https:\/\/www.theblock.co\/post\/236340\/binance-privacy-coins","publishDate":"2023-06-26T08:46:10","id":1004,"type":null,"title":"Binance reverses decision on privacy coin trading in EU","category":["Exchanges"],"content":["Binance, the world\u2019s largest cryptocurrency exchange, said Monday it would continue to offer trading in privacy coins in Europe after saying it would delist them in May.&nbsp;","The firm told The Block that it would change how it classified privacy coins, sparing seven coins from delisting in France, Italy, Poland and Spain: Decred, Dash, Zcash, PIVX, Navcoin, Secret and Verge. \"Beam, Monero, MobileCoin, Firo and Horizen are still included in the restrictions,\" Binance said.","\"After carefully considering feedback from our community and several projects, we have revised how we classify privacy coins on our platform to comply with EU-wide regulatory requirements,\u201D a Binance spokesperson told The Block in an emailed statement. \"As a crypto exchange with registrations in different EU jurisdictions, we are obliged to follow EU regulations that require exchanges to be able to monitor transactions for coins listed on our platform.\"","In May, Binance <a href=\"https:\/\/www.theblock.co\/post\/232751\/binance-privacy-coins-delisting-europe\" data-v-f87c67ca=\"\">indicated<\/a> plans to delist privacy coins for users in France, Italy, Spain and Poland on June 26. The decision <a href=\"https:\/\/twitter.com\/BaleineFR\/status\/1663868865309278208?s=20\" data-v-f87c67ca=\"\">reportedly<\/a> would have affected a dozen privacy coins: Decred, Dash, Zcash, Horizen, PIVX, Navcoin, Secret, Verge, Firo, Beam, Monero and MobileCoin.&nbsp;","The exchange's reversal followed considerable community feedback and negotiations with several projects. \u201CYou spoke, and Binance listened,\u201D privacy project Secret Network <a href=\"https:\/\/twitter.com\/SecretNetwork\/status\/1672244057928597506?s=20\" data-v-f87c67ca=\"\">tweeted<\/a>. \u201CBinance will not be delisting SCRT, along with six other privacy-focused cryptocurrencies, in European countries,\u201D it added.&nbsp;","\u201CWe are pleased to inform you that XVG will remain unaffected by Binance's trading restrictions on privacy coins in certain EU countries,\u201D the team behind Verge <a href=\"https:\/\/twitter.com\/vergecurrency\/status\/1671821601094901763?s=20\" data-v-f87c67ca=\"\">said<\/a>. \u201CVerge utilizes a public blockchain with visible transactions, amounts and wallet addresses.\u201D","Privacy coins are a type of cryptocurrency designed to obscure transaction details using technologies like zero-knowledge proofs \u2014 making them more difficult to track. The European Union has money laundering concerns related to transactions on such networks and said it was considering new rules that could <a href=\"https:\/\/www.theblock.co\/post\/187078\/european-aml-rules-could-ban-privacy-coins-coindesk\" data-v-f87c67ca=\"\">ban privacy coins<\/a> in November.","Binance's initial move to delist was in response to local regulations, requiring the exchange to monitor transactions for all listed coins. The delistings were announced on the same day the EU\u2019s new <a href=\"https:\/\/cointelegraph.com\/news\/eu-s-new-crypto-law-how-mica-can-make-europe-a-digital-asset-hub\" data-v-f87c67ca=\"\">Markets in Crypto-Assets (MiCA) regulations<\/a> became law, and draft guidance from the European Banking Authority <a href=\"https:\/\/www.eba.europa.eu\/eba-consults-amendments-guidelines-money-laundering-and-terrorist-financing-risk-factors-include\" data-v-f87c67ca=\"\">warned<\/a> crypto companies to monitor customers using privacy coins.","\"While we aim to support as many quality projects as possible, we are required to follow local laws and regulations regarding the trading of privacy coins, to ensure we can continue to serve as many users as we can,\" a Binance spokesperson told The Block at the time.&nbsp;","\"As part of Binance's ongoing compliance processes, we have reached out to affected users, to notify them that they will no longer be able to purchase or trade privacy tokens on our platform after June,\" the spokesperson added.","The reversal follows a flurry of regulatory news out of the exchange. Earlier this month, Binance said that it was <a href=\"https:\/\/www.theblock.co\/post\/235084\/binance-exits-the-netherlands\" data-v-f87c67ca=\"\">exiting<\/a> the Netherlands after failing to acquire regulatory approval. It also applied to <a href=\"https:\/\/www.theblock.co\/post\/234617\/binance-cyprus-deregister\" data-v-f87c67ca=\"\">deregister<\/a> its local entity in Cyprus and is reportedly under <a href=\"https:\/\/www.theblock.co\/post\/235129\/binance-is-under-investigation-in-france-for-alleged-money-laundering-le-monde\" data-v-f87c67ca=\"\">investigation<\/a> in France for alleged money laundering. Last week, Belgium\u2019s regulator <a href=\"https:\/\/www.theblock.co\/post\/236239\/belgium-regulator-orders-binance-to-stop-services-in-country\" data-v-f87c67ca=\"\">ordered<\/a> Binance to stop services in the country.","<em data-v-f87c67ca=\"\">Updated with confirmation from Binance on the coins impacted.<\/em>"],"hashtag":["BINANCE","CZ"]}