{"summary":"A coordinated series of lawsuits filed in New York federal court on Friday alleges securities law violations against numerous token issuers and crypto exchanges.\nThe lawsuits \u2013 filed by the same firm that represents plaintiffs in litigation against Craig Wright and Bitfinex \u2013 say that numerous tokens were in fact unregistered securities, that their issuers violated registrations requirements and that token exchanges violated exchange and broker-dealer registration requirements.\nThe resolution of these lawsuits may take many years, given the usual pace of class action litigation, compounded by international defendants and COVID-19 court slowdowns. But contain substantive allegations that may be problematic for some of the defendants, particularly given recent court findings that consider other digital asset sales.","author":["Stephen Palley","The Block"],"webName":"theblock.co","link":"https:\/\/www.theblock.co\/post\/60930\/top-crypto-exchanges-token-issuers-named-in-friday-barrage-of-u-s-class-action-lawsuits","publishDate":"2020-04-04T13:00:04","id":1024,"type":null,"title":"Top crypto exchanges, token issuers named in Friday barrage of U.S. class-action lawsuits","category":["The Block"],"content":["Well-known crypto market players and companies were hit by a barrage of new lawsuits filed Friday in New York federal court.&nbsp;","Eleven new putative class actions were filed on April 3 by the Roche Freedman law firm in the Southern District of New York. They separately name Binance, Civic, BProtocol, Status, Block.one, KayDex, Quantstamp, BiBox, TRON Foundation, KuCoin, HDR Global Trading (that is, the BitMEX exchange), and many of their principals, including crypto notables such as Brendan Blumer, Dan Larimer, Vinny Lingham, Binance founder Changpeng (\"CZ\") Zhao, and BitMEX co-founder and CEO Arthur Hayes.&nbsp;","The astute observer may recall this firm for the work in lawsuits against Craig Wright and the Bitfinex exchange.&nbsp; These filings were first noted by the website <a href=\"https:\/\/www.offshorealert.com\/class-action-complaints-against-cryptocurrency-firms-alleging-unregistered-sale-of-securities.aspx\" target=\"_blank\" rel=\"noopener noreferrer\" data-v-f87c67ca=\"\">OffShoreAlert<\/a>, which described this event as the cryptocurrency industry's \"own Red Wedding\" in reference to the bloody nuptials featured in George R. R. Martin's A Song of Ice and Fire series.&nbsp;","The plaintiffs include Chase Williams, Alexander Clifford, and Eric Lee. The lawsuits allege violations of U.S. federal and state securities laws against the issuers of digital tokens and against the crypto exchanges that sold them to persons based in the United States.&nbsp; The claims against individuals are under a \"control person\" liability theory, which imposes personal liability for corporate securities law claims. This path is usually taken against officers and directors of the company on the assumption that they have control of the entity responsible for the primary violation.","The claims are against dozens of parties, many of whom are outside the United States. Arguments about jurisdiction will surely be hard-fought.&nbsp;Of course, it's hard to summarize 11 detailed complaints but the key issue at play is the nature of these tokens as securities and their availability for purchase to U.S. persons.","Offshore exchanges may well argue that they are not proper parties because they excluded U.S. persons from their platforms. These issues have already been litigated in the crypto context and the issue here will likely turn on the scope and extent of these efforts. Additionally, exchanges may face liability for sale of securities as unlicensed broker-dealers if these tokens are ultimately determined to be securities.","Thus, for example, the KuCoin lawsuit said it is filed on behalf of investors who purchased ten digital tokens that KuCoin sold since September 2017 without registering as broker-dealers or national exchanges, including EOS, SNT, QSP, KNC, TRX, LEND, ELF, CVC and TOMO.&nbsp;","If the court finds that any of these were in fact securities and were sold without a registration by KuCoin (which was, of course, not registered as a broker-dealer) it may face not only hefty damages but further scrutiny from state and federal securities regulators who will surely be following these cases. Similar allegations are made against Binance that the listing agreements it made with token issuers were all made in violation of Section 5 of the Exchange Act and also without registering as broker-dealers.","Similarly, a lawsuit against the Tron Foundation challenges the notion that TRX is anything like Bitcoin and says that it was issued and controlled by the defendants in an entirely centralized fashion:","<em data-v-f87c67ca=\"\">\"...the creation of TRX tokens thus occurred through a&nbsp;centralized process, in contrast to Bitcoin and Ethereum. This, however, would not have been&nbsp;apparent at issuance to a reasonable investor. Rather, it was only after the passage of time and&nbsp;disclosure of additional information about the issuer\u2019s intent, process of management, and success&nbsp;in allowing decentralization to arise that a reasonable purchaser could know that he or she had&nbsp;acquired a security. Purchasers were thereby misled into believing that TRX was something other&nbsp;than a security, when it was a security.\"<\/em>","These lawsuits will be dismissed by the defendants in press releases as ambulance-chasing lawsuit trolling, but it's not quite that black and white upon closer inspection.","A judge in the Southern District of New York <a href=\"https:\/\/www.theblockcrypto.com\/post\/59831\/court-in-telegram-case-blocks-gram-token-issuance-says-token-distribution-likely-violates-securities-law\" target=\"_blank\" rel=\"noopener noreferrer\" data-v-f87c67ca=\"\">has already ruled<\/a> in a preliminary injunction order that Telegram\u2019s \"gram\" tokens are likely securities that should have been registered. Without judging the merits of each case, I personally find it hard to believe that it will be too hard to prove that a substantial number of these tokens were, in fact, securities under U.S. law.&nbsp;","The initial fighting questions will be whether jurisdiction can be asserted over non-U.S. defendants and the applicability of arbitration clauses. Some of the non-U.S. defendants will also need be served outside of the United States via the Hague Convention. In some cases, service-of-process and issuance-of-summons will likely be further delayed by the COVID-19 pandemic and related disruption to the judicial system.","In short, my assessment at the outset is that the merits of these cases are non-trivial. &nbsp;Time will tell, and it will take some time for them to be resolved, but that will certainly happen. This development, any event, will likely keep a large number of lawyers busy for years to come and could be a harbinger of similar lawsuits to come.","<em data-v-f87c67ca=\"\">Embedded versions of the complaints can be found below:<\/em>","<a title=\"View Chase vs Bitmex on Scribd\" href=\"https:\/\/www.scribd.com\/document\/454974422\/Chase-vs-Bitmex#from_embed\" data-v-f87c67ca=\"\">Chase vs Bitmex<\/a> by <a title=\"View MichaelPatrickMcSweeney's profile on Scribd\" href=\"https:\/\/www.scribd.com\/user\/265494999\/MichaelPatrickMcSweeney#from_embed\" data-v-f87c67ca=\"\">MichaelPatrickMcSweeney<\/a> on Scribd","<iframe id=\"doc_6334\" class=\"scribd_iframe_embed\" title=\"Chase vs Bitmex\" src=\"https:\/\/www.scribd.com\/embeds\/454974422\/content?start_page=1&amp;view_mode=scroll&amp;access_key=key-cURBV51JymQaV6Go98qt\" width=\"100%\" height=\"600\" frameborder=\"0\" scrolling=\"no\" data-auto-height=\"false\" data-aspect-ratio=\"0.75\" data-v-f87c67ca=\"\"><\/iframe>","<a title=\"View binance 120-cv-02803 on Scribd\" href=\"https:\/\/www.scribd.com\/document\/454974514\/binance-120-cv-02803#from_embed\" data-v-f87c67ca=\"\">binance 120-cv-02803<\/a> by <a title=\"View MichaelPatrickMcSweeney's profile on Scribd\" href=\"https:\/\/www.scribd.com\/user\/265494999\/MichaelPatrickMcSweeney#from_embed\" data-v-f87c67ca=\"\">MichaelPatrickMcSweeney<\/a> on Scribd","<iframe id=\"doc_22628\" class=\"scribd_iframe_embed\" title=\"binance 120-cv-02803\" src=\"https:\/\/www.scribd.com\/embeds\/454974514\/content?start_page=1&amp;view_mode=scroll&amp;access_key=key-3y5p70SLxzG5OxlmXTki\" width=\"100%\" height=\"600\" frameborder=\"0\" scrolling=\"no\" data-auto-height=\"false\" data-aspect-ratio=\"0.75\" data-v-f87c67ca=\"\"><\/iframe>","<a title=\"View Status Research on Scribd\" href=\"https:\/\/www.scribd.com\/document\/454973469\/Status-Research#from_embed\" data-v-f87c67ca=\"\">Status Research<\/a> by <a title=\"View fleckalecka's profile on Scribd\" href=\"https:\/\/www.scribd.com\/user\/494744219\/fleckalecka#from_embed\" data-v-f87c67ca=\"\">fleckalecka<\/a> on Scribd","<iframe class=\"scribd_iframe_embed\" title=\"Status Research\" src=\"https:\/\/www.scribd.com\/embeds\/454973469\/content?start_page=1&amp;view_mode=scroll&amp;access_key=key-CwUFwhfauaGhKDcK6LKI\" width=\"100%\" height=\"600\" frameborder=\"0\" scrolling=\"no\" data-auto-height=\"true\" data-aspect-ratio=\"0.7729220222793488\" data-v-f87c67ca=\"\"><\/iframe>","<a title=\"View BiBox on Scribd\" href=\"https:\/\/www.scribd.com\/document\/454973453\/BiBox#from_embed\" data-v-f87c67ca=\"\">BiBox<\/a> by <a title=\"View fleckalecka's profile on Scribd\" href=\"https:\/\/www.scribd.com\/user\/494744219\/fleckalecka#from_embed\" data-v-f87c67ca=\"\">fleckalecka<\/a> on Scribd","<iframe class=\"scribd_iframe_embed\" title=\"BiBox\" src=\"https:\/\/www.scribd.com\/embeds\/454973453\/content?start_page=1&amp;view_mode=scroll&amp;access_key=key-5BpWG1TzDA5j9oglhQZU\" width=\"100%\" height=\"600\" frameborder=\"0\" scrolling=\"no\" data-auto-height=\"true\" data-aspect-ratio=\"0.7729220222793488\" data-v-f87c67ca=\"\"><\/iframe>","<a title=\"View Block.one on Scribd\" href=\"https:\/\/www.scribd.com\/document\/454973458\/Block-one#from_embed\" data-v-f87c67ca=\"\">Block.one<\/a> by <a title=\"View fleckalecka's profile on Scribd\" href=\"https:\/\/www.scribd.com\/user\/494744219\/fleckalecka#from_embed\" data-v-f87c67ca=\"\">fleckalecka<\/a> on Scribd","<iframe class=\"scribd_iframe_embed\" title=\"Block.one\" src=\"https:\/\/www.scribd.com\/embeds\/454973458\/content?start_page=1&amp;view_mode=scroll&amp;access_key=key-JWmiM09nGIOm0gg0mDbL\" width=\"100%\" height=\"600\" frameborder=\"0\" scrolling=\"no\" data-auto-height=\"true\" data-aspect-ratio=\"0.7729220222793488\" data-v-f87c67ca=\"\"><\/iframe>","<a title=\"View Hdr on Scribd\" href=\"https:\/\/www.scribd.com\/document\/454973464\/Hdr#from_embed\" data-v-f87c67ca=\"\">Hdr<\/a> by <a title=\"View fleckalecka's profile on Scribd\" href=\"https:\/\/www.scribd.com\/user\/494744219\/fleckalecka#from_embed\" data-v-f87c67ca=\"\">fleckalecka<\/a> on Scribd","<iframe class=\"scribd_iframe_embed\" title=\"Hdr\" src=\"https:\/\/www.scribd.com\/embeds\/454973464\/content?start_page=1&amp;view_mode=scroll&amp;access_key=key-TOnhuaQfo9oSJSi1pvyA\" width=\"100%\" height=\"600\" frameborder=\"0\" scrolling=\"no\" data-auto-height=\"true\" data-aspect-ratio=\"0.7729220222793488\" data-v-f87c67ca=\"\"><\/iframe>","<a title=\"View Status on Scribd\" href=\"https:\/\/www.scribd.com\/document\/454975309\/Status#from_embed\" data-v-f87c67ca=\"\">Status<\/a> by <a title=\"View fleckalecka's profile on Scribd\" href=\"https:\/\/www.scribd.com\/user\/494744219\/fleckalecka#from_embed\" data-v-f87c67ca=\"\">fleckalecka<\/a> on Scribd","<iframe class=\"scribd_iframe_embed\" title=\"Status\" src=\"https:\/\/www.scribd.com\/embeds\/454975309\/content?start_page=1&amp;view_mode=scroll&amp;access_key=key-VdSgQgK5ooJCwccGDMNd\" width=\"100%\" height=\"600\" frameborder=\"0\" scrolling=\"no\" data-auto-height=\"true\" data-aspect-ratio=\"0.7729220222793488\" data-v-f87c67ca=\"\"><\/iframe>","<a title=\"View KayDex on Scribd\" href=\"https:\/\/www.scribd.com\/document\/454973465\/KayDex#from_embed\" data-v-f87c67ca=\"\">KayDex<\/a> by <a title=\"View fleckalecka's profile on Scribd\" href=\"https:\/\/www.scribd.com\/user\/494744219\/fleckalecka#from_embed\" data-v-f87c67ca=\"\">fleckalecka<\/a> on Scribd","<iframe class=\"scribd_iframe_embed\" title=\"KayDex\" src=\"https:\/\/www.scribd.com\/embeds\/454973465\/content?start_page=1&amp;view_mode=scroll&amp;access_key=key-t6zsTHrj7vrpFgfrqp3Y\" width=\"100%\" height=\"600\" frameborder=\"0\" scrolling=\"no\" data-auto-height=\"true\" data-aspect-ratio=\"0.7729220222793488\" data-v-f87c67ca=\"\"><\/iframe>","<a title=\"View b Protocol on Scribd\" href=\"https:\/\/www.scribd.com\/document\/454973459\/b-Protocol#from_embed\" data-v-f87c67ca=\"\">b Protocol<\/a> by <a title=\"View fleckalecka's profile on Scribd\" href=\"https:\/\/www.scribd.com\/user\/494744219\/fleckalecka#from_embed\" data-v-f87c67ca=\"\">fleckalecka<\/a> on Scribd","<iframe class=\"scribd_iframe_embed\" title=\"b Protocol\" src=\"https:\/\/www.scribd.com\/embeds\/454973459\/content?start_page=1&amp;view_mode=scroll&amp;access_key=key-t3IUU65HoLxJtJL7H13R\" width=\"100%\" height=\"600\" frameborder=\"0\" scrolling=\"no\" data-auto-height=\"true\" data-aspect-ratio=\"0.7729220222793488\" data-v-f87c67ca=\"\"><\/iframe>","<a title=\"View Civic on Scribd\" href=\"https:\/\/www.scribd.com\/document\/454973455\/Bi-Nance#from_embed\" data-v-f87c67ca=\"\">Civic<\/a> by <a title=\"View fleckalecka's profile on Scribd\" href=\"https:\/\/www.scribd.com\/user\/494744219\/fleckalecka#from_embed\" data-v-f87c67ca=\"\">fleckalecka<\/a> on Scribd","<iframe class=\"scribd_iframe_embed\" title=\"Bi Nance\" src=\"https:\/\/www.scribd.com\/embeds\/454973455\/content?start_page=1&amp;view_mode=scroll&amp;access_key=key-5pZAN6301FsieDpd3ekj\" width=\"100%\" height=\"600\" frameborder=\"0\" scrolling=\"no\" data-auto-height=\"true\" data-aspect-ratio=\"0.7729220222793488\" data-v-f87c67ca=\"\"><\/iframe>"],"hashtag":["BINANCE","BITMEX","LAWSUITS"]}