{"summary":"Bitcoin was trading around $21,600, down 1.1% as ether fell about 3%.\nBinance\u2019s BNB fell 6%, trading below $300 for the first time since late January.\nPaxos will stop issuing BUSD from Feb. 21. ","author":["Adam Morgan McCarthy","The Block"],"webName":"theblock.co","link":"https:\/\/www.theblock.co\/post\/211014\/binances-bnb-drops-6-on-latest-us-regulatory-moves-bitcoin-off-lows-but-still-down","publishDate":"2023-02-13T09:28:43","id":103,"type":null,"title":"Binance&#x27;s BNB drops 6% on latest US regulatory moves; bitcoin off lows but still down","category":["Markets"],"content":["Cryptocurrency prices were once again driven lower by regulatory developments, with Paxos and the New York Department of Financial Services going toe to toe and Binance suffering the consequences.&nbsp;","Bitcoin was down 1.1% over the past day, trading around $21,600 by 9 a.m. EST, according to TradingView data. The leading crypto by market cap fell on the news that Paxos was ordered to stop issuing the BUSD stablecoin. It briefly fell below $21,500 before recovering, although it has yet to climb back above $21,750.&nbsp;","<span data-preserver-spaces=\"true\" data-v-f87c67ca=\"\">Paxos <\/span><a class=\"editor-rtfLink\" href=\"https:\/\/www.prnewswire.com\/news-releases\/paxos-will-halt-minting-new-busd-tokens-301744964.html\" target=\"_blank\" rel=\"noopener\" data-v-f87c67ca=\"\"><span data-preserver-spaces=\"true\" data-v-f87c67ca=\"\">announced<\/span><\/a><span data-preserver-spaces=\"true\" data-v-f87c67ca=\"\"> it would stop issuing new BUSD stablecoins effective Feb. 21 on orders from the New York Department of Financial Services, a Binance spokesperson <a href=\"https:\/\/www.theblock.co\/post\/210951\/binance-sticking-with-busd-for-now-ready-to-explore-options\" data-v-f87c67ca=\"\">told<\/a> The Block. The New York regulator <a href=\"https:\/\/www.dfs.ny.gov\/consumers\/alerts\/Paxos_and_Binance\" data-v-f87c67ca=\"\">said the order<\/a> had arisen \"as a result of several unresolved issues related to Paxos\u2019 oversight of its relationship with Binance.\"<\/span>","\"It is important to note that the Department only approved the Paxos-issued BUSD on the Ethereum blockchain,\" the regulator said in a <a href=\"https:\/\/www.dfs.ny.gov\/consumers\/alerts\/Paxos_and_Binance\" data-v-f87c67ca=\"\">statement<\/a>. \"The Department has not authorized Binance-Peg BUSD on any blockchain, and Binance-Peg BUSD is not issued by Paxos.\"","Ether sold off sharply following the news, falling around 3.2%. Ripple's XRP slipped 3.8% in the past day, Cardano's ADA sank 4.1%, and Polygon's MATIC plunged 8.7%. Binance's BNB fell below $300, down 6%.","Paxos tokens avoided major sell-offs, while pax gold was trading around $1,822, down 0.2% over the past 24 hours. The pax dollar was at parity with the U.S., although it briefly traded below parity.&nbsp;","\"There is currently no restriction on the listing or exchange in New York of existing Paxos-issued BUSD by DFS-licensed entities,\" New York's DFS added in the statement. \"The Department is monitoring Paxos closely to verify that the company can facilitate redemptions in an orderly fashion subject to enhanced, risk-based, compliance protocols.\""],"hashtag":["BINANCE","BITCOIN","BNB","BRIAN ARMSTRONG","COINBASE","CZ","ECONOMIC INDICATORS","EQUITY MOVERS","ETHEREUM","GARY GENSLER","RATE DECISIONS","USDC"]}