{"summary":"A hacker stole funds from clients making deposits at General Bytes Bitcoin ATM machines.\nThe attacker was able to modify the crypto settings of two-way machines, the company said.","author":["Catarina Moura","The Block"],"webName":"theblock.co","link":"https:\/\/www.theblock.co\/post\/164741\/hacker-stole-from-clients-making-deposits-on-bitcoin-atms","publishDate":"2022-08-21T17:47:32","id":1032,"type":null,"title":"Hacker stole from clients making deposits on Bitcoin ATMs","category":["Hacks"],"content":["A hacker stole crypto funds from customers making deposits at General Bytes Bitcoin ATM machines, according to an advisory published this week.","The hacker modified the crypto settings of two-way machines with his wallet settings and the invalid payment address setting, the company said in <a href=\"https:\/\/generalbytes.atlassian.net\/wiki\/spaces\/ESD\/pages\/2785509377\/Security+Incident+August+18th+2022\" data-v-f87c67ca=\"\">an advisory<\/a> published Thursday. <a href=\"https:\/\/www.bleepingcomputer.com\/news\/security\/hackers-steal-crypto-from-bitcoin-atms-by-exploiting-zero-day-bug\/\" target=\"_blank\" rel=\"noopener\" data-v-f87c67ca=\"\">Bleeping Computer<\/a> first covered the news.","\"The attacker was able to create an admin user remotely via CAS administrative interface via a URL call on the page that is used for the default installation on the server and creating the first administration user,\" the statement said.","The company published steps to take to implement a security fix published on its website. It said that in the multiple audits it has completed since 2020, it had not identified this vulnerability.","The attack happened on the third day after the company publicly announced a \"Help Ukraine\" feature on its ATMs, the advisory said.","The company didn't specify how many people were affected by the hack or how much crypto was stolen. The firm was not immediately available to comment when reached."],"hashtag":[]}