{"summary":"Coatue Management General Partner Matt Mazzeo is leaving to launch a new investment fund, The Information reported on Monday. \nThe tech news outlet said it confirmed the departure with two sources.","author":["Kristin Majcher","The Block"],"webName":"theblock.co","link":"https:\/\/www.theblock.co\/post\/174570\/coatues-matt-mazzeo-leaving-to-start-his-own-fund-the-information","publishDate":"2022-10-03T17:37:35","id":1045,"type":null,"title":"Coatue&#x27;s Matt Mazzeo leaving to start his own fund: The Information","category":["Companies"],"content":["Coatue Management general partner <a href=\"https:\/\/www.linkedin.com\/in\/matthewmazzeo\/\" data-v-f87c67ca=\"\">Matt Mazzeo<\/a> has left the firm to start a new investment fund focused on early-stage startups, The Information <a href=\"https:\/\/www.theinformation.com\/articles\/coatue-general-partner-matt-mazzeo-leaves-to-launch-fund\" data-v-f87c67ca=\"\">reported<\/a> on Monday.","Two people with knowledge confirmed details of Mazzeo's departure, the tech news outlet reported.","Coatue is a New York City-based investment manager focused largely on tech companies, and it has made some high-profile bets on crypto in recent months. Coatue <a href=\"https:\/\/www.theblock.co\/linked\/129250\/opensea-eyeing-raise-that-would-value-it-at-13-billion-with-backing-from-coatue-and-paradigm-sources\" data-v-f87c67ca=\"\">led<\/a> non-fungible token (NFT) marketplace OpenSea's $300 million Series C funding round earlier this year and then <a href=\"https:\/\/www.theblock.co\/linked\/146037\/dapper-labs-unveils-725-million-ecosystem-fund-for-flow-blockchain\" data-v-f87c67ca=\"\">participated<\/a> in Dapper Labs' $725 million ecosystem fund launched in May. The hedge fund also recently <a href=\"https:\/\/www.theblock.co\/post\/170285\/ex-citadel-securities-employees-raise-50-million-for-crypto-market-maker-portofino-technologies\" data-v-f87c67ca=\"\">helped back<\/a> new crypto market maker Portofino Technologies, which former Citadel Securities executives founded.","Mazzeo has served as a general partner at Coatue since January 2018, according to his LinkedIn profile. Before that, Mazzeo held the role of managing director at Chris Sacca's Lowercase Capital, a venture capital firm that invested in now-ubiquitous tech giants like Instagram, Twitter and Uber.&nbsp;","Mazzeo's <a href=\"https:\/\/angel.co\/p\/mazzeo\" data-v-f87c67ca=\"\">AngelList page<\/a> lists investments in a range of startups including OpenSea, Medium and Airtable, and exits in companies including Hinge, Slack and Gimlet Media.","Coatue lost 17% through the month of August as tech-focused hedge funds more broadly weather a tough market, Reuters <a href=\"https:\/\/www.reuters.com\/business\/finance\/us-tech-focused-hedge-funds-brace-heavy-losses-amid-market-slide-2022-09-15\/\" data-v-f87c67ca=\"\">reported<\/a> on Sept. 15."],"hashtag":[]}