{"summary":"Bitcoin was trading around $19,500 at the time of writing on Wednesday, while ether was within the range of $1,400.\nDirectly after the Fed\u2019s decision to increase interest rates by 75 basis points stocks and cryptocurrencies plummeted in value.","author":["Adam Morgan McCarthy","The Block"],"webName":"theblock.co","link":"https:\/\/www.theblock.co\/post\/171832\/bitcoin-price-equity-markets-gyrate-after-u-s-feds-interest-rate-decision","publishDate":"2022-09-21T15:20:54","id":1049,"type":null,"title":"Bitcoin price, equity markets gyrate after U.S. Fed&#x27;s interest rate decision","category":["Bitcoin"],"content":["Crypto markets fell on Wednesday following the U.S. Federal Reserve's <a href=\"https:\/\/www.theblock.co\/post\/171658\/us-federal-reserve-hikes-interest-rates-by-tk-basis-points\" data-v-f87c67ca=\"\">decision<\/a> to increase interest rates by 75 basis points.&nbsp;","Bitcoin was trading at $19,510 on Coinbase, down about over 1% in the last hour, according to <a href=\"https:\/\/www.coinbase.com\/price\/bitcoin\" target=\"_blank\" rel=\"noopener\" data-v-f87c67ca=\"\">data<\/a> from the exchange.","The leading cryptocurrency by market cap appeared to have hit a brick wall at 6:00 pm UTC as the Fed <a href=\"https:\/\/www.federalreserve.gov\/newsevents\/pressreleases\/monetary20220921a.htm\" data-v-f87c67ca=\"\">issued<\/a> its statement. The Fed is committed to taking \"forceful and rapid steps to moderate demand,\" chair Jerome Powell stressed during a press conference following the announcement.","","","Meanwhile, ether behaved much the same way, crashing from about $1,393 to $1,316 directly after the announcement. At the time of writing Ethereum's native token was trading around $1,365.","","","By and large, most cryptocurrencies had a similar reaction following the announcement as digital assets continue to be highly correlated to equities and sensitive to major macroeconomic events.&nbsp;","<iframe frameborder=\"0\" height=\"420\" src=\"https:\/\/www.theblock.co\/data\/crypto-markets\/prices\/btc-pearson-correlation-30d\/embed\" title=\"BTC Pearson Correlation (30D)\" width=\"100%\" data-v-f87c67ca=\"\"><\/iframe>","The Nasdaq composite reacted similarly to the crypto market, plunging from around $11,962 to $11,724, per <a href=\"https:\/\/www.tradingview.com\/chart\/?symbol=NASDAQ%3ANDX\" data-v-f87c67ca=\"\">data<\/a> via TradingView.","At press time, the index was trading back above $11,900.","Elsewhere, the S&amp;P and the Dow Jones industrial index reacted similarly to the news, before recovering back above daily lows.&nbsp;"],"hashtag":["BITCOIN","FEDERAL RESERVE","JEROME POWELL"]}