{"summary":"Stars Arena faced a critical vulnerability that posed a risk to funds locked in its smart contract.","author":["Vishal Chawla","The Block"],"webName":"theblock.co","link":"https:\/\/www.theblock.co\/post\/254926\/stars-arena-faces-vulnerability-that-can-potentially-let-users-drain-funds","publishDate":"2023-10-05T09:17:41","id":1053,"type":null,"title":"Stars Arena faces vulnerability that can potentially let users drain funds","category":["Crypto Ecosystems"],"content":["<em data-v-f87c67ca=\"\"><strong data-v-f87c67ca=\"\">Update:<\/strong> The vulnerability has been addressed and resolved by Stars Arena, the team <a href=\"https:\/\/twitter.com\/starsarenacom\/status\/1709934535570608172\" data-v-f87c67ca=\"\">announced<\/a> on X.<\/em>","Avalanche-based social protocol Stars Arena was reportedly exposed to a critical vulnerability that could enable anyone to drain Avax coins from the project's <a href=\"https:\/\/snowtrace.io\/address\/0xa481b139a1a654ca19d2074f174f17d7534e8cec\" data-v-f87c67ca=\"\">smart contract<\/a>.","This security vulnerability threatened over $1 million of the value locked in its smart contract. The funds in the contract could be drained due to a faulty getPrice() function, which let hackers to call the contract and transfer small amount of funds to their wallets, as first <a href=\"https:\/\/twitter.com\/0xlilitch\/status\/1709885464209973549\" data-v-f87c67ca=\"\">noted<\/a> by an analyst named lilitch.eth on X. The Block Research was able to confirm the vulnerability.","Despite the existence of this vulnerability, the high transaction fees on the network served as a deterrent for malicious hackers, as they needed to invoke the contract multiple times to drain the funds. Consequently, attempting to extract funds from the protocol appeared to not be profitable.","The estimated outflow of funds during the incident was $2000, <a href=\"https:\/\/twitter.com\/el33th4xor\/status\/1709923165919387999\" data-v-f87c67ca=\"\">according to<\/a> Avalanche co-founder Emin Gün Sirer.","Introduced in September, Stars Arena is a social protocol inspired by FriendTech. Within merely two weeks of its launch, the TVL of Stars Arena surpassed $1 million, leading to a significant <a href=\"https:\/\/www.theblock.co\/post\/254788\/friendtech-rival-stars-arena-fuels-avalanche-transaction-surge?utm_source=twitter&amp;utm_medium=social\" data-v-f87c67ca=\"\">surge<\/a> in on-chain transactions on the Avalanche network.","Stars Arena enables users to connect their Twitter accounts, facilitating the purchase or sale of profile tokens of other users with Avalanche\u2019s native currency, AVAX. The app automatically creates a wallet for users, enabling them to deposit Avax and start using the service.","<em data-v-f87c67ca=\"\">This story has been updated with additional information.<\/em>"],"hashtag":["AVALANCHE"]}