{"summary":"Coinbase has joined the list of Fortune 500 companies for 2022.\nBusiness magazine Fortune ranked companies based on their 2021 fiscal year revenues for the list.","author":["Yogita Khatri","The Block"],"webName":"theblock.co","link":"https:\/\/www.theblock.co\/post\/148404\/coinbase-fortune-500-first-crypto-company","publishDate":"2022-05-24T05:16:37","id":1065,"type":null,"title":"Coinbase becomes the first crypto company to enter the Fortune 500 list","category":["Exchanges"],"content":["Exchange operator Coinbase has become the first crypto company to make the Fortune 500 cut \u2014 an annual list of America's largest corporations by revenue \u2014 ranking at 437.","The move comes despite Coinbase's current struggles induced by bearish market conditions. This is because Fortune has ranked companies for its 2022 list based on their 2021 revenues.","The <a href=\"https:\/\/www.prnewswire.com\/news-releases\/fortune-announces-2022-fortune-500-list-301552608.html\" data-v-f87c67ca=\"\">revenue threshold<\/a> for the 2022 Fortune 500 list was $6.4 billion, up 19% from last year's limit, Fortune Media announced on Monday. Coinbase's <a href=\"https:\/\/fortune.com\/company\/coinbase\/fortune500\/\" data-v-f87c67ca=\"\">2021 revenue<\/a> was $7.8 billion, according to Fortune.","But this year so far hasn't been as rosy for Coinbase, with the company <a href=\"https:\/\/www.theblockcrypto.com\/post\/146161\/coinbase-q1-2022-earnings-revenue\" data-v-f87c67ca=\"\">posting<\/a> net revenue of $1.16 billion and a net loss of $430 million for the first quarter. For comparison, Coinbase's net revenue for the fourth quarter of last year was $2.49 billion.","<iframe frameborder=\"0\" height=\"420\" src=\"https:\/\/www.theblock.co\/data\/crypto-markets\/public-companies\/coinbase-revenue\/embed\" title=\"Coinbase's Revenue\" width=\"100%\" data-v-f87c67ca=\"\"><\/iframe>","As crypto prices have plunged in the past six months, trading volumes have dropped across exchanges. Mizuho Securities recently <a href=\"https:\/\/www.barrons.com\/articles\/coinbase-global-stock-cryptocurrency-51651681183\" data-v-f87c67ca=\"\">lowered<\/a> its estimates for Coinbase's full-year 2022 revenue to $5.6 billion from $6.7 billion due to a \"crypto winter,\" according to a Barron's report.","Amid the market slump, Coinbase's shares are trading near all-time lows at $66. They fell as low as $40 earlier this month, down 88% from their debut at over $328.&nbsp;","Coinbase's president and chief operating officer, Emilie Choi, recently <a href=\"https:\/\/www.theblockcrypto.com\/linked\/147266\/coinbase-slows-hiring-to-help-weather-market-downturn\" data-v-f87c67ca=\"\">said<\/a> the company will slow hiring in response to turbulent market conditions.","\"Heading into this year, we planned to triple the size of the company. Given current market conditions, we feel it's prudent to slow hiring and reassess our headcount needs against our highest-priority business goals,\" she said.&nbsp;","Choi reassured that Coinbase is \"in a strong position\" and has a \"solid balance sheet.\" She further said that Coinbase has been through several market downturns and has emerged stronger every time.&nbsp;&nbsp;","It will be interesting to watch whether Coinbase makes the cut to Fortune's 2023 list. Fortune magazine has been putting out a list of top revenue-generating companies since 1955. US retailer Walmart has been in the number one spot for the last ten consecutive years."],"hashtag":["COINBASE"]}