{"summary":"The French National Assembly voted in favor of an amendment that would ban influencers from promoting crypto assets which have not been licensed by financial regulators. As of the time of the vote, no digital assets have been licensed in France. \nThe changing regulatory landscape over the coming years may ease the proposed rules.","author":["Inbar Preiss","The Block"],"webName":"theblock.co","link":"https:\/\/www.theblock.co\/post\/222011\/french-influencers-may-be-banned-from-endorsing-unlicensed-crypto","publishDate":"2023-03-22T13:06:49","id":1069,"type":null,"title":"French influencers may be banned from endorsing unlicensed crypto","category":["Regulation"],"content":["<span data-v-f87c67ca=\"\">Policymakers in the French National Assembly voted in favor of an <a href=\"https:\/\/www.assemblee-nationale.fr\/dyn\/16\/amendements\/0790\/CION-ECO\/CE48\" target=\"_blank\" rel=\"noopener\" data-v-f87c67ca=\"\">amendment<\/a> that would ban influencers from promoting crypto assets which haven\u2019t received a stamp of approval from government regulators.<\/span>","<span data-v-f87c67ca=\"\">Since no company currently holds a Financial Monetary Authority license - which is currently optional \u2014 influencers in France are essentially not allowed to endorse any digital asset. Those who violate the rules could face a two-year prison sentence as well as a fine of <\/span><span data-v-f87c67ca=\"\">\u20AC<\/span><span data-v-f87c67ca=\"\">30,000 ($32,000).&nbsp;<\/span>","<span data-v-f87c67ca=\"\">French lawmakers approved the amendment in a bill addressing scams coming from influencers on social networks. Alongside crypto, the ban was also placed on gambling and certain pharmaceutical products and procedures.<\/span>","<span data-v-f87c67ca=\"\">The move comes as celebrity endorsements of digital assets have caught the attention of regulators around the world. In the U.S., the Securities and Exchange Commission <\/span><a href=\"https:\/\/www.theblock.co\/post\/175426\/kim-kardashians-sec-settlement-could-complicate-her-other-crypto-case\" target=\"_blank\" rel=\"noopener\" data-v-f87c67ca=\"\"><span data-v-f87c67ca=\"\">targeted<\/span><\/a><span data-v-f87c67ca=\"\"> Kim Kardashian over an ad endorsing the token belonging to EthereumMax in a case that was settled with a $1.3 million fine last October.<\/span>","<span data-v-f87c67ca=\"\">A lawsuit last week <\/span><a href=\"https:\/\/www.theblock.co\/post\/220598\/new-lawsuit-accuses-social-media-youtube-influencers-of-hyping-ftx-without-proper-disclosure\" target=\"_blank\" rel=\"noopener\" data-v-f87c67ca=\"\"><span data-v-f87c67ca=\"\">claimed<\/span><\/a><span data-v-f87c67ca=\"\"> a group of social media influencers promoted fallen crypto exchange FTX to their followers without disclosure of compensation.<\/span>","<span data-v-f87c67ca=\"\">In France, crypto firms currently have two options to become regulated \u2014 the first being registration and the second a hard-to-attain license. While major players like Binance, Societe Generale and, most recently, Circle have registered with the AMF, not a single firm has gained the license.<\/span>","<span data-v-f87c67ca=\"\"><a href=\"https:\/\/www.theblock.co\/post\/215461\/france-passes-new-crypto-registration-rules\" target=\"_blank\" rel=\"noopener\" data-v-f87c67ca=\"\">New rules<\/a> are set to come into effect in January 2024, tiering up the registration requirements for new firms. These requirements will bridge over into the European Union\u2019s Markets in Crypto-Assets regulation, which is expected to come into force later in 2024, but give firms additional time to transition.&nbsp;<\/span>","<span data-v-f87c67ca=\"\">MiCA offers a passporting regime, meaning that a company licensed in one EU country can extend its services to any of the others in the 27-nation bloc. This regime may ease the implications of the ban on influencer\u2019s crypto ads in the coming years.<\/span>"],"hashtag":[]}