{"summary":"NextBlock settled a proceeding brought by the SEC\nNextBlock falsely claimed it had advisors as part of its team during fundraising efforts\nThe news that the advisors were not members of the NextBlock team broke during a fundraising round\nThe company shut down the fundraising round and began returning investor funds ","author":["Nelson Rosario","The Block"],"webName":"theblock.co","link":"https:\/\/www.theblock.co\/post\/23808\/nextblock-triggered-sec-proceedings-during-funding-efforts","publishDate":"2019-05-18T09:45:42","id":1073,"type":null,"title":"NextBlock triggered SEC proceedings during funding efforts","category":["Legal"],"content":["<em data-v-f87c67ca=\"\">Disclaimer: These summaries are provided for educational purposes only by <a href=\"https:\/\/twitter.com\/NelsonMRosario\" target=\"_blank\" rel=\"noopener noreferrer\" data-v-f87c67ca=\"\">Nelson Rosario<\/a> and <a href=\"https:\/\/twitter.com\/stephendpalley\" data-v-f87c67ca=\"\">Stephen Palley<\/a>. They are not legal advice. These are our opinions only, aren\u2019t authorized by any past, present or future client or employer. Also we might change our minds. We contain multitudes.<\/em>","As always, Rosario summaries are \u201CNMR\u201D and Palley summaries are \u201CSDP\".","<a class=\"markup--anchor markup--p-anchor\" href=\"https:\/\/www.sec.gov\/litigation\/admin\/2019\/33-10638.pdf\" target=\"_blank\" rel=\"nofollow noopener noreferrer\" data-href=\"https:\/\/www.sec.gov\/litigation\/admin\/2019\/33-10638.pdf\" data-v-f87c67ca=\"\">Link to order<\/a>","This order concerns the settlement of an administrative proceeding that the SEC brought against NextBlock Global Ltd. and Alex Tapscott. If you are familiar with the world of blockchain thought leadership then you should be familiar with the name Tapscott, that\u2019s because Alex Tapscott is Don Tapscott\u2019s son and together they wrote a book called <em data-v-f87c67ca=\"\">Blockchain Revolution,<\/em> published in 2016. The Tapscotts are prolific and prominent influencers in the corporate blockchain world, so this settlement is certainly notable because of the players involved.","NextBlock was a blockchain-focused investment fund founded in Canada in June of 2017 by Tapscott (Alex) and three others. NextBlock began fundraising taking in investments in Canada, the US, and elsewhere. In fact, NextBlock filed for a Form D exemption with the SEC on Aug. 11, 2017. Some may recall what happened next.","It turned out that as part of their fundraising efforts the NextBlock team claimed that they had four prominent blockchain advisors as part of their team. Spoiler alert: said advisors were not in fact advisors for NextBlock. Oops. News of this came out in November of 2017, which led to uhh, interesting discussions on CryptoTwitter. This news broke in the middle of a second fundraising round for NextBlock. To the team's credit, they shut down the fundraising round and began the process of winding up the company in Canada and returning investor funds.","What exactly did NextBlock do that caused the SEC to initiate the proceedings? Well, you can\u2019t claim you have advisors that aren\u2019t actually advisors, because that is a \u201C[violation] of Section 17(a)(2) of the Securities Act, which prohibits any person in the offer or sale of securities from obtaining money or property by means of any untrue statement of material fact or any omission to state a material fact necessary in order to make the statements made not misleading.\u201D With the issuing of this order the SEC, NextBlock, and Tapscott all agree that these violations occurred, and Tapscott will pay a $25,000 civil fine.","One thing that is worth keeping in mind is that (in the case of any order like this one) investors could still theoretically bring a lawsuit against NextBlock and Tapscott \u201Cbased on substantially the same facts as alleged in the Order instituted by the Commission in this proceeding.\u201D According to <a href=\"https:\/\/osc.gov.on.ca\/documents\/en\/Proceedings-SET\/set_20190409_nextblock-global.pdf\" target=\"_blank\" rel=\"noopener noreferrer\" data-v-f87c67ca=\"\">findings in a parallel proceeding<\/a>&nbsp;by Canadian securities regulators, this was not an unprofitable venture for investors, so that may be unlikely in this case. Still, it\u2019s worth noting that if you violate securities laws by making material misstatements of fact you can still be subject to an SEC smack down even if your investors didn\u2019t lose any money.","<em data-v-f87c67ca=\"\">The Block is pleased to bring you expert cryptocurrency legal analysis courtesy of Stephen Palley&nbsp;(<a href=\"https:\/\/twitter.com\/stephendpalley\" data-v-f87c67ca=\"\">@stephendpalley<\/a>) and Nelson M. Rosario&nbsp;(<a href=\"https:\/\/twitter.com\/NelsonMRosario\" target=\"_blank\" rel=\"noopener noreferrer\" data-v-f87c67ca=\"\">@nelsonmrosario<\/a>). They summarize three cryptocurrency-related cases on a weekly basis and have given The Block permission to republish their commentary and analysis in full. Part II of this week's analysis, Crypto Caselaw Minute, is above.<\/em>"],"hashtag":["SEC"]}