{"summary":"Crypto custodian Copper.co has raised $8 million in Series A funding\nTarget Global, MMC Ventures and LocalGlobe injected the fresh capital \nCopper looks to expand its commercial team and launch new products for institutional clients","author":["Yogita Khatri","The Block"],"webName":"theblock.co","link":"https:\/\/www.theblock.co\/post\/56183\/crypto-custodian-copper-raises-8m-series-a-to-expand-globally","publishDate":"2020-02-17T08:05:20","id":1136,"type":null,"title":"Crypto custodian Copper raises $8M Series A to expand globally ","category":["Investments"],"content":["London-based crypto custodian Copper.co has raised $8 million in Series A funding round to expand globally, including North America and Asia.","The round saw participation from Target Global, MMC Ventures and LocalGlobe, according to an <a href=\"https:\/\/copper.co\/insights\/copper-co-raises-8m-to-expand-globally\" data-v-f87c67ca=\"\">announcement<\/a> published Monday. Notably, Copper is MMC Ventures\u2019 \"first investment\" in the crypto and blockchain space.","With the fresh capital in place, Copper looks to expand its commercial team and launch new products for institutional clients. The firm currently offers multi-signature custody and prime brokerage services to various funds, financial institutions, and high-net-worth private traders.","Copper said it uses a <a href=\"https:\/\/copper.co\/walled-garden\" data-v-f87c67ca=\"\">Walled Garden<\/a> setup for its custody solution, which gives clients access to trading facilities without taking crypto out of its custody. \u201COur Walled Garden and Prime Brokerage infrastructure truly looks after the security and trading needs of institutions, regardless of their investment strategies and goals. We are seeing volumes increase as our clients see the advantage of our prime brokerage solution, which allows them to make transactions across many trading venues securely and efficiently,\" said Dmitry Tokarev, founder and CEO of Copper.","The firm said its Walled Garden now covers 96% of global crypto liquidity and is seeing over £500 million [~$650 million] in transactions each month \u2013 \"with that figure growing steadily.\"","Mike Lobanov, a general partner at Target Global, said Copper\u2019s Walled Garden allows \u201Csecure and instant trades across different exchanges, which is a fundamental breakthrough in the market.\u201D Walled Garden <a href=\"https:\/\/help.copper.co\/en\/articles\/3675739-what-exchanges-are-supported-in-the-walled-garden\" data-v-f87c67ca=\"\">currently supports<\/a> 15 crypto exchanges, including Binance and Coinbase.","Founded in 2018, Copper\u2019s total funding to date now stands at $9.3 million. The firm has previously secured $1.3 million in a seed round to build out its prime brokerage and custodian services.","Last month, Copper was <a href=\"https:\/\/www.theblockcrypto.com\/linked\/52971\/fidelity-digital-assets-to-provide-custody-for-london-based-nickel-digital-asset-management\" data-v-f87c67ca=\"\">selected<\/a> to provide prime brokerage services for a fund created by Nickel Digital Asset Management, while Fidelity Digital Assets was selected as the custodian for the fund."],"hashtag":["SERIES A"]}