{"summary":"Proof Group is familiar with the crypto sector and was part of the Fahrenheit Group, a consortium of firms including hedge fund Arrington Capital, that made the winning bid to acquire bankrupt crypto lender Celsius\u2019 assets in May. \nLawyers have said a stalking horse bid, a term for an initial offer for the assets of a bankrupt company, will likely be announced mid-December. \n\n ","author":["Sarah Wynn","The Block"],"webName":"theblock.co","link":"https:\/\/www.theblock.co\/post\/261821\/proof-group-one-of-potential-bidders-to-relaunch-ftx-reports","publishDate":"2023-11-06T17:28:28","id":1157,"type":null,"title":"Proof Group one of potential bidders to relaunch FTX: reports","category":["Companies"],"content":["<span class=\"s1\" data-v-f87c67ca=\"\">Investment firm Proof Group is one of three bidders looking to revive bankrupt crypto exchange FTX, according to multiple reports citing people familiar with the matter.<\/span>","<span class=\"s1\" data-v-f87c67ca=\"\">The investment firm is familiar with the crypto sector and was part of the Fahrenheit Group, a consortium of firms including hedge fund Arrington Capital, that made the winning bid to acquire bankrupt crypto lender Celsius' assets in <a href=\"https:\/\/www.theblock.co\/post\/252871\/celsius-creditors-vote-in-favor-of-reorganization-plan\" data-v-f87c67ca=\"\"><span class=\"s2\" data-v-f87c67ca=\"\">May<\/span><\/a>.&nbsp;<\/span>","<span class=\"s2\" data-v-f87c67ca=\"\"><a href=\"https:\/\/www.coindesk.com\/business\/2023\/11\/06\/celsius-winner-proof-group-is-in-running-to-relaunch-ftx-sources-say\/\" data-v-f87c67ca=\"\">CoinDesk<\/a><\/span><span class=\"s1\" data-v-f87c67ca=\"\"> first reported the news on Proof Group's involvement on Monday. Proof Group has also approached other investors to see if they wanted to join the bid, a person familiar with the situation told <a href=\"https:\/\/www.bloomberg.com\/news\/articles\/2023-11-06\/celsius-co-owners-proof-group-behind-potential-bid-to-relaunch-crypto-s-ftx\" data-v-f87c67ca=\"\"><span class=\"s2\" data-v-f87c67ca=\"\">Bloomberg News.<\/span><\/a>&nbsp;<\/span>","<span class=\"s1\" data-v-f87c67ca=\"\">Noah Jessop, managing partner of the Proof Group, was previously an advisor for blockchain mining firm Core Scientific and worked at the Libra Association, the group behind Meta's attempt at a stablecoin project, according to his LinkedIn profile. Jessop did not immediately respond to a request for comment.&nbsp;<\/span>","<span class=\"s3\" data-v-f87c67ca=\"\">Lawyers involved with FTX's bankruptcy planning are considering multiple proposals to figure out what's next for the exchange. <\/span><span class=\"s1\" data-v-f87c67ca=\"\">Kevin Cofsky, partner at investment bank Perella Weinberg Partners \u2014 which is tasked with exploring restructuring and capital market opportunities for FTX Group \u2014 told the <a href=\"https:\/\/www.theblock.co\/post\/259276\/ftx-considers-multiple-proposals-almost-a-year-after-filing-for-bankruptcy\" data-v-f87c67ca=\"\"><span class=\"s2\" data-v-f87c67ca=\"\">court<\/span><\/a> last month that the exchange is considering multiple proposals.<\/span>","<span class=\"s1\" data-v-f87c67ca=\"\">\"We have been engaging in an outreach process with a number of interested parties to either acquire the legacy exchange assets and\/or to partner with the debtors in connection with a launch of&nbsp; the exchange,\" Cofsky said. \"We've been evaluating that process relative to the potential to reorganize the assets on a standalone basis.\"&nbsp;<\/span>","Cofsky also said last month that a stalking horse bid, a term for an initial offer on the assets of a bankrupt company, will likely be announced mid-December.&nbsp;","<span class=\"s1\" data-v-f87c67ca=\"\">FTX was formerly run by Sam Bankman-Fried, who was <a href=\"https:\/\/www.theblock.co\/post\/261240\/sam-bankman-fried-convicted-on-all-counts-report\" data-v-f87c67ca=\"\"><span class=\"s2\" data-v-f87c67ca=\"\">convicted<\/span><\/a> last week of defrauding customers, lenders and FTX investors. His sentencing is scheduled for March.&nbsp;<\/span>"],"hashtag":["FTX"]}