{"summary":"Sam Bankman-Fried wants to use an FTX insurance policy to cover his legal bills.\nIf the court grants his request, it could land the former billionaire a payout before FTX creditors receive any cash.","author":["Stephanie Murray","The Block"],"webName":"theblock.co","link":"https:\/\/www.theblock.co\/post\/220211\/sam-bankman-fried-wants-ftx-to-prioritize-covering-his-legal-bills","publishDate":"2023-03-15T12:54:57","id":1182,"type":null,"title":"Sam Bankman-Fried wants FTX to prioritize covering his legal bills","category":["Exchanges"],"content":["Former FTX CEO Sam Bankman-Fried wants to use the crypto exchange\u2019s director and officer liability insurance to pay his legal bills, his lawyers said in a court filing on Wednesday.","If the court approves Bankman-Fried\u2019s request, it would effectively put the former billionaire at the front of the line for an FTX payout \u2014 ahead of the FTX creditors, a move that his company's new leadership has so far resisted.&nbsp;","Bankman-Fried is facing a litany of criminal charges for his alleged wrongdoing at FTX, the crypto exchange he founded. The former billionaire is awaiting an October trial and could spend the rest of his life in jail if he\u2019s convicted on all charges.<span class=\"Apple-converted-space\" data-v-f87c67ca=\"\">&nbsp;<\/span>","<span class=\"s1\" data-v-f87c67ca=\"\">Experts have <a href=\"https:\/\/www.theblock.co\/post\/201323\/unemployed-and-under-house-arrest-sam-bankman-fried-faces-enormous-legal-bills\" data-v-f87c67ca=\"\"><span class=\"s2\" data-v-f87c67ca=\"\">said<\/span><\/a> Bankman-Fried\u2019s legal defense could cost millions of dollars.<span class=\"Apple-converted-space\" data-v-f87c67ca=\"\">&nbsp;<\/span><\/span>","Bankman-Fried seeks a court order in the FTX bankruptcy case that would allow him to access funds through the company\u2019s director and officer insurance plan for \u201Cthe reimbursement and payment of his defense costs.\u201D<span class=\"Apple-converted-space\" data-v-f87c67ca=\"\">&nbsp;<\/span>","Director and officer liability insurance typically protects the executives of a company in the event that they are the target of a lawsuit. Bankman-Fried wants to access corporate insurance policies FTX held with Relm Insurance and Beazley Insurance.<span class=\"Apple-converted-space\" data-v-f87c67ca=\"\">&nbsp;<\/span>","Bankman-Fried asked FTX to agree that the insurance policy \u201Cprovides priority of payment to individual insureds with un-indemnified loss like Mr. Bankman-Fried.\u201D FTX\u2019s new leadership has not agreed to Bankman-Fried\u2019s request, prompting him to request a judge make them do so. <span class=\"Apple-converted-space\" data-v-f87c67ca=\"\">&nbsp;<\/span>","<i data-v-f87c67ca=\"\">Disclaimer: The former CEO and majority shareholder of The Block has disclosed a series of loans from former FTX and Alameda founder Sam Bankman-Fried.<\/i>"],"hashtag":["BANKRUPTCY FILINGS","COURT HEARINGS","FTX","LAWSUITS","SAM BANKMAN-FRIED"]}