{"summary":"Foundation, an Ethereum-based art marketplace, launched today\nThe startup was founded by former Dharma and Harbor team members\nThe first sale includes T-shirts and surprise boxes designed by one of Foundation\u2019s co-founders ","author":["Celia Wan","The Block"],"webName":"theblock.co","link":"https:\/\/www.theblock.co\/post\/66363\/former-dharma-and-harbor-employees-launch-ethereum-based-art-marketplace","publishDate":"2020-05-27T11:00:51","id":119,"type":null,"title":"Former Dharma and Harbor employees launch Ethereum-based art marketplace","category":["The Block"],"content":["<span data-v-f87c67ca=\"\">Just two weeks after <a href=\"https:\/\/www.theblockcrypto.com\/post\/15704\/carbon-and-aztec-protocol-partner-to-bring-a-privacy-stablecoin-to-ethereum\" data-v-f87c67ca=\"\">Ethereum-based<\/a> marketplace Zora created a sensation in the crypto community with its tokenized <a href=\"https:\/\/www.theblockcrypto.com\/post\/64760\/ethereum-tokenized-cassette-dj-rac-zora-grammy\" data-v-f87c67ca=\"\">cassette tapes<\/a>, a similar company, called Foundation, has now launched its own art market.&nbsp;<\/span>","<span data-v-f87c67ca=\"\">Like Zora, Foundation helps artists issue ERC-20 tokens that represent their works. Users purchasing the tokens can either redeem them later to receive the items, or trade them on the secondary market. Artists can also benefit from this trading process by collecting the transaction fee that the platform charges for each trade.<\/span>","<span data-v-f87c67ca=\"\">Foundation\u2019s first sale will be for a new clothing label, Neue Goods, which was created by co-founder Matthew Vernon. A total of six items will be for sale, including three T-shirts and three \"mystery items\" that will be revealed in the future. The company also has several designers lined up for future sales, including internet artist Addie Wagenknecht, 80\u2019s-style webpage radio station <\/span><a href=\"https:\/\/www.theverge.com\/2019\/7\/26\/8931651\/poolside-fm-website-retro-summer-80s-soundcloud-playlist\" data-v-f87c67ca=\"\"><span data-v-f87c67ca=\"\">Poolside.FM<\/span><\/a><span data-v-f87c67ca=\"\">&nbsp;and furniture designer Studio Zollo.<\/span>","<span data-v-f87c67ca=\"\">The San Francisco startup is led by Vernon along with Kayvon Tehranian and Elpizo Choi. Vernon and Tehranian previously worked at <a href=\"https:\/\/www.theblockcrypto.com\/post\/2290\/a-bitcoin-backed-ethereum-token-is-coming-to-market-in-2019-and-it-could-help-a-struggling-corner-of-the-crypto-market\" data-v-f87c67ca=\"\">Ethereum-based<\/a> lending platform Dharma while Choi was a software engineer at security token startup Harbor. \u201CWe are merging these crypto and cultural realms,\" Tehranian told The Block.<\/span>","<span data-v-f87c67ca=\"\">\"If you look at our creators, they are not crypto creators,\" he said. \"They are very established outside of the crypto realm, and they are coming into crypto to see what this new technology can do for them.\u201D&nbsp;<\/span>","<span data-v-f87c67ca=\"\">While Zora currently lists its tokens on the <a href=\"https:\/\/www.theblockcrypto.com\/post\/38552\/ethereum-margin-trading-exchange-dydx-launches-limit-orders-and-native-eth-dai-market\" data-v-f87c67ca=\"\">Ethereum-based<\/a> decentralized exchange Uniswap, Foundation has opted to develop its own protocol in order to make the pricing model more customized to art sales.&nbsp;<\/span>","<span data-v-f87c67ca=\"\">Like Uniswap, Foundation uses a price curve to define the relationship between item supply and its price. However, designers on Foundation can also set the minimum and maximum prices for their sales. Often the last few items of a sale on Uniswap have extremely high prices and are less likely to find buyers, but this feature is supposed to address that problem.<\/span>","<span data-v-f87c67ca=\"\">\u201C[Foundation\u2019s protocol] is inspired by Uniswap, but focuses on the use case of redeemable tokens issued by creators,\u201D said Tehranian.&nbsp;<\/span>"],"hashtag":["DAI","ETHEREUM"]}