{"summary":"Bakkt says it will launch its physically-delivered bitcoin futures product in September \u2013 months after its initial planned deadline\nThe upcoming exchange has received a trust charter from New York regulators, meaning it will be a qualified custodian and can store the bitcoin underpinning its futures contract","author":["Isabel Woodford","The Block"],"webName":"theblock.co","link":"https:\/\/www.theblock.co\/post\/36357\/bakkt-confirms-september-launch-date","publishDate":"2019-08-16T11:18:19","id":1198,"type":null,"title":"Bakkt confirms September launch date","category":["Exchanges"],"content":["Bakkt has <a href=\"https:\/\/medium.com\/bakkt-blog\/cleared-to-launch-8dfc3e6f9ed0\" data-v-f87c67ca=\"\">announced<\/a> it will debut its long-awaited bitcoin futures and warehouse product to institutional clients on September 23, a&nbsp;welcomed update after the firm announced a<a href=\"https:\/\/www.theblockcrypto.com\/tiny\/bakkt-might-not-get-the-necessary-approvals-to-meet-its-target-launch-date-in-january-2019\/\" data-v-f87c67ca=\"\"> series of delays<\/a> last year.","Bakkt, a venture that's backed by Intercontinental Exchange (ICE), <a href=\"https:\/\/www.theblockcrypto.com\/tiny\/bakkt-is-launching-bitcoin-futures-contracts-to-be-listed-on-federally-regulated-futures-exchanges\/\" data-v-f87c67ca=\"\">began&nbsp;testing<\/a> its bitcoin futures contracts in July but until now has been unable to fully launch because of the final roadblock of getting a <a href=\"https:\/\/www.theblockcrypto.com\/2019\/05\/07\/crypto-dad-is-leaving-the-cftc-is-still-writing-the-rules-and-applicants-fall-short-d-c-sources-on-whats-holding-up-the-hottest-licenses\/\" data-v-f87c67ca=\"\">trust license<\/a> from the New York Department of Financial Services (NYDFS).","This license will allow it to compliantly build its own custody solution for the futures contracts, dubbed the Bakkt Warehouse. For good measure, Bakkt also decided to seek regulatory approval from the U.S. Commodity Futures Trading Commission (CFTC). [related id=\"1\"]&nbsp;","\"Our contracts have already received the&nbsp;<a class=\"dh ca ma mb mc md\" href=\"https:\/\/sirt.cftc.gov\/sirt\/sirt.aspx?Topic=TradingOrganizationProducts&amp;implicit=true&amp;Status=Certified&amp;CustomColumnDisplay=TTTTTTTTT\" target=\"_blank\" rel=\"noopener noreferrer\" data-v-f87c67ca=\"\">green light from the CFTC<\/a>&nbsp;through the self-certification process and user acceptance testing has begun. With&nbsp;<a class=\"dh ca ma mb mc md\" href=\"https:\/\/www.dfs.ny.gov\/reports_and_publications\/press_releases\" target=\"_blank\" rel=\"noopener noreferrer\" data-v-f87c67ca=\"\">approval<\/a> by the New York State Department of Financial Services to create Bakkt Trust Company, a qualified custodian, the Bakkt Warehouse will custody bitcoin for physically delivered futures,\" Bakkt CEO Kelly Loeffler announced in a Medium post Friday.","As reported by<a href=\"https:\/\/www.theblockcrypto.com\/2019\/07\/26\/bakkt-is-eyeing-a-launch-in-q3-but-part-of-its-plan-is-risky-sources-say\/\" data-v-f87c67ca=\"\"> The Block<\/a> last month, Bakkt has been gearing up for a Q3 launch date for its two products; a daily settlement bitcoin future that allows customers to trade in a same-day market, and a monthly-futures contract.","Bakkt was originally meant to launch its physically-delivered future products on <a href=\"https:\/\/www.theblockcrypto.com\/2018\/11\/20\/bakkt-has-pushed-back-its-bitcoin-futures-launch-to-2019-but-phase-two-is-still-on-track\/\" data-v-f87c67ca=\"\">December 12th 2018,<\/a> and then postponed the launch again in January 2019.","The exchange raised $182.5 million last year, pitching a futures trading platform geared at institutions. The yet-to-launch crypto venue was being valued at around $740 million following its Series A funding round,<a href=\"https:\/\/www.theblockcrypto.com\/2019\/03\/21\/bakkt-raises-series-a-at-valuation-topping-700-million\/\" data-v-f87c67ca=\"\"> The Block reported<\/a> earlier this year.","Most recently, Bakkt&nbsp;<a class=\"markup--anchor markup--p-anchor\" href=\"https:\/\/www.theblockcrypto.com\/2019\/01\/14\/were-not-standing-still-bakkt-announces-acquisition-of-assets-from-commodities-broker\/\" target=\"_blank\" rel=\"noopener noreferrer\" data-href=\"https:\/\/www.theblockcrypto.com\/2019\/01\/14\/were-not-standing-still-bakkt-announces-acquisition-of-assets-from-commodities-broker\/\" data-v-f87c67ca=\"\">acquired<\/a> certain assets of Rosenthal Collins Group (RCG), an independent futures commission merchant, bringing additional members onto its ever-growing team. Its leadership includes the former head of Coinbase\u2019s institutional business Adam White, who is the firm's chief operating officer.","Bakkt is not the only firm to have faced regulatory hiccups in the race to launch physically-delivered bitcoin futures in the US. The space was rocked earlier this month by the news that cryptocurrency derivatives provider LedgerX <a href=\"https:\/\/www.theblockcrypto.com\/2019\/08\/01\/actually-ledgerx-might-not-have-launched-physically-settled-bitcoin-futures-contracts-after-all\/\" data-v-f87c67ca=\"\">had not in fact<\/a> beaten Bakkt to the mark, despite tweeting that it had launched its own physically delivered futures. Several outlets, including The Block, had reported that LedgerX had launched its retail trading platform <a href=\"https:\/\/www.coindesk.com\/beating-bakkt-ledgerx-is-first-to-launch-physical-bitcoin-futures-in-us\" target=\"_blank\" rel=\"noopener noreferrer\" data-v-f87c67ca=\"\">supporting<\/a> the futures contracts. However, the primary U.S. derivatives regulator later told The Block that wouldn't be the case since LedgerX still lacks approval to do so.&nbsp;","Exchanges ErisX and <a href=\"https:\/\/www.theblockcrypto.com\/2019\/08\/13\/seed-cx-begins-testing-physically-settled-bitcoin-margined-swaps-expects-to-go-live-within-the-next-three-months\/\" data-v-f87c67ca=\"\">SeedCX<\/a> are also hot on Bakkt's heels, having scheduled the launch of their own futures products for later this year. Fidelity Digital Assets also <a href=\"https:\/\/www.theblockcrypto.com\/2019\/07\/20\/fidelitys-crypto-arm-has-officially-applied-to-operate-in-new-york-as-a-trust\/\" data-v-f87c67ca=\"\">reportedly<\/a> applied to NYDFS for a Trust license last month, which would allow it to operate its custody business for digital assets in New York.","Bakkt's goal now will be to sign up clients for its launch. However, as <a href=\"https:\/\/www.theblockcrypto.com\/2019\/07\/31\/physically-delivered-bitcoin-future-contracts-are-imminent-but-the-bottleneck-now-lies-with-clients\/\" data-v-f87c67ca=\"\">reported<\/a> by The Block, some of their largest prospective clients still don\u2019t have permission to trade physically-delivered futures contracts."],"hashtag":[]}