{"summary":"NodeKit raised $1.2M in a pre-seed funding round for its Avalanche-based platform, SEQ \u2014 a Layer 1 subnet that aims to enable performant rollup chains.","author":["Vishal Chawla","The Block"],"webName":"theblock.co","link":"https:\/\/www.theblock.co\/post\/267394\/nodekit-pre-seed","publishDate":"2023-12-13T10:05:06","id":1225,"type":null,"title":"NodeKit closes $1.2 million pre-seed round to enable a network of rollups","category":["Crypto Ecosystems"],"content":["NodeKit, the team working on Avalanche-based network SEQ, has raised $1.2M in a pre-seed round&nbsp;led by Borderless Capital, with participation from the Avalanche Blizzard Fund, Polygon Ventures and Wormhole Cross-Chain Ecosystem Fund.","NodeKit is building SEQ, a shared sequencer Layer 1 network that will aid rollup chains in launching and decentralizing their transactional sequencing. SEQ will operate as an individual blockchain or <a href=\"https:\/\/www.theblock.co\/post\/206863\/intain-launches-avalanche-subnet-for-asset-backed-securities\" data-v-f87c67ca=\"\">subnet<\/a> in the Avalanche ecosystem.&nbsp;","Most existing rollup chains in the broader Ethereum ecosystem will be compatible with SEQ in terms of software, including smart contract rollups (such as ZK and optimistic) and frameworks like <a href=\"https:\/\/www.theblock.co\/post\/236277\/optimism-changes-name-to-op-mainnet-in-line-with-superchain-vision\" data-v-f87c67ca=\"\">OP Stack<\/a>. Furthermore, rollups integrating with SEQ will gain cross-chain interoperability with each other.","\u201CNodeKit enables rollups to have seamless interoperability, which unlocks innovative rollup design, empowering on-chain applications to directly compete with centralized off-chain applications,\u201D Noah Pravecek, CEO of NodeKit, stated. \u201CThis enables a new design space for rollups, where they don\u2019t have to choose between decentralization or high user growth.\u201D&nbsp;","SEQ\u2019s design will also support various data availability layers like <a href=\"https:\/\/www.theblock.co\/post\/267170\/celestia-to-integrate-data-availability-layer-with-polygon-cdk\" data-v-f87c67ca=\"\">Celestia<\/a>.","The testnet launch of SEQ is planned for 2024, followed by a mainnet release later.","SEQ is one of the first major projects to be developed using Avalanche\u2019s HyperSDK software toolkit. HyperSDK offers builders customizability while optimizing for custom blockchains built atop Avalanche.","NodeKit marks Avalanche\u2019s entry into the highly competitive and ever-expanding Ethereum Layer 2 niche. Layer 2 sequencers collect fees as users transact, with top Layer 2s like Optimism and Arbitrum generating millions of dollars in total fees in recent months."],"hashtag":["AVALANCHE","DEVELOPER TOOLS","SEED &AMP; PRE-SEED"]}