{"summary":"Celestia founder Mustafa Al-Bassam has spoken about his earlier life as a member of hacker group LulzSec.\nHe described his favorite hack, which took place while on a live radio show.","author":["Tim Copeland","The Block"],"webName":"theblock.co","link":"https:\/\/www.theblock.co\/post\/272698\/celestia-founder-relives-crashing-cia-website-and-hacking-westboro-baptist-church-in-early-years","publishDate":"2024-01-15T12:02:56","id":1356,"type":null,"title":"Celestia founder relives crashing CIA website and hacking Westboro Baptist Church in early years","category":["Crypto Ecosystems"],"content":["<span data-v-f87c67ca=\"\"><span data-v-f87c67ca=\"\"><span data-v-f87c67ca=\"\">Celestia <\/span><span class=\"articleTooltip\" data-v-baf5685a=\"\" data-v-f87c67ca=\"\"><a href=\"\/price\/263078\/celestia-tia-usd\" class=\"articleTooltip__link\" data-v-baf5685a=\"\"><!----> <span class=\"articleTooltip__tokenText\" data-v-baf5685a=\"\">TIA<\/span> <span class=\"articleTooltip__tokenText articleTooltip__tokenText_price articleTooltip__tokenText_positive\" data-v-baf5685a=\"\">\n      +0.12%\n    <\/span><\/a> <!----><\/span><\/span> founder Mustafa Al-Bassam has spoken again about his backstory after posts on X surfaced about his hacking days when he was a teenager.<\/span>","\u201CMy favourite hack was not [the] CIA,\u201D Al-Bassam <a href=\"https:\/\/twitter.com\/musalbas\/status\/1746902609116512531\" data-v-f87c67ca=\"\">said on X<\/a>, but the Westboro Baptist Church, \u201Cwhich we hacked on a live radio show.\u201D He clarified that the CIA event wasn\u2019t a hack but a DDoS attack.","Al-Bassam <a href=\"https:\/\/twitter.com\/musalbas\/status\/1746910381061050390\" data-v-f87c67ca=\"\">pointed<\/a> his followers to a book about the hacker group Anonymous, which he\u2019s featured in, and <a href=\"https:\/\/twitter.com\/musalbas\/status\/1746917883760783808\" data-v-f87c67ca=\"\">said he was talking<\/a> about his past after other posts had mentioned it.","In a previous interview with <a href=\"https:\/\/www.thisismoney.co.uk\/money\/meandmymoney\/article-3456015\/Hacker-s-guide-safety-online-inside-view-alarming-truth-surrounding-digital-security-protect-finances.html\" data-v-f87c67ca=\"\">This Is Money<\/a>, he has said that the Westboro Baptist Church was his favorite act when he was with the hacker group LulzSec. His second favorite event from his hacking days was his involvement helping activists in Tunisia secure themselves against government surveillance.","When he was just 18 years old, Al-Bassam, and three others, pleaded guilty to multiple cyberattacks, including the CIA, the UK\u2019s Serious Organised Crime Agency, Sony, News International and the NHS, according to <a href=\"https:\/\/www.independent.co.uk\/news\/uk\/crime\/lulzsec-members-admit-cyber-attacks-on-cia-and-serious-organised-crime-agency-8566037.html\" data-v-f87c67ca=\"\">The Independent<\/a>.&nbsp;","Al-Bassam \u2014 who used the alias tFlow \u2014 Jake Davis and Ryan Ackroyd were core members of LulzSec, prosecutors said in a court case in 2013, along with an unnamed fourth hacker, The Independent reported. It was only around for a few months before they were arrested. Many of its followers had made donations using bitcoin.","\u201CAl-Bassam \u2014 tflow \u2014 had experienced firsthand the force of the law knocking at his door, and did so after months of engagement in direct action for causes he believed in,\u201D said Gabriella Coleman in Hacker, Hoaxer, Whistleblower, Spy: The Many Faces of Anonymous.","Celestia is a data availability network that's built in a modular fashion. Its token TIA went live <a href=\"https:\/\/www.theblock.co\/post\/259970\/celestia-mainnet-tia-token\" data-v-f87c67ca=\"\">following an airdrop<\/a> in October 2023 and has <a href=\"https:\/\/www.theblock.co\/price\/263078\/celestia-tia-usd\" data-v-f87c67ca=\"\">appreciated in price<\/a> since then, reaching its current price just shy of $20 \u2014 only a scratch off all-time highs."],"hashtag":["HACKS"]}