{"summary":"PayPal is exploring the launch of a stablecoin, The Block has learned.\nFour sources with knowledge of the situation told The Block that PayPal has made the rounds among some of the industry\u2019s stablecoin protocol developers.\nPayPal announced its foray into crypto services last fall.","author":["Ryan Weeks","The Block"],"webName":"theblock.co","link":"https:\/\/www.theblock.co\/post\/103617\/paypal-has-held-exploratory-talks-about-launching-a-stablecoin-sources","publishDate":"2021-05-03T11:12:42","id":1376,"type":null,"title":"PayPal has held exploratory talks about launching a stablecoin: sources","category":["Stablecoins"],"content":["<span data-v-f87c67ca=\"\">PayPal is exploring the launch of a stablecoin, The Block has learned.<\/span>","<span data-v-f87c67ca=\"\">Four sources with knowledge of the situation told The Block that PayPal has made the rounds among some of the industry\u2019s stablecoin protocol developers \u2014 suggesting the payments giant may be leaning towards working with a third-party company.&nbsp;<\/span>","Ava Labs, the team behind the Avalanche blockchain, is one of the organizations that has held talks with PayPal over stablecoin development, according to people familiar with the matter. It is not clear which other protocols have been involved in the discussions.&nbsp;&nbsp;","<span data-v-f87c67ca=\"\">A PayPal spokesperson told The Block that \u201CPayPal continues to explore the potential of digital currencies, digital financial services infrastructure and how we can help enhance digital commerce as a trusted partner in the space.\u201D &nbsp;<\/span>","<span data-v-f87c67ca=\"\">\u201CAs a global company working with regulators and industry partners throughout the world to shape the next generation of financial systems, the company is in frequent conversation about technologies that enable these goals. However, rumors and speculation are not predictive of the company\u2019s future plans,\u201D the spokesperson said.&nbsp;<\/span>","<span data-v-f87c67ca=\"\">If PayPal did move forward with such a project, it would represent a significant escalation of its work in the crypto space. Stablecoins are digital assets that represent fiat or government-backed currencies, using a blockchain network as a payment rail. There is more than $80 billion in stablecoins circulating in the market today, according to <\/span><a href=\"https:\/\/www.theblockcrypto.com\/data\/decentralized-finance\/stablecoins\/total-stablecoin-supply-daily\" data-v-f87c67ca=\"\"><span data-v-f87c67ca=\"\">data<\/span><\/a><span data-v-f87c67ca=\"\"> collected by The Block.<\/span>","<span data-v-f87c67ca=\"\">\u201CIt looks like they\u2019re more likely to do something with an existing stablecoin partner rather than build something themselves, because I think that that would get something to market faster, and I think that\u2019s their primary concern,\u201D one source told The Block.<\/span>","<span data-v-f87c67ca=\"\">Rumors have <\/span><a href=\"https:\/\/cointelegraph.com\/news\/paypal-might-issue-its-own-cryptocurrency-soon-says-coinshares-exec\" data-v-f87c67ca=\"\"><span data-v-f87c67ca=\"\">long circulated<\/span><\/a><span data-v-f87c67ca=\"\"> regarding PayPal\u2019s stablecoin ambitions. Indeed, one source described the move as the best-known secret in the crypto industry.&nbsp;<\/span>","<span data-v-f87c67ca=\"\">Last fall, PayPal <a href=\"https:\/\/www.theblockcrypto.com\/post\/81794\/paypal-to-enable-crypto-purchases-with-the-help-of-paxos\" target=\"_blank\" rel=\"noopener\" data-v-f87c67ca=\"\">announced<\/a> that it would enable crypto buys and sells on its platform through a partnership with industry startup Paxos. PayPal <a href=\"https:\/\/www.theblockcrypto.com\/linked\/99798\/paypal-now-allows-crypto-spending-millions-merchants\" target=\"_blank\" rel=\"noopener\" data-v-f87c67ca=\"\">has moved<\/a> to widen the scope of its crypto offerings since then.&nbsp;<\/span>","<span data-v-f87c67ca=\"\">On March 8, PayPal announced that it had <\/span><a href=\"https:\/\/newsroom.paypal-corp.com\/2021-03-08-PayPal-to-Acquire-Curv\" data-v-f87c67ca=\"\"><span data-v-f87c67ca=\"\">completed the acquisition<\/span><\/a><span data-v-f87c67ca=\"\"> of crypto security firm and multi-party computation (MPC) start-up Curv.<\/span>"],"hashtag":[]}