{"summary":"The last blocks are ticking away before bitcoin\u2019s third-ever reward halving\nThe Block recaps the event and some of the major threads surrounding the event","author":["Michael McSweeney","The Block"],"webName":"theblock.co","link":"https:\/\/www.theblock.co\/post\/64744\/bitcoin-block-reward-halving-almost-here","publishDate":"2020-05-11T11:22:39","id":1442,"type":null,"title":"Bitcoin&#x27;s third-ever block reward halving is almost here","category":["Bitcoin"],"content":["Bitcoin's third-ever block subsidy halving is about to happen.","As of the time of writing, the most recent block was <a href=\"https:\/\/www.blockchain.com\/btc\/block\/000000000000000000030cc8ab1ce5e6ef968caade459d64d70b35a72e089c6b\" target=\"_blank\" rel=\"noopener noreferrer\" data-v-f87c67ca=\"\">629,973<\/a> \u2013 meaning that there are just twenty-seven blocks of transactions to go until the subsidy falls from 12.5 BTC to 6.25 BTC. Depending on the rate of block production, the halving should occur sometime in the next five to six hours (though things like miner luck and variance could shift the window as well).","As this editor wrote <a href=\"https:\/\/www.theblockcrypto.com\/post\/61762\/the-bitcoin-halving-what-it-is-and-why-it-matters\" target=\"_blank\" rel=\"noopener noreferrer\" data-v-f87c67ca=\"\">in an explainer piece<\/a> back in mid-April, the actual change taking place is a subtly notable one for the network's forward progress:","On that latter point, the pre-halving celebrations are in full swing \u2013 all against the backdrop of CoinDesk's all-virtual Consensus event \u2013 as the transaction blocks tick by. <a href=\"https:\/\/decrypt.co\/28422\/7-best-ways-to-watch-the-bitcoin-halving-2020-live\" target=\"_blank\" rel=\"noopener noreferrer\" data-v-f87c67ca=\"\">Decrypt<\/a> posted a handy list of places to post up and watch the countdown, but there's always the <a href=\"https:\/\/www.blockchain.com\/explorer\" target=\"_blank\" rel=\"noopener noreferrer\" data-v-f87c67ca=\"\">ever-expanding list of blocks<\/a>.","But as we've reported here at The Block, <a href=\"https:\/\/www.theblockresearch.com\/a-brief-look-at-bitcoins-third-halving-61632\" target=\"_blank\" rel=\"noopener noreferrer\" data-v-f87c67ca=\"\">the halving<\/a> itself will likely prove a turning point in a negative sense as well. Smaller operations that sport inefficient gear or <a href=\"https:\/\/www.theblockcrypto.com\/daily\/54853\/china-bitcoin-mining-coronavirus-hardware-delays\" target=\"_blank\" rel=\"noopener noreferrer\" data-v-f87c67ca=\"\">significant debt loads<\/a> are likely to be<a href=\"https:\/\/www.theblockcrypto.com\/daily\/63101\/smaller-bitcoin-miners-likely-wont-survive-after-the-halving\" target=\"_blank\" rel=\"noopener noreferrer\" data-v-f87c67ca=\"\"> swept out<\/a> into the proverbial sea as their revenue is <a href=\"https:\/\/www.theblockcrypto.com\/linked\/61657\/bitcoin-miner-revenue-after-halving\" target=\"_blank\" rel=\"noopener noreferrer\" data-v-f87c67ca=\"\">literally cut in half<\/a>. Miners, generally speaking, make money through block subsidies plus whichever fees are appended to the transactions included in their blocks.","As Chun Wang, co-founder and managing partner of F2Pool, told The Block: \"Often, larger farms have better economies of scale and therefore are able to survive reductions in the mining reward or price volatility.\"","And of course, what would <a href=\"https:\/\/www.theblockcrypto.com\/post\/63593\/what-actually-happens-during-a-bitcoin-halving-technically-speaking-not-much\" target=\"_blank\" rel=\"noopener noreferrer\" data-v-f87c67ca=\"\">a bitcoin halving<\/a> post be without bringing up the oft-mentioned price impact?","The big question appears to be whether the halving <a href=\"https:\/\/www.theblockcrypto.com\/linked\/62839\/is-the-bitcoin-halving-priced-in-the-pandemic-complicates-things-says-gsrs-rich-rosenblum\" target=\"_blank\" rel=\"noopener noreferrer\" data-v-f87c67ca=\"\">is priced in<\/a>. Bitcoin topped $10,000 last week before seeing a rapid plunge down to $8,100, only to jump back up. As of press time, the price of bitcoin is hovering around $8,800.","As The Block's Frank Chaparro reported on May 1, Jefferies global head of equity strategy Chris Wood <a href=\"https:\/\/www.theblockcrypto.com\/post\/63757\/buy-some-bitcoin-ahead-of-the-halving-says-jefferies-head-of-equity-strategy-in-new-note\" target=\"_blank\" rel=\"noopener noreferrer\" data-v-f87c67ca=\"\">suggested<\/a> in a note to investors that they should buy bitcoin ahead of the halving. Woods cited past halvings, which saw price increases months after those respective events."],"hashtag":["BITCOIN"]}