{"summary":"Bitcoin mining stocks were higher on Tuesday.","author":["Catarina Moura","The Block"],"webName":"theblock.co","link":"https:\/\/www.theblock.co\/post\/203045\/bitcoin-mining-report-jan-17","publishDate":"2023-01-17T16:11:16","id":1454,"type":null,"title":"Bitcoin mining report: Jan. 17","category":["Crypto Infrastructure"],"content":["Bitcoin mining stocks tracked by The Block were higher on Tuesday, with 17 gaining and the other two declining.","Bitcoin rose slightly to $21,317 by market close.","Here is a look at how the individual miners performed today:","",""],"hashtag":["MINING COMPANIES"]}