{"summary":"G20 economic leaders aim to develop an agreement on policy for crypto assets to inform global regulation at a meeting with finance and central bank deputies in Bengaluru, India.","author":["Inbar Preiss","The Block"],"webName":"theblock.co","link":"https:\/\/www.theblock.co\/post\/195270\/g20-global-crypto-policy-consensus","publishDate":"2022-12-15T06:04:04","id":1462,"type":null,"title":"G20 looks to develop a global crypto policy consensus: Reuters","category":["Policy"],"content":["<span data-v-f87c67ca=\"\">Representatives at the G20 are looking to develop a streamlined policy agreement for crypto assets to inform global regulation.<\/span>","<span data-v-f87c67ca=\"\">\u201COne of the priorities which have been put on the table is to help countries build a consensus for policy approach to the crypto assets,\" Ajay Seth, India's federal economic affairs secretary, said at a press conference on Wednesday, Reuters <\/span><a href=\"https:\/\/www.reuters.com\/technology\/g20-wants-build-policy-consensus-crypto-assets-2022-12-14\/\" target=\"_blank\" rel=\"noopener\" data-v-f87c67ca=\"\"><span data-v-f87c67ca=\"\">reported<\/span><\/a><span data-v-f87c67ca=\"\">.&nbsp;<\/span>","<span data-v-f87c67ca=\"\">The G20 is holding its first central bank deputies meeting this week in Bengaluru. India took up the presidency of the G20 at the start of December for a one-year term, taking over from Indonesia.<\/span>","<span data-v-f87c67ca=\"\">To inform the consensus on crypto regulation, Seth added that monetary policy, the banking sector and implications of crypto on the economy need to be studied.&nbsp;<\/span>","<span data-v-f87c67ca=\"\">This is not the only global organization stepping up its work on crypto. The <\/span><span data-v-f87c67ca=\"\">Organisation for Economic Co-operation and Development <\/span><span data-v-f87c67ca=\"\"><a href=\"https:\/\/www.theblock.co\/post\/195024\/oecd-calls-for-urgent-policy-action-following-series-of-crypto-firm-implosions\" target=\"_blank\" rel=\"noopener\" data-v-f87c67ca=\"\">released<\/a> a report calling urgent policy action on crypto assets yesterday.<\/span>","<span data-v-f87c67ca=\"\">The collapse of FTX crypto exchange has spurred urgency in regulators around the world to regulate the crypto sector, following what has been <a href=\"https:\/\/www.theblock.co\/post\/194667\/disgraced-former-ftx-ceo-sam-bankman-fried-criminally-indicted\" data-v-f87c67ca=\"\">dubbed<\/a> \u201Cone of the biggest frauds in American history.\u201D<\/span>"],"hashtag":[]}