{"summary":"French asset management firm Napoleon has launched a new, regulated fund tied to CME\u2019s cash-settled bitcoin futures\nLooking ahead, it plans to launch more crypto-related funds \nSergio Gonzalez, director of communication and marketing at Napoleon, told The Block: \u201CWe\u2019re aiming to launch the next fund based on a Long-Only Strategy on bitcoin, around Q1 2020\u201D ","author":["Yogita Khatri","The Block"],"webName":"theblock.co","link":"https:\/\/www.theblock.co\/post\/50082\/another-bitcoin-fund-tied-to-cmes-cash-settled-futures-gets-launched","publishDate":"2019-12-11T04:35:14","id":1497,"type":null,"title":"Another bitcoin fund tied to CME\u2019s cash-settled futures gets launched","category":["Bitcoin"],"content":["French asset management firm Napoleon has launched a new fund, tied to cash-settled bitcoin futures by derivatives exchange giant CME Group.","The fund, dubbed Napoleon Bitcoin Fund, is targeted at institutional investors as the minimum ticket size is 100,000 euros (~$110,000), according to an announcement Tuesday. Napoleon said bitcoin is an \u201Cideal\" asset for diversification and optimizing risk-return ratios.<br data-v-f87c67ca=\"\">\n<br data-v-f87c67ca=\"\">\n\u201CThe fund aims to replicate the performance of Bitcoin via Futures listed on the Chicago Mercantile Exchange in cash settlement, thus avoiding the problem of storing and valuing Bitcoin,\u201D said Napoleon.<br data-v-f87c67ca=\"\">\n<br data-v-f87c67ca=\"\">\nThe fund is regulated by France's financial regulator, AMF. Stephane Ifrah, president of Napoleon, said that it is the \"culmination of our discussions with the regulator and our partners to offer a real alternative to professional investors.\"","Local investment firm Financière d'Uzès is the custodian of the fund, while the \u201CBig Four\u201D accounting firm PwC is the auditor, per the announcement. The fund is currently available only in France, but Napoleon said it could sell overseas \u201Cin a near future.\u201D","Napoleon, licensed and regulated by France's financial regulator AMF, also plans to launch other crypto-related investment products next year. <br data-v-f87c67ca=\"\">\n<br data-v-f87c67ca=\"\">\n\u201CWe're aiming to launch the next fund based on a Long-Only Strategy on bitcoin, around Q1 2020,\u201D Sergio Gonzalez, director of communication and marketing at Napoleon, told The Block.","Earlier this week, U.S.-based asset management firm Stone Ridge, with over $15 billion in client assets, <a href=\"https:\/\/www.theblockcrypto.com\/post\/49740\/15-billion-asset-manager-is-the-latest-to-receive-sec-approval-for-its-bitcoin-futures-fund\" data-v-f87c67ca=\"\">also launched<\/a> a bitcoin fund that will invest in cash-settled futures. At present, CME is the only exchange to offer cash-settled bitcoin futures contracts in the U.S.&nbsp; Bakkt also offers such futures, but they trade on ICE Singapore exchange."],"hashtag":[]}