{"summary":"Crypto exchange Binance is actively looking for ways to help struggling crypto companies, either through loans, minority investments or majority acquisitions.\nThe company will only announce deals with larger companies, citing the privacy of smaller firms","author":["Kharishar Kahfi","The Block"],"webName":"theblock.co","link":"https:\/\/www.theblock.co\/post\/154087\/binance-receives-5200-deal-proposals-amid-market-downturn-ceo-zhao-says","publishDate":"2022-06-24T12:44:32","id":1511,"type":null,"title":"Binance receives numerous deal proposals amid market downturn, CEO Zhao says","category":["Markets"],"content":["<strong data-v-f87c67ca=\"\">CORRECTION (7:00 p.m. EST):&nbsp;<\/strong>This report originally misquoted Binance CEO Changpeng Zhao as to the number of pitches Binance has received. The Block regrets the error.","<span data-v-f87c67ca=\"\">Binance is examining dozens of proposals from crypto companies amid the recent market stress, CEO Changpeng Zhao said.<\/span>","<span data-v-f87c67ca=\"\">In a Friday interview with <a href=\"https:\/\/www.youtube.com\/watch?v=IZkK5nDkwYM\" target=\"_blank\" rel=\"noopener\" data-v-f87c67ca=\"\">Yahoo Finance<\/a>, Zhao added that Binance was actively looking for ways to help struggling crypto companies, either through loans, minority investments or majority acquisitions.<\/span>","<span data-v-f87c67ca=\"\">\u201CWe definitely look at all of that. We\u2019re looking at [five to one hundred] deals,\u201D Zhao said. \u201CEveryone knows we have the largest cash reserve in the industry. Everyone\u2019s talking to us.\u201D<\/span>","<span data-v-f87c67ca=\"\">The company has already agreed on some deals, he said, while adding that Binance would only announce agreements with large companies, citing the privacy of smaller firms. \u201CIf the projects can recover on their own, just taking loans or minority investment ... we don\u2019t need to advertise that they\u2019re close to bankruptcy.\u201D<\/span>","<span data-v-f87c67ca=\"\">The market downturn has put pressure on many crypto firms. Some companies, including CoinFLEX and Babel Finance have suspended withdrawals, citing \u201Cextreme market conditions\u201D and \u201Cunusual liquidity pressure,\u201D respectively. Some firms have been forced to dismiss workers and others have declared insolvency. <br data-v-f87c67ca=\"\">\n<\/span>","<span data-v-f87c67ca=\"\">Zhao highlighted the importance of clear regulatory guidelines for different types of crypto businesses. The guidelines should lay out \u201Cthe amount of required transparency in disclosure,\u201D because some companies stopped communicating with investors when things went bad, he said.<\/span>"],"hashtag":["BINANCE"]}