{"summary":"James Seyffart, an ETF Analyst at Bloomberg Intelligence, reviews BlackRock\u2019s recent application for a spot bitcoin ETF and its potential implications for the cryptocurrency market.","author":["Davis Quinton","Frank Chaparro","The Block"],"webName":"theblock.co","link":"https:\/\/www.theblock.co\/post\/236111\/blackrock-bitcoin-etf","publishDate":"2023-06-23T06:01:08","id":1531,"type":null,"title":"BlackRock\u2019s Bitcoin ETF application is the \u2018holy grail\u2019 of exposure for TradFi, says analyst","category":["The Block"],"content":["<i data-v-f87c67ca=\"\">Episode 60<\/i><b data-v-f87c67ca=\"\"><i data-v-f87c67ca=\"\">&nbsp;<\/i><\/b><i data-v-f87c67ca=\"\">of Season 5 of The Scoop was recorded with <b data-v-f87c67ca=\"\">The Block's Frank Chaparro and Bloomberg Intelligence ETF Analyst James Seyffart.<\/b><\/i>","<i data-v-f87c67ca=\"\">Listen below, and subscribe to The Scoop on&nbsp;<\/i><a href=\"https:\/\/podcasts.apple.com\/us\/podcast\/the-scoop\/id1460134454\" data-v-f87c67ca=\"\"><i data-v-f87c67ca=\"\">Apple<\/i><\/a><i data-v-f87c67ca=\"\">,&nbsp;<\/i><a href=\"https:\/\/open.spotify.com\/show\/7qwrgTJ5CYDXAaVILNZuEd\" data-v-f87c67ca=\"\"><i data-v-f87c67ca=\"\">Spotify<\/i><\/a><i data-v-f87c67ca=\"\">,&nbsp;<\/i><a href=\"https:\/\/podcasts.google.com\/feed\/aHR0cHM6Ly9mZWVkcy5tZWdhcGhvbmUuZm0vdGhlYmxvY2stdGhlc2Nvb3A?sa=X&amp;ved=0CAMQ4aUDahcKEwionbSO9fbxAhUAAAAAHQAAAAAQAg\" data-v-f87c67ca=\"\"><i data-v-f87c67ca=\"\">Google Podcasts<\/i><\/a><i data-v-f87c67ca=\"\">,&nbsp;<\/i><a href=\"https:\/\/www.stitcher.com\/podcast\/the-block-2\/the-scoop-4\" data-v-f87c67ca=\"\"><i data-v-f87c67ca=\"\">Stitcher<\/i><\/a>,<i data-v-f87c67ca=\"\"> or wherever you listen to podcasts. Please send feedback and revision requests to <a href=\"\/cdn-cgi\/l\/email-protection\" class=\"__cf_email__\" data-cfemail=\"ef9f808b8c8e9c9baf9b878a8d83808c84c18c80\">[email&nbsp;protected]<\/a>.<\/i>","<iframe frameborder=\"0\" height=\"200\" src=\"https:\/\/playlist.megaphone.fm\/?e=BLOCK8295645043\" width=\"100%\" data-v-f87c67ca=\"\"><\/iframe>","James Seyffart is an ETF analyst at Bloomberg Intelligence.","In this episode, Seyffart analyzes BlackRock's recently announced <a href=\"https:\/\/www.theblock.co\/post\/235056\/blackrock-takes-giant-leap-toward-spot-bitcoin-etf-with-sec-filing\" data-v-f87c67ca=\"\">spot bitcoin ETF<\/a> application and the impact it would have on the crypto market if approved.","While bitcoin futures ETFs exist, Seyffart says that BlackRock's spot bitcoin ETF application is the \"holy grail of bitcoin exposure in the TradFi markets.\"","In the wake of BlackRock's filling, <a href=\"https:\/\/www.theblock.co\/post\/235753\/wisdomtree-invesco-and-blackrock-are-now-all-gunning-for-a-bitcoin-etf\" data-v-f87c67ca=\"\">Wisdom Tree, Invesco<\/a>, and <a href=\"https:\/\/www.theblock.co\/post\/235921\/valkyrie-joins-race-for-spot-bitcoin-etf-with-wednesday-sec-filing\" data-v-f87c67ca=\"\">Valkyrie<\/a> also put their hats back in the race for a spot bitcoin ETF.","<span data-v-f87c67ca=\"\"><b data-v-f87c67ca=\"\">This episode is brought to you by our sponsors <a href=\"https:\/\/www.paypal.com\/crypto\" data-v-f87c67ca=\"\"><em data-v-f87c67ca=\"\">PayPal<\/em><\/a> and <i data-v-f87c67ca=\"\"><a href=\"https:\/\/www.cleanspark.com\/theblock\/\" data-v-f87c67ca=\"\">CleanSpark<\/a>.<\/i><\/b><\/span>","<strong data-v-f87c67ca=\"\">About CleanSpark<\/strong>","<em data-v-f87c67ca=\"\"><span data-v-f87c67ca=\"\">CleanSpark (NASDAQ: CLSK) is America\u2019s Bitcoin Miner™. Visit <a href=\"https:\/\/www.cleanspark.com\/theblock\/\" data-v-f87c67ca=\"\">cleanspark.com\/theblock<\/a> to learn more about the CleanSpark way.<\/span><\/em>"],"hashtag":[]}