{"summary":"South Africa\u2019s central bank is planning to bring in new rules to stop cryptocurrencies from being used to evade currency controls\nThe new rules are expected to be put in place in Q1 2020\nJust two weeks ago, South Africa\u2019s First National Bank said it will stop serving cryptocurrency exchanges, including Luno, ICE3X, and VALR","author":["Yogita Khatri","The Block"],"webName":"theblock.co","link":"https:\/\/www.theblock.co\/post\/48765\/south-africa-plans-for-new-rules-to-stop-crypto-from-being-used-to-evade-currency-controls","publishDate":"2019-12-02T03:05:29","id":154,"type":null,"title":"South Africa plans rules to stop crypto as way to evade currency controls","category":["Regulation"],"content":["<span data-preserver-spaces=\"true\" data-v-f87c67ca=\"\">The South African Reserve Bank (SARB), the country\u2019s central bank, is planning to introduce new rules to stop cryptocurrencies from being used to evade currency controls.<\/span>","<span data-preserver-spaces=\"true\" data-v-f87c67ca=\"\">SARB deputy governor Kuben Naidoo has reportedly <a href=\"https:\/\/www.iol.co.za\/business-report\/economy\/sarb-plan-for-new-rules-using-digital-currency-38473491\" data-v-f87c67ca=\"\">said<\/a> that the new rules would be put in place in Q1 2020. With these rules, the central bank would put restrictions on how much local currency (rand) can be sent outside South Africa.<\/span>","<span data-preserver-spaces=\"true\" data-v-f87c67ca=\"\">At present, South Africans are limited to sending a total of 11 million rand (~$750,570) across the border - 1 million rand (~$68,225) without declaration and 10 million rand (~$682,285) with a special application to the South African Revenue Service.&nbsp;<\/span>","<span data-preserver-spaces=\"true\" data-v-f87c67ca=\"\">This leaves cryptocurrency as the most popular method of sending money anywhere in the world, but the central bank\u2019s plan to enact restrictions is \u201Cfar reaching and alarming,\u201D <a href=\"https:\/\/sacrypto.co.za\/is-the-sa-reserve-bank-about-to-clamp-down-on-crypto-in-south-africa\/\" data-v-f87c67ca=\"\">said<\/a> SA Crypto, South Africa\u2019s blockchain community, adding:<\/span>","<span data-preserver-spaces=\"true\" data-v-f87c67ca=\"\">\u201CConservative regulations would not only hinder innovation in South Africa, but repel investment into the country.\u201D<\/span>","<strong data-v-f87c67ca=\"\">Local banks too?<\/strong>","<span data-preserver-spaces=\"true\" data-v-f87c67ca=\"\">Local banks in South Africa have also started clamping down on cryptocurrency firms. Just two weeks ago, First National Bank (FNB) <a href=\"https:\/\/mybroadband.co.za\/news\/cryptocurrency\/328355-fnb-shuts-down-south-african-cryptocurrency-linked-bank-accounts.html\" data-v-f87c67ca=\"\">said<\/a> that it will stop serving major local cryptocurrency exchanges, including Luno, ICE3X, and VALR, after considering its \u201Crisk appetite.\u201D<\/span>","<span data-preserver-spaces=\"true\" data-v-f87c67ca=\"\">\u201CWe can confirm that FNB has decided to close our account with effect from end March 2020, along with other crypto exchanges in South Africa,\u201D Luno Africa general manager Marius Reitz told local news outlet MyBroadband, adding \u201CWe do not anticipate any impact to our existing customers as we have other banking relationships in place to support deposit and withdrawals on the platform.\u201D&nbsp;<\/span>","<span data-preserver-spaces=\"true\" data-v-f87c67ca=\"\">ICE3X, on the other hand, told the news outlet that FNB\u2019s move is \u201Cconservative\u201D and that it looks forward to \u201Cmore clear guidelines\u201D from policymakers in South Africa.<\/span>","<span data-preserver-spaces=\"true\" data-v-f87c67ca=\"\">SARB's plan to bring in new rules comes at a time when Africa has seen increased cryptocurrency interest. Just last month, peer-to-peer bitcoin trading platform Paxful&nbsp;<\/span><a class=\"_e75a791d-denali-editor-page-rtfLink\" href=\"https:\/\/www.theblockcrypto.com\/post\/44475\/p2p-bitcoin-trading-platform-paxful-adds-800k-wallets-in-the-past-12-months-driven-by-growth-in-africa\" target=\"_blank\" rel=\"noopener noreferrer\" data-v-f87c67ca=\"\"><span data-preserver-spaces=\"true\" data-v-f87c67ca=\"\">said<\/span><\/a><span data-preserver-spaces=\"true\" data-v-f87c67ca=\"\"> it had added 800,000 wallets in the past 12 months, driven by growth in African countries Nigeria, Ghana and Kenya. Paxful co-founder and COO, Artur Schaback, told The Block at the time that Africa is a \u201Cbig\u201D market for the platform as users in these countries are \u201Crestricted by traditional financing.\u201D<br data-v-f87c67ca=\"\">\n<br data-v-f87c67ca=\"\">\nJack Dorsey, CEO of Twitter and payments company Square, has also set his sights on Africa. He recently <a href=\"https:\/\/twitter.com\/jack\/status\/1199774792917929984\" data-v-f87c67ca=\"\">said<\/a> that the continent will \u201Cdefine the future (especially the bitcoin one!). Not sure where yet, but I'll be living here for 3-6 months mid-2020.\"<br data-v-f87c67ca=\"\">\n<\/span>","<span data-preserver-spaces=\"true\" data-v-f87c67ca=\"\">The Block\u2019s research analyst John Dantoni recently&nbsp;<\/span><a class=\"_e75a791d-denali-editor-page-rtfLink\" href=\"https:\/\/www.theblockresearch.com\/mapping-out-the-blockchain-ecosystem-in-africa-37674\" target=\"_blank\" rel=\"noopener noreferrer\" data-v-f87c67ca=\"\"><span data-preserver-spaces=\"true\" data-v-f87c67ca=\"\">mapped out<\/span><\/a><span data-preserver-spaces=\"true\" data-v-f87c67ca=\"\">&nbsp;the blockchain ecosystem in Africa and found that there are 64 blockchain and cryptocurrency firms across 11 different sub-categories, including exchanges and wallets.<\/span>"],"hashtag":[]}