{"summary":"American football quarterback Tom Brady is becoming a shareholder and a brand ambassador of crypto exchange FTX. \nBrady\u2019s wife, the Brazilian model and activist Gisele Bündchen is also taking an equity stake in FTX.","author":["Yogita Khatri","The Block"],"webName":"theblock.co","link":"https:\/\/www.theblock.co\/post\/109970\/tom-brady-equity-stake-crypto-exchange-ftx-gisele-bundchen","publishDate":"2021-06-29T09:01:25","id":1566,"type":null,"title":"Tom Brady is taking an equity stake in crypto exchange FTX","category":["The Block"],"content":["American football star Tom Brady has been appointed as a brand ambassador of crypto exchange FTX. As part of that deal, Brady will become a shareholder in the company.","Brady share's in FTX is unknown, but the exchange operator said he will receive his signing bonus in cryptocurrency \u2014 although it is unclear which one. FTX declined to comment to The Block to provide specific information when contacted.","Besides Brady, FTX has also partnered with Brady's wife, the Brazilian model and activist Gisele Bündchen. She will also become an FTX shareholder, get a signing bonus in crypto and become FTX's environmental and social initiatives advisor.","As an ambassador, Brady will be responsible for introducing all FTX brands to a new audience through various initiatives, while Bündchen will focus on charitable aspects of the exchange operator. Last month, FTX <a href=\"https:\/\/www.theblockcrypto.com\/post\/105642\/crypto-exchanges-ftx-bitmex-offset-bitcoin-carbon-emissions\" data-v-f87c67ca=\"\">committed<\/a> to becoming carbon neutral through donations.","Both Brady and Bündchen have also opened their Blockfolio accounts to invest and trade in cryptocurrencies, said FTX, which <a href=\"https:\/\/www.theblockcrypto.com\/post\/75965\/ftx-blockfolio-crypto-app-acquisition\" data-v-f87c67ca=\"\">acquired Blockfolio<\/a> for $150 million last year.","FTX has been spending millions of dollars recently to reach non-crypto natives. Earlier this year, FTX <a href=\"https:\/\/www.theblockcrypto.com\/linked\/100858\/ftx-miami-heat-partnership-is-official\" data-v-f87c67ca=\"\">struck a $135 million deal<\/a> with the Miami Heat basketball team to rename the Heat's home stadium to \"FTX Arena.\" In a similar deal this month, FTX <a href=\"https:\/\/www.theblockcrypto.com\/linked\/107210\/ftx-tsm-e-sports-team-rename-deal-crypto\" data-v-f87c67ca=\"\">spent $210 million<\/a> to rename a professional e-sports team from TSM to TSM FTX.","As for Brady, the seven-time Super Bowl Champion has been more engaged in the crypto sector lately. He recently added laser eyes to his Twitter profile picture (although later admitted that it <a href=\"https:\/\/twitter.com\/TomBrady\/status\/1409531079569166337\" data-v-f87c67ca=\"\">might not have been<\/a> a good idea). Brady is also set to launch an <a href=\"https:\/\/www.theblockcrypto.com\/linked\/100803\/football-champion-tom-brady-nft-platform-autograph\" data-v-f87c67ca=\"\">NFT platform called Autograph<\/a>. The platform is expected to bring together some of the biggest brands and names in sports, entertainment, fashion, and pop culture to create non-fungible tokens."],"hashtag":["FTX"]}