{"summary":"Bitcoin mining stocks tracked by The Block were mixed, with several seeing double-digit gains.","author":["Kristin Majcher","The Block"],"webName":"theblock.co","link":"https:\/\/www.theblock.co\/post\/191913\/bitcoin-mining-stock-report-friday-december-2","publishDate":"2022-12-02T19:53:14","id":1589,"type":null,"title":"Bitcoin mining stock report: Friday, December 2","category":["Companies"],"content":["Bitcoin mining stocks tracked by The Block were mixed, with several stocks seeing double-digit gains.&nbsp;","Bitcoin was trading around $17,030 at the time of market close.&nbsp;","","","<em data-v-f87c67ca=\"\">(<a href=\"https:\/\/www.tradingview.com\/symbols\/BTCUSD\/?exchange=COINBASE\" data-v-f87c67ca=\"\">BTC to USD chart from TradingView<\/a>)<\/em>","Of the 23 bitcoin mining stocks tracked by The Block, 13 closed higher on the day. The stocks seeing the biggest gains were Cipher Mining (+14.65),&nbsp; TeraWulf (+14.46) and Argo Blockchain UK (+14.29).","",""],"hashtag":["MINING COMPANIES"]}