{"summary":"Bitcoin miner Iris Energy has struck an equity purchase deal worth $100 million with investment banking firm B. Riley.","author":["Michael McSweeney","The Block"],"webName":"theblock.co","link":"https:\/\/www.theblock.co\/post\/172441\/bitcoin-miner-iris-energy-inks-100-million-share-purchase-deal-with-b-riley","publishDate":"2022-09-23T10:51:01","id":1593,"type":null,"title":"Bitcoin miner Iris Energy inks $100 million share purchase deal with B. Riley","category":["Mining"],"content":["Bitcoin miner Iris Energy has struck an equity purchase deal worth $100 million with investment banking firm B. Riley.","The deal has a 24-month time frame, during which time B. Riley may purchase up to 25 million shares in the company, according to an <a href=\"https:\/\/www.sec.gov\/Archives\/edgar\/data\/1878848\/000114036122034467\/ny20005141x1_f1.htm#tUOP\" target=\"_blank\" rel=\"noopener\" data-v-f87c67ca=\"\">SEC filing<\/a>.&nbsp;","\"We intend to use any proceeds from the Facility to fund our growth initiatives (including hardware purchases and acquisition and development of data center sites and facilities), and for working capital and general corporate purposes,\" the miner said.&nbsp;","Core Scientific, another U.S.-based mining firm, struck a similar equity-focused <a href=\"https:\/\/www.bloomberg.com\/press-releases\/2022-07-21\/core-scientific-enhances-liquidity-through-100-million-committed-equity-facility\" target=\"_blank\" rel=\"noopener\" data-v-f87c67ca=\"\">deal<\/a> with B. Riley in July. The moves come as mining firms face difficult conditions during the downturn. Some companies have moved to sell valuable assets, including bitcoin holdings, in order to generate working capital.&nbsp;","A recent asset acquisition deal by CleanSpark signaled that <a href=\"https:\/\/www.theblock.co\/post\/169988\/bitcoin-mining-execs-talk-industry-consolidation-cleansparks-asset-deal\" target=\"_blank\" rel=\"noopener\" data-v-f87c67ca=\"\">industry consolidation<\/a> is also occurring in response to the current market conditions.&nbsp;"],"hashtag":[]}