{"summary":"Crypto exchanges Huobi and Poloniex could merge in the future, Justin Sun told The Block.\nEarlier today, China-based crypto reporter Colin Wu tweeted that Poloniex will merge with Huobi, citing anonymous sources.","author":["Yogita Khatri","The Block"],"webName":"theblock.co","link":"https:\/\/www.theblock.co\/post\/189926\/justin-sun-huobi-poloniex-could-merge","publishDate":"2022-11-25T07:39:06","id":1638,"type":null,"title":"Justin Sun says Huobi and Poloniex could merge in future: Exclusive","category":["Exchanges"],"content":["Crypto exchanges Huobi and Poloniex could merge in the future, Justin Sun, founder of Tron and member of Huobi's global advisory board, told The Block.","Earlier today, China-based crypto reporter Colin Wu <a href=\"https:\/\/twitter.com\/WuBlockchain\/status\/1596014937058742276?s=20&amp;t=qC3ulLI66YbXJj8nfc7djw\" data-v-f87c67ca=\"\">tweeted<\/a> that Poloniex will merge with Huobi, citing sources familiar with the matter. But Sun said the two companies are independent and \"haven't had any plan to merge yet.\" However, when asked if a deal could happen in future, he said it \"could be\" possible.","Sun has relations with both Poloniex and Huobi. In 2019, he <a href=\"https:\/\/www.coindesk.com\/markets\/2019\/11\/12\/despite-denials-tron-founder-confirms-investment-in-poloniex-crypto-exchange\/\" data-v-f87c67ca=\"\">confirmed<\/a> an investment in Poloniex after initially denying his involvement.&nbsp;","A similar situation occurred last month when Huobi <a href=\"https:\/\/www.theblock.co\/post\/175691\/huobi-will-be-acquired-by-hong-kong-based-about-capital-management\" data-v-f87c67ca=\"\">announced<\/a> the sale of a majority stake to Hong Kong-based investment company About Capital Management. At the time, Wu reported that Sun is the \"real buyer\" of the Huobi stake sale. But Sun <a href=\"https:\/\/www.theblock.co\/post\/175867\/justin-sun-denies-being-real-buyer-of-huobi-stake-sale-exclusive\" data-v-f87c67ca=\"\">denied<\/a> the claim and said he is only an advisor to Huobi. Sun, however, has been at the forefront of recent changes at Huobi.","Earlier this week, he <a href=\"https:\/\/twitter.com\/justinsuntron\/status\/1595017618058276864?s=20&amp;t=-5CmGT5CFjnvGxddGu7Akw\" data-v-f87c67ca=\"\">put forth<\/a> strategies for Huobi to reclaim a position among the top three crypto exchanges at the company's rebrand launch event in Singapore. Huobi Global <a href=\"https:\/\/www.scmp.com\/tech\/tech-trends\/article\/3200601\/crypto-exchange-huobi-drops-coin-its-name-after-ownership-change-industry-realigns-wake-ftx-collapse\" data-v-f87c67ca=\"\">rebranded<\/a> itself as simply Huobi and replaced the Chinese character \"coin\" in its name with a character that means \"must.\" The \"must\" character represents Huobi's ambition to become one of the world's top three cryptocurrency exchanges, the company said.","Founded in 2013, Huobi is currently the fourth-largest crypto-only exchange by volume, according to The Block's Data Dashboard. Poloniex is the sixth-largest. Huobi had a trading volume of about $16 billion last month and Poloniex only around $1 billion during the same period.","<iframe frameborder=\"0\" height=\"420\" src=\"https:\/\/www.theblock.co\/data\/crypto-markets\/spot\/crypto-only-exchange-volume\/embed\" title=\"Crypto-only Exchange Volume\" width=\"100%\" data-v-f87c67ca=\"\"><\/iframe>","If and when the merger of Huobi and Poloniex takes place, it could help further consolidate the crypto industry. The third quarter of this year saw 60 merger and acquisition transactions, making it the fourth-busiest in the crypto sector's history, <a href=\"https:\/\/www.theblockresearch.com\/q322-blockchain-venture-funding-and-ma-recap-176212\" data-v-f87c67ca=\"\">according to The Block Research<\/a>."],"hashtag":["HTX","PRIVATE COMPANY M&AMP;A"]}