{"summary":"Software development company DEC has raised $9 million to decentralize ride sharing using the Solana network. \nThe seed round is co-led by Foundation Capital and Road Capital. Several prominent angel investors participated in the round including a number former Uber employees. ","author":["Kari McMahon","The Block"],"webName":"theblock.co","link":"https:\/\/www.theblock.co\/post\/180029\/former-uber-employees-back-new-startup-raising-9-million-to-decentralize-ridesharing","publishDate":"2022-10-27T10:00:18","id":1696,"type":null,"title":"Former Uber employees back new startup raising $9 million to decentralize ridesharing","category":["Venture Capital"],"content":["<span data-contrast=\"auto\" data-v-f87c67ca=\"\">Decentralized Engineering Corporation (DEC), a software development company, has raised $9 million to decentralize ridesharing.<\/span><span data-ccp-props=\"{&quot;134233117&quot;:false,&quot;134233118&quot;:false,&quot;201341983&quot;:0,&quot;335551550&quot;:1,&quot;335551620&quot;:1,&quot;335559685&quot;:0,&quot;335559737&quot;:0,&quot;335559738&quot;:0,&quot;335559739&quot;:160,&quot;335559740&quot;:259}\" data-v-f87c67ca=\"\">&nbsp;<\/span>","<span data-contrast=\"auto\" data-v-f87c67ca=\"\">Foundation Capital and Road Capital co-led DEC\u2019s seed round. <\/span><span data-contrast=\"auto\" data-v-f87c67ca=\"\">Other investors include 6<\/span><span data-contrast=\"auto\" data-v-f87c67ca=\"\">th<\/span><span data-contrast=\"auto\" data-v-f87c67ca=\"\"> Man Ventures and Common Metal as well as prominent angel investors such as Uber\u2019s former general manager for New York Josh Mohrer, founder of Flexport Ryan Petersen and former early Uber employee Ryan McKillen.<\/span><span data-ccp-props=\"{&quot;134233117&quot;:false,&quot;134233118&quot;:false,&quot;201341983&quot;:0,&quot;335551550&quot;:1,&quot;335551620&quot;:1,&quot;335559685&quot;:0,&quot;335559737&quot;:0,&quot;335559738&quot;:0,&quot;335559739&quot;:160,&quot;335559740&quot;:259}\" data-v-f87c67ca=\"\">&nbsp;<\/span>","<span data-contrast=\"auto\" data-v-f87c67ca=\"\">DEC has developed Trip, a new protocol built on the Solana blockchain that can be used for multiple mobility-based applications. The first application to use the network will be Teleport, a decentralized ride-sharing application built by DEC.<\/span><span data-ccp-props=\"{&quot;134233117&quot;:false,&quot;134233118&quot;:false,&quot;201341983&quot;:0,&quot;335551550&quot;:1,&quot;335551620&quot;:1,&quot;335559685&quot;:0,&quot;335559737&quot;:0,&quot;335559738&quot;:0,&quot;335559739&quot;:160,&quot;335559740&quot;:259}\" data-v-f87c67ca=\"\">&nbsp;<\/span>","<span data-contrast=\"auto\" data-v-f87c67ca=\"\">The Trip network is open source. Key components of ridesharing services such as dispatch, payments, background checks and dispute resolution will be accessible to all network participants.<\/span><span data-ccp-props=\"{&quot;134233117&quot;:false,&quot;134233118&quot;:false,&quot;201341983&quot;:0,&quot;335551550&quot;:1,&quot;335551620&quot;:1,&quot;335559685&quot;:0,&quot;335559737&quot;:0,&quot;335559738&quot;:0,&quot;335559739&quot;:160,&quot;335559740&quot;:259}\" data-v-f87c67ca=\"\">&nbsp;<\/span>","<span data-contrast=\"auto\" data-v-f87c67ca=\"\">\u201CYou can have multiple rideshare operating companies and multiple clients connecting to that same network and working together in creating this marketplace,\u201D said Paul Bohm, CEO and founder of DEC. \u201C\u2026 As opposed to Uber, which is a singular monopoly that no one can compete [with], no one can build on, no one can innovate and change.\u201D<\/span><span data-ccp-props=\"{&quot;134233117&quot;:false,&quot;134233118&quot;:false,&quot;201341983&quot;:0,&quot;335551550&quot;:1,&quot;335551620&quot;:1,&quot;335559685&quot;:0,&quot;335559737&quot;:0,&quot;335559738&quot;:0,&quot;335559739&quot;:160,&quot;335559740&quot;:259}\" data-v-f87c67ca=\"\">&nbsp;<\/span>","<span data-contrast=\"auto\" data-v-f87c67ca=\"\">Bohm isn\u2019t looking to onboard the Ubers of the world onto Trip. He\u2019s looking to instead bring on the smaller players who want to take on Goliath.<\/span><span data-ccp-props=\"{&quot;134233117&quot;:false,&quot;134233118&quot;:false,&quot;201341983&quot;:0,&quot;335551550&quot;:1,&quot;335551620&quot;:1,&quot;335559685&quot;:0,&quot;335559737&quot;:0,&quot;335559738&quot;:0,&quot;335559739&quot;:160,&quot;335559740&quot;:259}\" data-v-f87c67ca=\"\">&nbsp;<\/span>","<span data-contrast=\"auto\" data-v-f87c67ca=\"\">\u201CWhy would the drivers keep investing into Uber\u2019s ecosystem?\u201D Bohm said. \u201CWhen they could actually all collaborate and build their own ecosystem where they have ownership over what they're doing.\u201D<\/span><span data-ccp-props=\"{&quot;134233117&quot;:false,&quot;134233118&quot;:false,&quot;201341983&quot;:0,&quot;335551550&quot;:1,&quot;335551620&quot;:1,&quot;335559685&quot;:0,&quot;335559737&quot;:0,&quot;335559738&quot;:0,&quot;335559739&quot;:160,&quot;335559740&quot;:259}\" data-v-f87c67ca=\"\">&nbsp;<\/span>","<span data-contrast=\"auto\" data-v-f87c67ca=\"\">Bohm has years of experience working on peer-to-peer networks. He founded a food delivery company in Austria, which was later acquired by Delivery Hero, one of the largest food delivery companies in Europe.&nbsp;<\/span><span data-ccp-props=\"{&quot;134233117&quot;:false,&quot;134233118&quot;:false,&quot;201341983&quot;:0,&quot;335551550&quot;:1,&quot;335551620&quot;:1,&quot;335559685&quot;:0,&quot;335559737&quot;:0,&quot;335559738&quot;:0,&quot;335559739&quot;:160,&quot;335559740&quot;:259}\" data-v-f87c67ca=\"\">&nbsp;<\/span>","<span data-contrast=\"auto\" data-v-f87c67ca=\"\">He then joined Dropbox as the eleventh employee helping to build out the company's peer-to-peer protocol. He even helped make simulations for how many cars Uber would need to cover a city at former Uber CEO <\/span><a href=\"https:\/\/www.businessinsider.com\/uber-ceo-hosted-jam-sessions-at-his-home-for-entrepreneurs-to-hash-out-business-ideas-2015-9\" data-v-f87c67ca=\"\"><span data-contrast=\"none\" data-v-f87c67ca=\"\">Travis Kalanick\u2019s Jam Pad<\/span><\/a><span data-contrast=\"auto\" data-v-f87c67ca=\"\">.<\/span><span data-ccp-props=\"{&quot;134233117&quot;:false,&quot;134233118&quot;:false,&quot;201341983&quot;:0,&quot;335551550&quot;:1,&quot;335551620&quot;:1,&quot;335559685&quot;:0,&quot;335559737&quot;:0,&quot;335559738&quot;:0,&quot;335559739&quot;:160,&quot;335559740&quot;:259}\" data-v-f87c67ca=\"\">&nbsp;<\/span>","<span data-contrast=\"auto\" data-v-f87c67ca=\"\">On Teleport, individuals can access a marketplace for ride requests.<\/span>","<span data-contrast=\"auto\" data-v-f87c67ca=\"\">\u201CIt's table stakes to be at least as good as Uber is right now,\u201D Bohm said. \u201CBut what we are achieving and I think that's relatively new to web3 is the user experience is extremely simple for users, they can use credit cards, or they can use crypto.\u201D<\/span><span data-ccp-props=\"{&quot;134233117&quot;:false,&quot;134233118&quot;:false,&quot;201341983&quot;:0,&quot;335551550&quot;:1,&quot;335551620&quot;:1,&quot;335559685&quot;:0,&quot;335559737&quot;:0,&quot;335559738&quot;:0,&quot;335559739&quot;:160,&quot;335559740&quot;:259}\" data-v-f87c67ca=\"\">&nbsp;<\/span>","<span data-contrast=\"auto\" data-v-f87c67ca=\"\">Bohm will pilot Teleport at the Solana Breakpoint conference in Lisbon and Art Basel in Miami this year. He decided to demo the app at conferences because of the high demand and how difficult it can be to catch a ride.<\/span><span data-ccp-props=\"{&quot;134233117&quot;:false,&quot;134233118&quot;:false,&quot;201341983&quot;:0,&quot;335551550&quot;:1,&quot;335551620&quot;:1,&quot;335559685&quot;:0,&quot;335559737&quot;:0,&quot;335559738&quot;:0,&quot;335559739&quot;:160,&quot;335559740&quot;:259}\" data-v-f87c67ca=\"\">&nbsp;<\/span>","<span data-contrast=\"auto\" data-v-f87c67ca=\"\">\u201CI worked on queueing algorithms in the past and auction algorithms and so it was very clear to me that you could actually do a lot better, especially when there's really high demand and low supply,\u201D Bohm said. \u201CSo, I wanted to show people this is real, it works right now.\u201D<\/span><span data-ccp-props=\"{&quot;134233117&quot;:false,&quot;134233118&quot;:false,&quot;201341983&quot;:0,&quot;335551550&quot;:1,&quot;335551620&quot;:1,&quot;335559685&quot;:0,&quot;335559737&quot;:0,&quot;335559738&quot;:0,&quot;335559739&quot;:160,&quot;335559740&quot;:259}\" data-v-f87c67ca=\"\">&nbsp;<\/span>","<span data-contrast=\"auto\" data-v-f87c67ca=\"\">The funding from this round will enable DEC to expand the service to other events, make additional partnerships and encourage open-source development through hackathon events.<\/span><span data-ccp-props=\"{&quot;134233117&quot;:false,&quot;134233118&quot;:false,&quot;201341983&quot;:0,&quot;335551550&quot;:1,&quot;335551620&quot;:1,&quot;335559685&quot;:0,&quot;335559737&quot;:0,&quot;335559738&quot;:0,&quot;335559739&quot;:160,&quot;335559740&quot;:259}\" data-v-f87c67ca=\"\">&nbsp;<\/span>","<span data-contrast=\"auto\" data-v-f87c67ca=\"\">Bohm\u2019s goal for next year is to launch in its&nbsp;first city with multiple partners. He also wants to achieve the decentralization milestone of having the protocol governed no longer by DEC but by multiple dispersed entities.<\/span><span data-ccp-props=\"{&quot;134233117&quot;:false,&quot;134233118&quot;:false,&quot;201341983&quot;:0,&quot;335551550&quot;:1,&quot;335551620&quot;:1,&quot;335559685&quot;:0,&quot;335559737&quot;:0,&quot;335559738&quot;:0,&quot;335559739&quot;:160,&quot;335559740&quot;:259}\" data-v-f87c67ca=\"\">&nbsp;<\/span>","<span data-contrast=\"auto\" data-v-f87c67ca=\"\">DEC raised half of the funds before the market crash and the other half afterward, Bohm said.&nbsp; The round was all equity, he added.<\/span><span data-ccp-props=\"{&quot;134233117&quot;:false,&quot;134233118&quot;:false,&quot;201341983&quot;:0,&quot;335551550&quot;:1,&quot;335551620&quot;:1,&quot;335559685&quot;:0,&quot;335559737&quot;:0,&quot;335559738&quot;:0,&quot;335559739&quot;:160,&quot;335559740&quot;:259}\" data-v-f87c67ca=\"\">&nbsp;<\/span>","<span data-contrast=\"auto\" data-v-f87c67ca=\"\">\u201CBy turning ridesharing into a protocol, Teleport is building what we couldn\u2019t build at Uber in 2010, and what Uber should be building today,\u201D said McKillen, former product manager and software engineer at Uber, in the release. \u201CRiders and drivers will migrate from centralized middlemen to an open economy with aligned economic incentives.\u201D<\/span><span data-ccp-props=\"{&quot;134233117&quot;:false,&quot;134233118&quot;:false,&quot;201341983&quot;:0,&quot;335551550&quot;:1,&quot;335551620&quot;:1,&quot;335559685&quot;:0,&quot;335559737&quot;:0,&quot;335559738&quot;:0,&quot;335559739&quot;:160,&quot;335559740&quot;:259}\" data-v-f87c67ca=\"\">&nbsp;<\/span>"],"hashtag":["SOLANA"]}