{"summary":"CoinShares will list its shares on Nasdaq First North Growth Market in Stockholm on March 11\nThe company is currently running a share issue of about 151 million Swedish Krona","author":["Ryan Weeks","The Block"],"webName":"theblock.co","link":"https:\/\/www.theblock.co\/post\/95937\/crypto-asset-manager-coinshares-lists-sweden","publishDate":"2021-02-24T11:56:03","id":1710,"type":null,"title":"Crypto asset manager CoinShares to IPO in Sweden","category":["Bitcoin"],"content":["CoinShares, Europe\u2019s largest crypto-focused asset manager, has quietly kicked off a share issue ahead of a planned public offering on the Nasdaq First North Growth Market in Stockholm, Sweden.","CoinShares International Limited has made 3,364,403 shares available for investment by individual and institutional investors in Sweden and abroad. This equates to an offering of roughly 151 million Swedish Krona (approximately $18 million).&nbsp;","But in <a href=\"https:\/\/coinshares.com\/assets\/IR\/coinshares---intention-to-list-and-prospectus-press-release-pdf-monday-22-2-2021.pdf\" data-v-f87c67ca=\"\">a press release<\/a> announcing the move, CoinShares said some 125 million Swedish Krona, or 83% of the offering, had already been subscribed for by members of its board of directors, management team, existing shareholders and through external investment.","The offering will take place at a fixed price of 44.90 Swedish Krona per share, giving the company a valuation of around 2.84 billion Swedish Krona ($341 million) prior to the offering.","The subscription period will remain open until March 2, and CoinShares will begin trading on the Nasdaq First North Growth Market on March 11 under the ticker \u201CCOIN\u201D.","The press release said the firm\u2019s board believes going public will boost the company\u2019s balance sheet to help execute strategic initiatives; increase transparency; increase the level of regulatory scrutiny it is subject to; improve brand recognition; and bring liquidity to existing shareholders.","Jean-Marie Mognetti, CEO of CoinShares, said in a statement that the listing gives the firm \u201Can opportunity to offer an even greater degree of visibility around its operations and to increase its credibility, trust, and transparency\u201D in the digital assets sector.","\u201CI am grateful to the dedication of my colleagues who shared our vision and joined us to build this fantastic company and of course to Nasdaq Stockholm who have been our trusted partner since 2015 in respect of our exchange traded products and now, today, our listing,\u201D he added.","Launched in 2013, CoinShares is best known for running a range of cryptocurrency focused exchange-traded products (ETPs). It has amassed roughly $4.5 billion in assets under management.","&nbsp;"],"hashtag":[]}