{"summary":"The multi-trillion dollar investment firm will offer clients exposure to ETH with the Ethereum Index Fund.\n\nA filing with the U.S. Securities and Exchange Commission (SEC) showed the fund already has just over $5,000,000 in sales.","author":["Jeremy Nation","The Block"],"webName":"theblock.co","link":"https:\/\/www.theblock.co\/post\/174806\/fidelity-reveals-ethereum-index-fund-with-5000000-in-sales-in-new-filing","publishDate":"2022-10-04T14:56:50","id":1730,"type":null,"title":"Fidelity reveals Ethereum index fund with $5,000,000 in sales in new filing","category":["Companies"],"content":["<span data-v-f87c67ca=\"\">A new Ethereum Index Fund launched by Fidelity Investments provides its clients exposure to ETH, according to a document the firm <\/span><a href=\"https:\/\/www.sec.gov\/Archives\/edgar\/data\/1949105\/000194910522000001\/xslFormDX01\/primary_doc.xml\" data-v-f87c67ca=\"\"><span data-v-f87c67ca=\"\">filed<\/span><\/a><span data-v-f87c67ca=\"\"> with the SEC on Sept. 26.<\/span>","<span data-v-f87c67ca=\"\">The fund launched by the multi-trillion dollar asset manager is accepting minimum outside investments of $50,000 and showed just over $5,000,000 in reported sales, CoinDesk first <a href=\"https:\/\/www.coindesk.com\/business\/2022\/10\/04\/asset-management-giant-fidelity-adds-to-crypto-offerings-with-ethereum-index-fund\/?utm_medium=referral&amp;utm_source=rss&amp;utm_campaign=headlines\" data-v-f87c67ca=\"\">reported<\/a>.<\/span>","News that Fidelity might soon provide crypto offerings to <a href=\"https:\/\/www.theblock.co\/post\/168603\/fidelity-to-offer-bitcoin-trading-to-retail-customers-reports\" data-v-f87c67ca=\"\">retail consumers<\/a> spread across the wires earlier this month.","<span data-v-f87c67ca=\"\">Fidelity helped establish routes to crypto markets in 2018 when it launched a bitcoin trading business aimed at institutional investors and hedge funds. In 2020, Fidelity launched a bitcoin index fund that, last May,&nbsp;<\/span><a href=\"https:\/\/www.theblock.co\/linked\/148502\/fidelitys-bitcoin-index-fund-surpasses-125-million-in-investments\" data-v-f87c67ca=\"\"><span data-v-f87c67ca=\"\">surpassed<\/span><\/a><span data-v-f87c67ca=\"\"> $125 million in investments.<\/span>"],"hashtag":["CRYPTO","ETHEREUM","SEC"]}