{"summary":"BlockFi is on the hunt for a chief financial officer\nThe new hire could help bring the company public as early as the second half of 2021, CEO Zac Prince told The Block","author":["Frank Chaparro","The Block"],"webName":"theblock.co","link":"https:\/\/www.theblock.co\/post\/70963\/blockfire-cfo-hire-2021-possible-ipo","publishDate":"2020-07-09T09:39:20","id":1747,"type":null,"title":"BlockFi is looking to hire a CFO ahead of possible IPO in 2021","category":["Startups"],"content":["Crypto lender BlockFi is looking to snap up a veteran corporate financial professional to spearhead a possible public market debut in 2021.&nbsp;","According to a recent job <a href=\"https:\/\/boards.greenhouse.io\/blockfi\/jobs\/4786741002\" data-v-f87c67ca=\"\">posting<\/a>, the company is seeking a chief financial officer with over 15 years of experience in corporate finance with a background in financial markets and the public markets. The person would manage investor relations and \"guide and position the finance team for late-stage investment, acquisition, and\/or IPO.\" BlockFi chief executive officer Zac Prince told The Block the firm could go public as early as the second half of 2021.&nbsp;","A source familiar with the matter told The Block the firm is speaking with potential investors for an additional funding round.","\"Fortunately, we are continuing to successfully implement our strategy of never slowing down,\" Prince said.&nbsp;","BlockFi raised <a href=\"https:\/\/blockfi.com\/blockfi-news\/blockfi-raises-series-b-led-by-valar-ventures\/\" data-v-f87c67ca=\"\">$30 million in a Series B<\/a>&nbsp;funding round led by Peter Thiel's Valar Ventures, a well-known fintech investor, in February. Other backers include Morgan Creek Digital, Arrington XRP Capital, and Castle Island Ventures.&nbsp;","Indeed, the company will need deep pockets if it is to successfully execute on its vision of creating a full-scale consumer bank for crypto with services ranging from trading to lending to high-yield savings.","As it builds its business, the firm has made a series of hires, including a former American Express vice president, Wittney Rachlin. Rachlin was <a href=\"https:\/\/www.theblockcrypto.com\/post\/63768\/blockfi-american-express-credit-suisse-execs-bitcoin-card\" data-v-f87c67ca=\"\">hired<\/a> to spearhead the launch of a BlockFi bitcoin credit card. The firm was on track to launch its first round of cards in the fourth quarter of 2020, Prince told The Block at the time of Rachlin's hire.","The firm has enjoyed some recent success, saying in a company <a href=\"https:\/\/blockfi.com\/blockfi-news\/blockfi-posts-100-revenue-increase-in-q2\/\" data-v-f87c67ca=\"\">blog post<\/a> this month that it is \"on track to generate $50 million in revenue\" over the next 12 months. Prince told <a href=\"https:\/\/finance.yahoo.com\/news\/crypto-lender-blockfi-says-monthly-081704295.html\" data-v-f87c67ca=\"\">CoinDesk<\/a> in an email that \"monthly revenue has grown four times since Dec. 19 and doubled from the beginning to end of Q2.\"","Still, as is often the case with young startups, the firm has hit some snags. Most notably, it suffered a <a href=\"https:\/\/www.theblockcrypto.com\/post\/65709\/blockfi-says-it-suffered-a-data-breach-but-no-customer-funds-were-lost\" data-v-f87c67ca=\"\">data breach<\/a> in May, which resulted in the exposure of information pertaining to a large portion of its retail clientele. The company said it was the result of a SIM card swap attack on a BlockFi employee's cell phone number."],"hashtag":["BLOCKFI"]}