{"summary":"Binance is launching a new crypto-to-crypto exchange in South Korea\nThe new exchange, Binance KR, would open for registration and deposits on April 2\nBitcoin and ether would be supported for trading at launch ","author":["Yogita Khatri","The Block"],"webName":"theblock.co","link":"https:\/\/www.theblock.co\/post\/60384\/binance-is-launching-a-new-exchange-in-south-korea-next-week","publishDate":"2020-03-31T05:45:08","id":1751,"type":null,"title":"Binance is launching a new exchange in South Korea next week","category":["Exchanges"],"content":["Binance is launching a new crypto-to-crypto exchange in South Korea next week.<br data-v-f87c67ca=\"\">\n<br data-v-f87c67ca=\"\">\nAnnouncing the news on Tuesday, Binance <a href=\"https:\/\/www.binance.com\/en\/blog\/421499824684900487\/Binance-to-Launch-Korean-Crypto-Exchange-on-Binance-Cloud\" data-v-f87c67ca=\"\">said<\/a> the new exchange, Binance KR, would open for registration and deposits on April 2. Trading would open on April 4, while withdrawals on April 9.<br data-v-f87c67ca=\"\">\n<br data-v-f87c67ca=\"\">\nBinance KR would support Binance KRW (BKRW) stablecoin at launch. The stablecoin is backed by South Korean won (KRW) and recently got listed on Binance.com.<br data-v-f87c67ca=\"\">\n<br data-v-f87c67ca=\"\">\nKorean users will be able to convert KRW into BKRW stablecoins, which can then be used for trading bitcoin (BTC), ether (ETH), Binance coin (BNB) and BKRW.<br data-v-f87c67ca=\"\">\n<br data-v-f87c67ca=\"\">\nBinance said the new exchange would also \u201Csoon\u201D support Tether (USDT) and Binance USD (BUSD) stablecoins for trading.<br data-v-f87c67ca=\"\">\n<br data-v-f87c67ca=\"\">\n<span data-v-f87c67ca=\"\"><strong data-v-f87c67ca=\"\">BxB acquisition&nbsp;<\/strong><\/span><br data-v-f87c67ca=\"\">\n<br data-v-f87c67ca=\"\">\nBinance KR\u2019s launch comes with the news of Binance Ltd.\u2019s acquisition of BxB, the fintech company behind KRWb, a KRW-backed stablecoin. Just last month, Binance <a href=\"https:\/\/www.binance.com\/ua\/blog\/421499824684900360\/Binance-%D1%96%D0%BD%D0%B2%D0%B5%D1%81%D1%82%D1%83%D1%94-%D1%83-%D0%BA%D0%BE%D1%80%D0%B5%D0%B9%D1%81%D1%8C%D0%BA%D1%83-%D0%BA%D0%BE%D0%BC%D0%BF%D0%B0%D0%BD%D1%96%D1%8E-%D1%81%D1%82%D0%B5%D0%B9%D0%B1%D0%BB%D0%BA%D0%BE%D1%97%D0%BD%D1%96%D0%B2-BxB\" data-v-f87c67ca=\"\">invested<\/a> in BxB. <br data-v-f87c67ca=\"\">\n<br data-v-f87c67ca=\"\">\nIt is worth noting that Binance Ltd. is the entity that would offer Binance KR and BKRW.<br data-v-f87c67ca=\"\">\n<br data-v-f87c67ca=\"\">\n\u201CWe are pleased to provide a digital asset platform for users in Korea to bring the trading depth, security and transaction speed of Binance.com to Binance KR,\u201D said Binance CEO Changpeng \u201CCZ\u201D Zhao. \u201COur decision to list BKRW trading pairs will allow us to seamlessly connect crypto to the South Korean won in order to expand our local services.\u201D","Binance Ltd. co-CEO Jiho Kang said the firm is \u201Ccommitted\u201D to bringing a \u201Cfully compliant\u201D crypto exchange to the Korean market via Binance Cloud and BKRW. <a href=\"https:\/\/www.binance.com\/en\/blog\/421499824684900422\/Binance-Announces-B2B2C-Cloud-Solution-for-Launching-Digital-Asset-Trading-Platforms\" data-v-f87c67ca=\"\">Binance Cloud<\/a> is an infrastructure solution launched last month, for the exchange\u2019s customers and partners to launch crypto exchanges leveraging its technology and liquidity.&nbsp;<br data-v-f87c67ca=\"\">\n<br data-v-f87c67ca=\"\">\nBinance KR is the fifth local exchange of Binance. The <a href=\"https:\/\/www.theblockcrypto.com\/post\/42606\/binance-to-support-wechat-and-alipay-for-buying-bitcoin-in-china\" data-v-f87c67ca=\"\">other four<\/a> separate exchanges are in Singapore, Jersey, Uganda, and the U.S."],"hashtag":["BINANCE","BUSD"]}