{"summary":"Macy\u2019s and Toys \u2018R\u2019 Us to carry plush toys and collectibles inspired by Gary Vaynerchuk NFTs.\nOther stores and brands getting involved in web3 include Walmart, Mattel and Nickelodeon.\nToys, gaming and social media are being used to lure kids to the web3 space.","author":["RT Watson","MK Manoylov","The Block"],"webName":"theblock.co","link":"https:\/\/www.theblock.co\/post\/174758\/please-mom-kids-enticed-by-web3-projects-with-plush-toys-adorable-avatars","publishDate":"2022-10-04T13:47:50","id":1767,"type":null,"title":"&#x27;Please mom!&#x27; Kids enticed by web3 projects with plush toys, adorable avatars","category":["Metaverse &amp; NFT"],"content":["<span lang=\"EN-US\" xml:lang=\"EN-US\" data-contrast=\"auto\" data-v-f87c67ca=\"\">Non-fungible token and web3 evangelists appear to&nbsp;believe the children are the future. <\/span><span lang=\"EN-US\" xml:lang=\"EN-US\" data-contrast=\"auto\" data-v-f87c67ca=\"\">And plenty of major brands appear to agree. <\/span>","<span lang=\"EN-US\" xml:lang=\"EN-US\" data-contrast=\"auto\" data-v-f87c67ca=\"\">In recent months, a slew of announcements \u2013 startups, partnerships and product launches \u2013 has heralded a concerted effort to bring NFTs into the mainstream. Leading the charge is a bevy of plush toys, kid-friendly social media platforms and age-appropriate gaming avatars that can be bought and sold. <\/span>","<span lang=\"EN-US\" xml:lang=\"EN-US\" data-contrast=\"auto\" data-v-f87c67ca=\"\">Major retailers Walmart and Macy\u2019s, storied children's brands Mattel and <\/span><span lang=\"EN-US\" xml:lang=\"EN-US\" data-contrast=\"none\" data-v-f87c67ca=\"\">Nickelodeon<\/span><span lang=\"EN-US\" xml:lang=\"EN-US\" data-contrast=\"auto\" data-v-f87c67ca=\"\">, plus top-flight web3 investors like Andreessen Horowitz are among those investing millions as they join forces in the hopes of convincing kid consumers \u2013 and their parents&nbsp;\u2013&nbsp;to embrace digital assets like NFTs.<\/span>","<span lang=\"EN-US\" xml:lang=\"EN-US\" data-contrast=\"auto\" data-v-f87c67ca=\"\">VeeFriends, the NFT collection from serial entrepreneur Gary Vaynerchuk, is the latest entry. It has partnered with traditional brick-and-mortar U.S. retailers Macy\u2019s and Toys \u2018R\u2019 Us in order to launch a line of toys which will be sold in stores, each of which are essentially a physical reimagining of VeeFriends NFTs.<\/span>","<span lang=\"EN-US\" xml:lang=\"EN-US\" data-contrast=\"auto\" data-v-f87c67ca=\"\">\u201C<\/span><span lang=\"EN-US\" xml:lang=\"EN-US\" data-contrast=\"none\" data-v-f87c67ca=\"\">We chose characters that we think embody exciting features for first-time collectors, much like some of the toys I picked up on the shelves of Toys \u2018R\u2019 Us the first time,\u201D said Vaynerchuk in a statement. He is founder and CEO of VeeFriends.<\/span>","","","&nbsp;","<span lang=\"EN-US\" xml:lang=\"EN-US\" data-contrast=\"none\" data-v-f87c67ca=\"\">Stores will carry both plush toys priced at $24.99 and smaller collectible figures for $29.99, featuring several VeeFriends characters <\/span><span lang=\"EN-US\" xml:lang=\"EN-US\" data-contrast=\"auto\" data-v-f87c67ca=\"\">like&nbsp;Common Sense Cow and Gratitude Gorilla. About a year ago a Common Sense Cow NFT sold for 50 ether on OpenSea, which is now worth roughly $67,000.<\/span>","<span lang=\"EN-US\" xml:lang=\"EN-US\" data-contrast=\"auto\" data-v-f87c67ca=\"\">Last week, metaverse unicorn Mythical Games officially launched its new web3 game Blankos Block Party, which is available on the Epic Game Store. Rated \u201CT\u201D for teen, the game is considered appropriate for ages 13 and up. <\/span><span lang=\"EN-US\" xml:lang=\"EN-US\" data-contrast=\"auto\" data-v-f87c67ca=\"\">In the game, players maneuver small digital avatars, known as Blankos, which look like small Lego-like action figures. <\/span>","<span lang=\"EN-US\" xml:lang=\"EN-US\" data-contrast=\"auto\" data-v-f87c67ca=\"\">Besides being able to wield the digital avatars \u2014 engaging in massive \u201Cbrawls\u201D with other players or racing against the clock \u2014 users also can buy, earn and sell both their avatars and wearable accessories they can use to customize the digital characters. Users don\u2019t need to have a digital wallet to play the game and are able to purchase the NFT-based items using regular payment cards and fiat currency.<\/span>","<span lang=\"EN-US\" xml:lang=\"EN-US\" data-contrast=\"none\" data-v-f87c67ca=\"\">Mythical Games co-founder and CEO John Linden envisions Blankos as playing the role of stepping stone, introducing the ownership of digital assets to a new generation of consumers.<\/span>","<span lang=\"EN-US\" xml:lang=\"EN-US\" data-contrast=\"none\" data-v-f87c67ca=\"\">\u201C<\/span><span lang=\"EN-US\" xml:lang=\"EN-US\" data-contrast=\"none\" data-v-f87c67ca=\"\">I think we just created the bridge,\u201D said Linden, adding that after less than a week from launch there has already been an uptick in interest from brands, including toy manufactures, who want to use the platform to promote their products.<\/span>","","","<span lang=\"EN-US\" xml:lang=\"EN-US\" data-contrast=\"auto\" data-v-f87c67ca=\"\">Mythical Games has the backing of <\/span><span lang=\"EN-US\" xml:lang=\"EN-US\" data-contrast=\"none\" data-v-f87c67ca=\"\">Andreessen Horowitz, which led a recent round of funding worth $150 million. The gaming company, valued at $1.25 billion,&nbsp;has three additional web3 games scheduled for release next year including NFL Rivals, a joint venture struck with the National Football League.<\/span>","<span lang=\"EN-US\" xml:lang=\"EN-US\" data-contrast=\"none\" data-v-f87c67ca=\"\">Andreessen Horowitz, or a16z, has invested in other companies seemingly tailor made to steer younger consumers toward web3, including Cryptoys, an NFT-native gaming platform which secured capital from both toymaker Mattel and web3 game-focused investment firm Animoca Brands. <\/span>","<span lang=\"EN-US\" xml:lang=\"EN-US\" data-contrast=\"none\" data-v-f87c67ca=\"\">Efforts to <\/span><span lang=\"EN-US\" xml:lang=\"EN-US\" data-contrast=\"auto\" data-v-f87c67ca=\"\">educate kid consumers about cryptocurrency and&nbsp;web3 date&nbsp;at least as far back as 2020 when&nbsp;<\/span><span lang=\"EN-US\" xml:lang=\"EN-US\" data-contrast=\"auto\" data-v-f87c67ca=\"\">SHAmory <\/span><span lang=\"EN-US\" xml:lang=\"EN-US\" data-contrast=\"auto\" data-v-f87c67ca=\"\">launched a&nbsp;card game designed to teach young <\/span><span lang=\"EN-US\" xml:lang=\"EN-US\" data-contrast=\"none\" data-v-f87c67ca=\"\">players the basics of bitcoin mining<\/span><span lang=\"EN-US\" xml:lang=\"EN-US\" data-contrast=\"auto\" data-v-f87c67ca=\"\">. The Block previously <\/span><a href=\"https:\/\/www.theblock.co\/post\/73990\/new-bitcoin-card-game-shamory\" target=\"_blank\" rel=\"noreferrer noopener\" data-v-f87c67ca=\"\"><span lang=\"EN-US\" xml:lang=\"EN-US\" data-contrast=\"none\" data-v-f87c67ca=\"\">reported<\/span><\/a><span lang=\"EN-US\" xml:lang=\"EN-US\" data-contrast=\"auto\" data-v-f87c67ca=\"\"> that many older crypto enthusiasts said they enjoyed playing the game with their children; even kids as young as five years old.<\/span>","<span lang=\"EN-US\" xml:lang=\"EN-US\" data-contrast=\"auto\" data-v-f87c67ca=\"\">Since then, the number of high-profile projects has piled up. <\/span>","<span lang=\"EN-US\" xml:lang=\"EN-US\" data-contrast=\"auto\" data-v-f87c67ca=\"\">Recently Walmart <\/span><a href=\"https:\/\/www.theblock.co\/post\/172853\/walmarts-new-roblox-metaverse-tells-kids-where-to-find-all-the-best-toys\" target=\"_blank\" rel=\"noreferrer noopener\" data-v-f87c67ca=\"\"><span lang=\"EN-US\" xml:lang=\"EN-US\" data-contrast=\"auto\" data-v-f87c67ca=\"\">partnered<\/span><\/a><span lang=\"EN-US\" xml:lang=\"EN-US\" data-contrast=\"auto\" data-v-f87c67ca=\"\"> with Roblox, a virtual world platform with&nbsp;around 13 million players under the age of 13, to place in-game billboards advertising toys sold by the largest American retailer.<\/span>","","","<span lang=\"EN-US\" xml:lang=\"EN-US\" data-contrast=\"auto\" data-v-f87c67ca=\"\">Kid-friendly social media platforms have also emerged as another possible way to direct young consumers towards web3. In June, a TikTok-like social media network for children called Zigazoo raised&nbsp;<\/span><a href=\"https:\/\/www.theblock.co\/post\/154486\/social-media-network-for-kids-raises-17-million-for-web3-projects\" target=\"_blank\" rel=\"noreferrer noopener\" data-v-f87c67ca=\"\"><span lang=\"EN-US\" xml:lang=\"EN-US\" data-contrast=\"auto\" data-v-f87c67ca=\"\">$17 million<\/span><\/a><span lang=\"EN-US\" xml:lang=\"EN-US\" data-contrast=\"auto\" data-v-f87c67ca=\"\">&nbsp;in Series A funding with the plan to use the investment to further web3 strategies <\/span><span lang=\"EN-US\" xml:lang=\"EN-US\" data-contrast=\"none\" data-v-f87c67ca=\"\">like selling NFTs that kids can use in the videos they post.<\/span>","<span lang=\"EN-US\" xml:lang=\"EN-US\" data-contrast=\"none\" data-v-f87c67ca=\"\">Zigazoo has partnered with companies including Nickelodeon, the Peanuts animated franchise and Netflix Kids.<\/span>","<span lang=\"EN-US\" xml:lang=\"EN-US\" data-contrast=\"none\" data-v-f87c67ca=\"\">\u201CLike it or not \u2014 web3 is the future of the internet and economy, and kids need a safe space to learn about it,\u201D said Zak Ringelstein, CEO and founder of Zigazoo, at the time of the announcement.&nbsp; <\/span><span lang=\"EN-US\" xml:lang=\"EN-US\" data-contrast=\"none\" data-v-f87c67ca=\"\">\u201CChild-friendly NFTs are a perfect way to introduce kids to web3 technology.\"<\/span>"],"hashtag":[]}