{"summary":"The Dubai government has not launched its own cryptocurrency, despite reports.\nIt all started with a fake press release and a website, both of which are now inaccessible.","author":["Yogita Khatri","The Block"],"webName":"theblock.co","link":"https:\/\/www.theblock.co\/post\/106463\/dubaicoin-scam-says-dubai-government","publishDate":"2021-05-28T08:07:08","id":178,"type":null,"title":"DubaiCoin news is a scam, says the Dubai government","category":["Cryptocurrency"],"content":["The widely circulated news that Dubai had launched its own cryptocurrency, dubbed DubaiCoin, is a scam, the Dubai government has said.","DubaiCoin was \"never approved by any official authority,\" the government of Dubai <a href=\"https:\/\/twitter.com\/DXBMediaOffice\/status\/1398022141065547778\" data-v-f87c67ca=\"\">tweeted<\/a> on Friday, adding that the website promoting the coin \"is an elaborate phishing campaign that is designed to steal personal information from its visitors.\"","On May 24, <a href=\"https:\/\/www.prnewswire.com\/news-releases\/arabian-chain-technology-dubai-launches-its-own-cryptocurrency-set-to-become-the-citys-de-facto-digital-currency-301297874.html\" data-v-f87c67ca=\"\">a fake press release was published<\/a> on PR Newswire in the name of Arabian Chain Technology, which appears to be a legitimate <a href=\"https:\/\/www.arabianchain.org\/\" data-v-f87c67ca=\"\">blockchain firm based in Dubai<\/a> and has its own coin named DubaiCoin (DBIX).","The fake press release, now unpublished, said Dubai is \"making its own digital currency,\" and its circulation \"will be controlled by both the city itself and authorized brokers,\" a<a href=\"https:\/\/web.archive.org\/web\/20210524175220\/https:\/\/www.prnewswire.com\/news-releases\/arabian-chain-technology-dubai-launches-its-own-cryptocurrency-set-to-become-the-citys-de-facto-digital-currency-301297874.html\" data-v-f87c67ca=\"\">&nbsp;record available on the Internet Archive<\/a> shows.","The release went on to claim that DubaiCoin would become the city's \"De-Facto Digital Currency\" and that the \"up-and-coming\" coin is available to buy at a starting price of $0.17 per coin, via a website called \"dub-pay.com.\"","The website is also now inaccessible, but <a href=\"https:\/\/web.archive.org\/web\/20210525120246\/https:\/\/dub-pay.com\/en\/\" data-v-f87c67ca=\"\">a record on the Internet Archive shows<\/a> that people could invest in the coin in three steps: First, they were required to fill <a href=\"https:\/\/web.archive.org\/web\/20210524192118\/https:\/\/dub-pay.com\/en\/\" data-v-f87c67ca=\"\">a form<\/a> with details such as name, email address, and phone number. Then an agent would call them and change their local money to DubaiCoin (DBIX).","The news quickly <a href=\"https:\/\/www.pymnts.com\/cryptocurrency\/2021\/dubai-debuts-own-cryptocurrency-valued-17-cents-per-coin\/\" data-v-f87c67ca=\"\">spread across media<\/a>, and the price of ArabianChain Technology's real DubaiCoin (DBIX), which is only listed on the <a href=\"https:\/\/hitbtc.com\/dbix-to-btc\" data-v-f87c67ca=\"\">HitBTC crypto exchange<\/a>, shot up <a href=\"https:\/\/www.indiatoday.in\/business\/story\/dubaicoin-dubai-s-1st-cryptocurrency-jumps-1-000-in-24-hours-1808022-2021-05-28\" data-v-f87c67ca=\"\">more than 1,000%<\/a> to nearly $1.50 in 24 hours. The price has since declined sharply, and the coin is currently trading at $0.32, according to <a href=\"https:\/\/in.tradingview.com\/symbols\/DBIXUSD\/\" data-v-f87c67ca=\"\">TradingView.<\/a>","ArabianChain Technology <a href=\"https:\/\/twitter.com\/arabianchain\/status\/1397477412083060737\" data-v-f87c67ca=\"\">also tweeted<\/a> on May 26, two days after the fake press release was published, that the company hadn't made any such announcement and the website dub-pay.com \"is fake and [a] scam.\"","It is not clear how many people ended up investing in the fake DubaiCoin, but the trading volume of the real DubaiCoin (although not government-backed) was around $592,000 in the last 24 hours, according to data from <a href=\"https:\/\/crypto.com\/price\/dubaicoin-dbix\" data-v-f87c67ca=\"\">Crypto.com<\/a>."],"hashtag":[]}