{"summary":"Valkyrie Investments said it has a proposal for Digital Currency Group\u2019s struggling Grayscale Bitcoin Trust and that it\u2019s ready to become a \u201Csponsor and manager\u201D of the fund.\nThe firm also said it formed Valkyrie Opportunistic Fund, LP to capitalize on \u201Cthe massive discount in the spread between the NAV [net asset value] and price of GBTC.\u201D ","author":["Jeremy Nation","The Block"],"webName":"theblock.co","link":"https:\/\/www.theblock.co\/post\/198556\/valkyrie-wants-to-manage-and-sponsor-grayscales-gbtc","publishDate":"2022-12-30T15:27:56","id":1785,"type":null,"title":"Valkyrie wants to &#x27;manage and sponsor&#x27; Grayscale&#x27;s GBTC","category":["Deals"],"content":["<span data-v-f87c67ca=\"\">Valkyrie Investments said it has a proposal for <\/span>Digital Currency Group\u2019s struggling Grayscale Bitcoin Trust and that it's ready to become a \"sponsor and manager\" of the fund.","<span data-v-f87c67ca=\"\">\u201C<\/span><span data-v-f87c67ca=\"\">We are well-equipped to handle the unique challenges and opportunities presented by GBTC,\" the company said in a <a href=\"https:\/\/valkyrieinvest.com\/press\/opportunities-around-gbtc\/\" data-v-f87c67ca=\"\">statement<\/a> on Dec. 28. \"Our combination of technical and regulatory knowledge and hands-on experience makes us the ideal choice to take on this role.\u201D<\/span>","<span data-v-f87c67ca=\"\">The firm also said it formed Valkyrie Opportunistic Fund, LP to capitalize on \u201Cthe massive discount in the spread between the NAV [net asset value] and price of GBTC.\u201D&nbsp;<\/span>A Valkyrie spokesperson told The Block that it's targeting an initial $75 million.","<span data-v-f87c67ca=\"\">The fund will be used to increase GBTC holdings to realize \u201Cthe true value of the underlying bitcoin for our investors,\u201D according to the statement.<\/span>","<span data-v-f87c67ca=\"\">The firm proposed key improvements it would implement for GBTC management, such as allowing investors to redeem GBTC at net-asset value via a Regulation M filing.<\/span>","<span data-v-f87c67ca=\"\">In addition, Valkyrie said it wanted to lower fees from 200 basis points to 75 basis points to better reflect industry practices. It also wants to make an effort to provide redemptions for bitcoin and cash to \u201Cgive investors greater flexibility and choice when it comes to redeeming their shares.\u201D<\/span>","<iframe frameborder=\"0\" height=\"420\" src=\"https:\/\/www.theblock.co\/data\/crypto-markets\/structured-products\/premium-of-gbtc\/embed\" title=\"Daily GBTC Premium\/Discount to NAV\" width=\"100%\" data-v-f87c67ca=\"\"><\/iframe>","Grayscale\u2019s fund hit an all-time low of 48.89% in terms of the discount to NAV on Dec. 13, and GBTC\u2019s price is down 77% year-to-date.","\"In light of recent events involving Grayscale and its family of affiliated companies, it is time for a change,\" <span data-v-f87c67ca=\"\">Valkyrie said.<\/span>","Grayscale did not immediately respond to a request for comment from The Block.&nbsp;"],"hashtag":["DIGITAL CURRENCY GROUP"]}