{"summary":"Twitter appears to have disabled the ability to share strings of numbers and letters on its site following a wide-spread attack Wednesday\nThat attack resulted in the posting of bitcoin giveaway scams from accounts owned by major figures like Joe Biden and Bill Gates, among many others\nAt the time of publication, tests conducted by The Block Research show litecoin, XRP, monero, bitcoin and ethereuem addresses are unable to be shared","author":["Frank Chaparro","The Block"],"webName":"theblock.co","link":"https:\/\/www.theblock.co\/post\/71876\/twitter-crypto-address-posts","publishDate":"2020-07-16T10:01:44","id":1803,"type":null,"title":"Twitter to restrict content containing Cryptocurrency Addresses","category":["Bitcoin"],"content":["Twitter appears to have disabled the ability to share strings of numbers and letters on its site following a wide-spread attack Wednesday that resulted in the posting of bitcoin giveaway scams from accounts owned by major figures like Joe Biden and Bill Gates, among many others.","The move is likely aimed at preventing would-be fraudsters from sharing cryptocurrency addresses \u2014 made up of a random string of letters and numbers \u2014 in a bid to solicit cryptocurrency from victims. Wednesday's breach resulted in Twitter users sending more than $100,000 to the same bitcoin address shared by compromised accounts, all of which promised outside rewards for those who sent funds.","At the time of publication, tests conducted by The Block Research show litecoin, XRP, monero, bitcoin and ethereuem addresses are unable to be shared.","","","&nbsp;","Trying to share such an address populates the following message:","Indeed, at least one popular account known for sharing address information \u2014 WhaleAlerts \u2014 has now said that it can't post its messages to Twitter.","<script async=\"async\" src=\"https:\/\/platform.twitter.com\/widgets.js\" charset=\"utf-8\" data-v-f87c67ca=\"\"><\/script>","As previously reported, Twitter has blamed a \"coordinated social engineering attack\" on yesterday's platform crisis, pursued by attackers \"who successfully targeted some of our employees with access to internal systems and tools.\"","\"We know they used this access to take control of many highly-visible (including verified) accounts and Tweet on their behalf. We\u2019re looking into what other malicious activity they may have conducted or information they may have accessed and will share more here as we have it,\" the company's support account explained late Wednesday.","The Block has reached out to Twitter about the inability to post crypto addresses and will update this piece if they provide more information.&nbsp;&nbsp;"],"hashtag":["TWITTER"]}