{"summary":"Hardware wallet maker Ledger says it will address concerns about its Recover service by working to accelerate its open sourcing roadmap. \n\u201CLedger never compromises on security,\u201D CEO Pascal Gauthier wrote.","author":["Nathan Crooks","The Block"],"webName":"theblock.co","link":"https:\/\/www.theblock.co\/post\/231857\/ledger-plans-to-accelerate-open-source-work-in-wake-of-recover-backlash","publishDate":"2023-05-23T11:30:49","id":1835,"type":null,"title":"Ledger plans to accelerate open source work in wake of Recover backlash","category":["Companies"],"content":["Hardware wallet maker Ledger, which has <a href=\"https:\/\/www.theblock.co\/post\/230992\/ledger-defends-crypto-wallet-recovery-tool\" data-v-f87c67ca=\"\">faced a backlash<\/a> over a recently announced service that would help users recover their private keys, said Tuesday that it would try and assuage concerns by working to increase transparency and accelerate its open source roadmap.","\"Ledger never compromises on security,\" CEO Pascal Gauthier <a href=\"https:\/\/www.ledger.com\/blog\/ledger-recover-a-message-from-pascal-gauthier-chairman-ceo-at-ledger\" data-v-f87c67ca=\"\">wrote in a blog post<\/a>, saying the company hadn't intended to surprise anyone with the announcement of the service. \"Our unintentional communication mistake took everyone by surprise and affected our customer\u2019s ability to accurately understand Ledger Recover, its role for the growing crypto community, and for Ledger\u2019s future offering.\"","The company, which unveiled the service earlier this month, had struggled to explain how it would safeguard users' private keys, especially against the risk of hypothetical government subpoenas.","The service works by splitting a user's seed phase into 3 pieces, which would then be shared with Ledger and two other companies, CoinCover and EscrowTech, to be combined in the event of a user losing access to their keys.&nbsp;","Ledger CTO Charles Guillemet had previously said the perceived security <a href=\"https:\/\/www.theblock.co\/post\/231350\/ledger-cto-on-recover-softwares-access-to-private-keys-the-tradeoff-i-think-is-acceptable\" data-v-f87c67ca=\"\">tradeoff of the new product was acceptable<\/a>. Gauthier <a href=\"https:\/\/www.theblock.co\/post\/231794\/ledger-ceo-concedes-subpoena-to-access-user-funds-is-the-only-concern\" data-v-f87c67ca=\"\">tried to ease fears<\/a> about possible subpoenas earlier this week, when he said that it was not something that typically affects the average user.&nbsp;","\"We believe wholeheartedly in the need for a service like Ledger Recover,\" he wrote Tuesday. \"The main pain point for crypto self-custody adoption is precisely the problem of seed phrase recovery.\"","Gauthier said the vast majority of Ledger\u2019s codebase was already open source, and the acceleration would include as much of the Ledger operating system as possible, including core components of the operating system.","\"We will open source the Ledger Recover protocol, enabling the community to have as much choice as possible over your self-custody, in addition to the service being fully optional,\" he said. \"We are doing this for more transparency going forward; this does not change the security of your device.\"","Users who want increased security, meanwhile, can enable a passphrase feature that is not included in the Ledger Recover and can be \"a fully trustless feature,\" he added."],"hashtag":[]}