{"summary":"The CryptoPunks floor price has fallen below 50 ETH.\nNFT collections continue to come under downward price pressure.","author":["Adam Morgan McCarthy","The Block"],"webName":"theblock.co","link":"https:\/\/www.theblock.co\/post\/148798\/cryptopunks-floor-price-drops-below-100000-down-50-from-last-month","publishDate":"2022-05-25T13:49:10","id":1858,"type":null,"title":"CryptoPunks floor price drops below $100,000, down 50% from last month","category":["NFTs"],"content":["<span data-v-f87c67ca=\"\">The floor price of the NFT collection CryptoPunks slipped below $100,000 on Wednesday as the NFT market continues to slide. The floor price represents the price of the cheapest piece in the collection and reflects market demand.<br data-v-f87c67ca=\"\">\n<\/span>","<span data-v-f87c67ca=\"\">The NFT collection, which was launched by Larva Labs in 2017, had a floor price of 47 ETH ($91,673) at the time of writing, according to The Block\u2019s <\/span><a href=\"https:\/\/www.theblockresearch.com\/data\/nft-non-fungible-tokens\/art-collectibles\" data-v-f87c67ca=\"\"><span data-v-f87c67ca=\"\">Data Dashboard<\/span><\/a><span data-v-f87c67ca=\"\">. <\/span><span data-v-f87c67ca=\"\">This leaves the collection\u2019s floor price down more than 50% in dollar terms over the past month, having previously traded for a minimum of $186,442 on April 25.<br data-v-f87c67ca=\"\">\n<\/span>","<iframe frameborder=\"0\" height=\"420\" src=\"https:\/\/www.theblock.co\/data\/nft-non-fungible-tokens\/art-collectibles\/floor-price-of-art-and-collectibles-nfts\/embed\" title=\"Floor Price of Popular NFTs\" width=\"100%\" data-v-f87c67ca=\"\"><\/iframe>","<span data-v-f87c67ca=\"\">In addition, NFT trading volumes have begun to slip, falling from $8.28 million for the week beginning May 9 to $7.45 million the following week. So far this week there has been $2.75 million of trading volume. <\/span>","<iframe frameborder=\"0\" height=\"420\" src=\"https:\/\/www.theblock.co\/data\/nft-non-fungible-tokens\/art-collectibles\/art-and-collectibles-nft-trade-volume\/embed\" title=\"Art and Collectibles NFT Trade Volume\" width=\"100%\" data-v-f87c67ca=\"\"><\/iframe>","<span data-v-f87c67ca=\"\">NFT floor prices have fallen across the board in line with cryptocurrencies throughout May. Prices in the digital asset space have come under pressure with bitcoin (BTC) trading below $30,000 and ether (ETH) below $2,000 \u2014 exacerbated by the collapse of the Terra ecosystem two weeks ago. <\/span>"],"hashtag":["CRYPTOPUNKS"]}