{"summary":"NFTs from Avalanche are now available on OpenSea. \nThe new support for Avalanche brings the number of available blockchains on OpenSea to seven. ","author":["MK Manoylov","The Block"],"webName":"theblock.co","link":"https:\/\/www.theblock.co\/post\/176292\/opensea-launches-support-for-avalanche","publishDate":"2022-10-11T12:43:35","id":1878,"type":null,"title":"OpenSea launches support for Avalanche: Techcrunch","category":["Metaverse &amp; NFT"],"content":["<span data-v-f87c67ca=\"\">OpenSea has added support for Avalanche, bringing the total number of supported blockchains on OpenSea to seven.<\/span>","<span data-v-f87c67ca=\"\">Users can now display, list and trade their Avalanche-based NFTs on OpenSea, the platform <a href=\"https:\/\/twitter.com\/opensea\/status\/1579864021037379585\" data-v-f87c67ca=\"\">tweeted<\/a>. New collections to join the marketplace include Chikn, TapTapKaboom, The Stoics, Castle Crush and Open Blox, with more collections expected to be onboarded soon.&nbsp;<\/span>","<span data-v-f87c67ca=\"\">OpenSea will also work with Avalanche-based NFT platforms like NFTrade, Joepegs and Kalao.&nbsp;<\/span>","<span data-v-f87c67ca=\"\">The addition of Avalanche comes a few weeks after OpenSea announced support for the scaling networks <\/span><a href=\"https:\/\/www.theblock.co\/post\/171392\/opensea-announces-support-for-layer-2-network-arbitrum\" data-v-f87c67ca=\"\"><span data-v-f87c67ca=\"\">Arbitrum<\/span><\/a><span data-v-f87c67ca=\"\"> and <\/span><a href=\"https:\/\/www.theblock.co\/post\/173198\/opensea-lists-nfts-from-the-layer-2-scaling-network-optimism\" data-v-f87c67ca=\"\"><span data-v-f87c67ca=\"\">Optimism<\/span><\/a><span data-v-f87c67ca=\"\">, as well as automatically indexing <\/span><a href=\"https:\/\/www.theblock.co\/post\/172391\/opensea-aims-to-automatically-index-solana-nfts\" data-v-f87c67ca=\"\"><span data-v-f87c67ca=\"\">Solana NFTs<\/span><\/a><span data-v-f87c67ca=\"\">.&nbsp;<\/span>","<span data-v-f87c67ca=\"\">OpenSea has also expanded beyond blockchains and profile-picture projects, such as with its <\/span><a href=\"https:\/\/www.theblock.co\/post\/173729\/opensea-partners-with-warner-music-group-on-music-nft-drops\" data-v-f87c67ca=\"\"><span data-v-f87c67ca=\"\">tie-up<\/span><\/a><span data-v-f87c67ca=\"\"> with Warner Music Group for music drops.&nbsp;<\/span>","<span data-v-f87c67ca=\"\">While one of the top NFT marketplaces by volume, OpenSea has recently been losing ground to rival X2Y2, The Block\u2019s data shows.&nbsp;<\/span>","<iframe frameborder=\"0\" height=\"420\" src=\"https:\/\/www.theblock.co\/data\/nft-non-fungible-tokens\/marketplaces\/nft-marketplace-monthly-volume\/embed\" title=\"NFT Marketplace Monthly Volume\" width=\"100%\" data-v-f87c67ca=\"\"><\/iframe>"],"hashtag":["AVALANCHE","OPENSEA"]}