{"summary":"The U.S. economy grew by 2.9% between October and December. \nBitcoin whipsawed following the news.","author":["Adam Morgan McCarthy","The Block"],"webName":"theblock.co","link":"https:\/\/www.theblock.co\/post\/205838\/us-economic-growth-tops-estimates-grew-by-2-9-during-the-fourth-quarter","publishDate":"2023-01-26T08:52:57","id":1897,"type":null,"title":"US economic growth tops estimates, grew by 2.9% during the fourth quarter","category":["Markets"],"content":["The U.S. economy grew by 2.9% during the fourth quarter, narrowly topping estimates of 2.8%.","Growth in the final three months of last year was primarily driven by consumer and federal government spending, according to <a class=\"c-link\" href=\"https:\/\/www.bea.gov\/data\/gdp\/gross-domestic-product\" target=\"_blank\" rel=\"noopener noreferrer\" data-stringify-link=\"https:\/\/www.bea.gov\/data\/gdp\/gross-domestic-product\" data-sk=\"tooltip_parent\" data-remove-tab-index=\"true\" data-v-f87c67ca=\"\">the advance estimate<\/a>. The data shows a reduction in the growth rate from the third quarter when the economy expanded 3.2%.&nbsp;","Bitcoin's price whipsawed following the news. The leading cryptocurrency by market cap dropped below $23,000 shortly after 8:30 a.m. EST, from around $23,100, according to data via TradingView.&nbsp;","\"This data is of massive importance as it is the first piece of salient hard data from the U.S. since the 6th of January Non-Farm Payrolls,\" said David Stritch, currency analyst at Caxton.&nbsp;","GDP is the first in a litany of economic indicators coming over the next week ahead of the next Federal Reserve rate decision, with PCE inflation indicators up next tomorrow.&nbsp;","Next Wednesday, central bank is expected to increase interest rates by 25 basis points. The CME Group's FedWatch tool shows a 99.8% likelihood of a 25 basis point increase, bringing the target rate to 4.50-4.75%."],"hashtag":["ECONOMIC INDICATORS"]}