{"summary":"Ark Invest has raised $16.3 million for a crypto fund split across versions in the U.S. and the Cayman Islands.\nFilings were released days after Ark added roughly $30 million in Coinbase shares to its funds over the last month, and roughly $20 million in Block shares in the last week.","author":["Sam Venis","The Block"],"webName":"theblock.co","link":"https:\/\/www.theblock.co\/post\/220351\/ark-raises-16-3-million-for-new-crypto-fund-amid-buying-spree","publishDate":"2023-03-15T17:34:56","id":1907,"type":null,"title":"Ark raises $16.3 million for new crypto fund amid buying spree","category":["Companies"],"content":["Innovation-focused fund manager Ark Invest raised more than $16 million for a crypto fund split across a domestic and a Cayman Islands-based version, according to filings with the U.S. Securities and Exchange Commission on Wednesday.","<a href=\"https:\/\/www.sec.gov\/Archives\/edgar\/data\/1967581\/000101297523000139\/xslFormDX01\/primary_doc.xml\" data-v-f87c67ca=\"\">ARK Crypto Revolutions U.S. Fund LLC<\/a> raised $7.3 million from nine investors, while the <a href=\"https:\/\/www.sec.gov\/Archives\/edgar\/data\/1967403\/000101297523000140\/xslFormDX01\/primary_doc.xml\" data-v-f87c67ca=\"\">ARK Crypto Revolutions Cayman Fund LLC<\/a> raised almost $9 million from one backer. CoinDesk first <a href=\"https:\/\/www.coindesk.com\/business\/2023\/03\/15\/cathie-woods-ark-raises-163m-for-new-private-crypto-fund\/\" data-v-f87c67ca=\"\">reported<\/a> the news.","The filings indicated that both funds opened for investments on March 1.","While the filing specified that the target of the fund was \u201Cindefinite,\u201D meaning that it's open-ended, Ark has been on a crypto buying spree in the last month, adding roughly $30 million in Coinbase shares to its funds over the last month, and more than $20 million in Block shares in the last week."],"hashtag":[]}