{"summary":"Digital asset investment products recorded a further $176 million inflows last week, hitting a 10-week streak of $1.76 billion \u2014 the highest since the bull market peak of October 2021, when futures-based bitcoin ETF products launched in the U.S.\nBitcoin funds recorded $133 million of inflows and ether products $31 million, as the first and second cryptocurrencies by market cap reached price levels not seen in 18 months.","author":["James Hunt","The Block"],"webName":"theblock.co","link":"https:\/\/www.theblock.co\/post\/265887\/crypto-fund-inflow-bitcoin-ether-18-month-highs","publishDate":"2023-12-04T08:16:13","id":1931,"type":null,"title":"Crypto funds hit $1.76 billion streak as bitcoin, ether reach 18-month high","category":["Finance firms"],"content":["Crypto fund inflows at asset managers such as CoinShares, Bitwise, Grayscale, ProShares and 21Shares added $176 million last week, reaching a 10-week streak of $1.76 billion, according to CoinShares\u2019 <a href=\"https:\/\/blog.coinshares.com\/volume-160-digital-asset-fund-flows-weekly-report-3523bcc12d66\" data-v-f87c67ca=\"\">latest report<\/a>.","The run represents the largest since U.S. futures-based bitcoin ETF products launched in October 2021 and is equivalent to 4% of the current $46.2 billion worth of assets under management, CoinShares Head of Research James Butterfill said.","Trading volumes also remained high at $2.6 billion last week, representing 12% of total bitcoin volume, Butterfill added. However, although assets under management have risen over 100% for the year, they remain 47% below the all-time high of $86.6 billion in 2021.","Regionally, Canada, Germany and the U.S. accounted for the most substantial inflows, adding $79 million, $57 million and $54 million, respectively. Hong Kong was the main outlier, registering outflows of $15 million, with the Asia region as a whole one of the only to witness net outflows year-to-date, despite the global upswing in digital asset investment products, Butterfill noted.","<span data-v-f87c67ca=\"\"><span data-v-f87c67ca=\"\"><span data-v-f87c67ca=\"\">Bitcoin <\/span><span class=\"articleTooltip\" data-v-baf5685a=\"\" data-v-f87c67ca=\"\"><a href=\"\/price\/248348\/bitcoin-btc-usd\" class=\"articleTooltip__link\" data-v-baf5685a=\"\"><img src=\"https:\/\/www.tbstat.com\/wp\/uploads\/2023\/10\/bitcoin.png\" alt=\"\" title=\"\" class=\"articleTooltip__tokenImage\" data-v-baf5685a=\"\"> <span class=\"articleTooltip__tokenText\" data-v-baf5685a=\"\">BTC<\/span> <span class=\"articleTooltip__tokenText articleTooltip__tokenText_price articleTooltip__tokenText_positive\" data-v-baf5685a=\"\">\n      +0.33%\n    <\/span><\/a> <!----><\/span><\/span>-based funds dominated the inflows, adding $133 million to the <\/span><a href=\"https:\/\/www.theblock.co\/post\/264801\/bitcoin-spot-etf-anticipation-fuels-largest-crypto-fund-inflows-for-two-years\" data-v-f87c67ca=\"\">$312 million<\/a> inflows in the prior week. However, short bitcoin products registered minor inflows of $3.6 million last week, ending a three-week run of outflows.","Ether products registered a further $31 million of inflows, bringing its five-week streak to $134 million. Ether net flows are now positive for the first time in 2023 at $10 million after a long bout of relative negative sentiment, Buttefill said.","The flows come at a time when bitcoin and ether have reached their highest value in 18 months, fueled by continued optimism surrounding the potential launch of spot bitcoin ETFs in the U.S. over the coming months and, ultimately, an ether equivalent. <a href=\"https:\/\/www.theblock.co\/post\/263299\/blackrock-ethereum-etf-sec\" data-v-f87c67ca=\"\">BlackRock<\/a>, <a href=\"https:\/\/www.theblock.co\/post\/263626\/fidelity-files-for-spot-ethereum-etf-says-approval-would-be-major-win-for-us-investors\" data-v-f87c67ca=\"\">Fidelity<\/a> and <a href=\"https:\/\/www.theblock.co\/post\/253885\/grayscale-ethereum-trust-spot-eth-etf\" data-v-f87c67ca=\"\">Grayscale<\/a> are among the firms seeking approval from the Securities and Exchange Commission for both spot bitcoin and spot ether ETF applications.","Bitcoin is currently trading at $41,836, according to The Block\u2019s price data \u2014 up over 150% year-to-date. The top cryptocurrency by market cap briefly broke above the <a href=\"https:\/\/www.theblock.co\/post\/265856\/bitcoin-price-briefly-breaks-42000-back-to-pre-terra-crash-level\" data-v-f87c67ca=\"\">$42,000<\/a> level earlier today for the first time since the <a href=\"https:\/\/www.theblock.co\/post\/146444\/terra-luna-and-ust-how-we-got-here\" data-v-f87c67ca=\"\">Terra ecosystem collapse<\/a> in May 2022.&nbsp;","Ether is currently trading at $2,241, lagging behind bitcoin throughout 2023 but still up over 85% year-to-date.","Blockchain equities also added to a seven-week run of inflows, adding $17.4 million \u2014 the largest since July 2022."],"hashtag":["BITCOIN","ETHEREUM","INVESTMENT FIRMS"]}