{"summary":"Curve Finance founder Michael Egorov sold 72 million CRV tokens to 15 entities, on-chain data shows.\nThese sales are seen as a move to reduce Egorov\u2019s debt and mitigate liquidation risks.","author":["Vishal Chawla","The Block"],"webName":"theblock.co","link":"https:\/\/www.theblock.co\/post\/243056\/michael-egorov-has-so-far-sold-72-million-crv-tokens-in-otc-deals","publishDate":"2023-08-03T13:17:17","id":1950,"type":null,"title":"Michael Egorov has so far sold 72 million CRV tokens in OTC deals","category":["Companies"],"content":["In a series of significant over-the-counter deals, Michael Egorov, the founder of Curve Finance, appears to have offloaded 72 million CRV tokens to 15 entities in exchange for $28 million, according to on-chain analyst firm <a href=\"https:\/\/twitter.com\/lookonchain\/status\/1687115628006772737\" data-v-f87c67ca=\"\">Lookonchain.<\/a> Data from a Dune Analytics <a href=\"https:\/\/dune.com\/spotonchain\/crv-founder-sold-crv-via-otc\" data-v-f87c67ca=\"\">dashboard<\/a> from Spotonchain, and Nansen analyst <a href=\"https:\/\/twitter.com\/sandraaleow\/status\/1686331246593359872\" data-v-f87c67ca=\"\">Sandra Leow<\/a> corroborate the finding.&nbsp;","Egorov\u2019s selling spree coincides with a challenging period for the CRV token. Its value has declined 22% in the past month, following a security <a href=\"https:\/\/www.theblock.co\/post\/242066\/curve-finance-factory-pools-targeted-due-to-reentrancy-vulnerability\" data-v-f87c67ca=\"\">exploit<\/a> of multiple factory pools on the platform. It is currently trading at <a href=\"https:\/\/www.coingecko.com\/en\/coins\/curve-dao-token\" data-v-f87c67ca=\"\">$0.58<\/a>.","Market analysts believe Egorov\u2019s decision to sell CRV tokens is a proactive measure to reduce his debt on DeFi platforms, thus avoiding potential liquidation risks associated with his extensive loan positions.","\u201CCurve Finance founder Michael Egorov sold a total of 72M CRV to 15 institutions\/investors via OTC at a price of $0.40, receiving $28.8M to repay debts,\u201D Lookonchain <a href=\"https:\/\/twitter.com\/lookonchain\/status\/1687115628006772737\" data-v-f87c67ca=\"\">stated<\/a>.","Among the notable buyers, an anonymous <a href=\"https:\/\/etherscan.io\/address\/0xf510dc673c5e4a8c274a98c758fe33fc4838be79#tokentxns\" data-v-f87c67ca=\"\">address<\/a> secured the largest share, acquiring 17.5 million CRV tokens. Additionally, Tron\u2019s founder, Justin Sun, <a href=\"https:\/\/www.theblock.co\/post\/242455\/justin-sun-buys-2-9-million-crv-tokens-in-an-otc-deal-announces-partnership-with-curve?utm_source=rss&amp;utm_medium=rss\" data-v-f87c67ca=\"\">purchased<\/a> 5 million CRV for $2 million. Another 4.25 million CRV tokens were <a href=\"https:\/\/www.theblock.co\/post\/242516\/curve-founder-michael-egorov-sells-more-crv-to-dcfgod-and-others\" data-v-f87c67ca=\"\">sold<\/a> to crypto trader DCFGod, with 3.75 million CRV going to NFT owner Jeffrey Huang, known as Machi Big Brother.","Earlier today, Huobi co-founder Jun Du <a href=\"https:\/\/www.theblock.co\/post\/242925\/huobi-co-founder-jun-du-buys-10-million-crv-from-michael-egorov\" data-v-f87c67ca=\"\">confirmed<\/a> the procurement of 10 million CRV tokens for $4 million and subsequently informed on Twitter his decision to stake the tokens on Curve.","Notably, Egorov\u2019s debt situation on the DeFi lending platform Aave sheds light on his financial strategies. Just yesterday, he had a <a href=\"https:\/\/debank.com\/profile\/0x7a16ff8270133f063aab6c9977183d9e72835428\" data-v-f87c67ca=\"\">stablecoin loan<\/a> on Aave amounting to $60 million, backed by CRV collateral. Today, it\u2019s down to $49 million, illustrating how he\u2019s used the CRV sell-off to manage these repayments.","Currently, Egorov holds a total of 374 million CRV tokens, valued at approximately $220 million in collateral with debt of $79 million across 5 DeFi platforms, <a href=\"https:\/\/twitter.com\/lookonchain\/status\/1687115628006772737\" data-v-f87c67ca=\"\">according to<\/a> Lookonchain."],"hashtag":["ASSETS","DEXS","LENDING","SMART CONTRACTS"]}