{"summary":"Internet Game, a project that has described itself as \u2018HQ Trivia meets NFTs,\u2019 has raised $7 million in a seed funding round. \nHQ Trivia was a hugely popular game that crashed and burned in two years. \nInternet Game has begun minting access tokens for its second season, named Bear Market Battle. ","author":["Lucy Harley-McKeown","The Block"],"webName":"theblock.co","link":"https:\/\/www.theblock.co\/post\/167390\/bankrupt-hq-trivias-nft-reinvention-scores-7-million-seed-round","publishDate":"2022-09-03T04:02:58","id":1966,"type":null,"title":"HQ Trivia&#x27;s NFT reinvention scores $7 million seed round","category":["Gaming and Metaverse"],"content":["Internet Game, a project that has described itself as '<span data-v-f87c67ca=\"\">HQ Trivia meets NFTs,' has raised $7 million in a seed funding round.&nbsp;<\/span>","<span data-v-f87c67ca=\"\">Investors in the seed round include HQ Trivia co-founder Rus Yusupov, ParaFi Capital, Dragonfly Capital, Dephi Digital, Uniswap Ventures, Collab+Currency, Gmoney, Milk Road, Ready Player DAO and Zedd, co-founder of Magic Eden.<\/span>","The project reinvents HQ Trivia as Internet Game, a crypto-based twist on the original model, the company told The Block.","The first <a href=\"https:\/\/docs.google.com\/presentation\/d\/1ut4uEdKyydQ3lFZFoGIMUWpsqXQh_ZE3NugP6UGIE-c\/edit#slide=id.g13ad4d9e874_0_0\" data-v-f87c67ca=\"\"><span data-v-f87c67ca=\"\">season<\/span><\/a> launched in March with<span data-v-f87c67ca=\"\"> 8,000 players minting $2.2 million worth of NFTs to gain access to the game. With those proceeds, t<\/span><span data-v-f87c67ca=\"\">he business purchased more than $1 million in NFT prizes voted on by the players, including items from top flight collections such as Bored Apes, Mutant Apes, Doodles, Azukis and CloneXs.<\/span>","<span data-v-f87c67ca=\"\">Each staked \"Game Token\" NFT allowed participation in five games spread over five days in what the business called a \"Squid Game-like\" competition. <\/span><span data-v-f87c67ca=\"\">Those remaining after five games won a \"Metaverse Access Card NFT,\" which gave owners free access to all future project events and exclusive mini games. <\/span><span data-v-f87c67ca=\"\">The top 100 players by points each won a blue-chip NFT from the prize pool.<\/span>","Via the NFT, a player's rank and score can be sold to another player.","&nbsp;\u201CUnlike most projects, our 'utility' and main KPI is fun,\" Jordan Lejuwaan, co-founder and CEO, said in a statement. \"The experiences we create are an emotional rollercoaster for everyone that plays. The unanimous response from Season 1 was that it was the most fun people had ever had in web3.\u201D","<span data-v-f87c67ca=\"\">As for how it's different to HQ Trivia? \"Trivia questions can only be exciting for so long,\" Lejuwaan told The Block. \"Our model includes a buy-in. HQ Trivia didn't really have a revenue model \u2014 it had to keep increasing the prize pool as usership went up.\"<\/span>","Internet Game: Season 2 \u201CBear Market Battle\u201D launches on Sept. 12 and will be hosted by NFT influencer Gmoney and Clubhouse comedy show host Leah Lamarr. Season 2 features six new games to take place between Sept. 12 and Sept. 23.","Lejuwaan told The Block in an exclusive interview that future seasons of the game will aim to make it more accessible to people who do not own or understand cryptocurrencies, with a lower bar for entry, noncustodial wallets for prizes and payments in dollars.&nbsp;","<span data-v-f87c67ca=\"\">\"We are building with the express purpose of onboarding people to web3,\" he added. \"For season 3, people may not even be aware they're using something built with crypto.\"<\/span>","Lejuwaan and his co-founder Krish Jagirdar are also set to allow other NFT projects to use the games they have built on the platform for their own communities.","\"It's a n<span data-v-f87c67ca=\"\">ew-generation engagement tool,\u201D said Jagirdar. \"The aim is to provide a deeper form of engagement for communities.\"<\/span>","HQ Trivia rose to prominence in 2018 and met a sticky end less than two years later, declaring bankruptcy as <a href=\"https:\/\/www.bbc.co.uk\/news\/newsbeat-51528801\" data-v-f87c67ca=\"\">presenters<\/a> drank and swore during the last live broadcast. The product failed because it was glitchy and lost money. An acquisition offer to keep it alive also fell through. Both co-founder Colin Kroll and Yusupov had previously worked at Twitter and Vine.","The game was free to download and play. A live presenter would ask 12 multiple choice questions and anyone who answered them all correctly would win part of the game's prize fund. During its lifespan it gave away $6 million in cash prizes.&nbsp;","<em data-v-f87c67ca=\"\">This article was updated post-publication to better reflect the mission of the project.<\/em>"],"hashtag":[]}