{"summary":"The Justice Department said China-based companies and their employees were involved in the production of fentanyl and methamphetamine, distributing synthetic opioids and sales \u201Cresulting from precursor chemicals,\u201D in a statement on Tuesday. ","author":["Sarah Wynn","The Block"],"webName":"theblock.co","link":"https:\/\/www.theblock.co\/post\/254592\/justice-department-says-china-based-firms-and-employees-used-crypto-to-distribute-drugs","publishDate":"2023-10-03T16:41:29","id":1989,"type":null,"title":"Justice Department says China-based firms and employees used crypto to distribute drugs","category":["Policy"],"content":["<span class=\"s1\" data-v-f87c67ca=\"\">The U.S. Department of Justice cracked down on several China-based companies and their employees for producing and distributing fentanyl among other drugs, noting that cryptocurrency was used to conceal identities and funds.&nbsp;<\/span>","<span class=\"s1\" data-v-f87c67ca=\"\">The Justice Department said China-based companies and their employees were involved in the production of fentanyl and methamphetamine, distributing synthetic opioids and resulting in sales \"from precursor chemicals,\u201D in a <a href=\"https:\/\/www.justice.gov\/opa\/pr\/justice-department-announces-eight-indictments-against-china-based-chemical-manufacturing\" data-v-f87c67ca=\"\"><span class=\"s2\" data-v-f87c67ca=\"\">statement<\/span><\/a> on Tuesday.&nbsp;<\/span>","<span class=\"s1\" data-v-f87c67ca=\"\">\u201CThese China-based chemical companies often attempt to evade law enforcement by using re-shippers in the United States, false return labels, false invoices, fraudulent postage, and packaging that conceals the true contents of the parcels and the identity of the distributors,\u201D officials said. \u201CIn addition, these companies tend to use cryptocurrency transactions to conceal their identities and the location and movement of their funds.\u201D<\/span>","<span class=\"s1\" data-v-f87c67ca=\"\">Authorities seized 1,000 kilograms of \u201Cfentanyl-related precursor chemicals,\u201D and officials said they also tracked packages containing the chemicals through the U.S. mail. China-based manufacturers ship fentanyl and methamphetamine \u201Cprecursors, opioid additives, and synthetic opioids\u201D globally, where drug cartels and others mix the chemicals and then distribute the drugs in the U.S., officials said.&nbsp;<\/span>","<span class=\"s1\" data-v-f87c67ca=\"\">\u201CWe know that the global fentanyl supply chain, which ends with the deaths of Americans, often starts with chemical companies in China,\u201D said Attorney General Merrick B. Garland, in a statement. \u201CThe United States government is focused on breaking apart every link in that chain, getting fentanyl out of our communities, and bringing those who put it there to justice.\u201D&nbsp;<\/span>","<span class=\"s1\" data-v-f87c67ca=\"\">Fentanyl is the leading cause of death for people in the U.S. from ages 18 to 49, according to the DOJ\u2019s statement.&nbsp;<\/span><span class=\"s1\" data-v-f87c67ca=\"\">\u201CFrom February 2022 to January, at least 105,263 Americans died of drug overdoses, the majority of which involved synthetic opioids such as fentanyl and fentanyl analogues,\u201D it said.&nbsp;<\/span>","<span class=\"s3\" data-v-f87c67ca=\"\">Other officials too have cracked down on the use of crypto to distribute drugs. The <\/span><span class=\"s1\" data-v-f87c67ca=\"\">Department of the Treasury's Office of Foreign Assets Control sanctioned a member of Mexico's Sinaloa Cartel <a href=\"https:\/\/www.theblock.co\/post\/253015\/u-s-treasury-goes-after-ethereum-wallet-used-by-sinaloa-cartel-for-fentanyl-trafficking\" data-v-f87c67ca=\"\"><span class=\"s2\" data-v-f87c67ca=\"\">last week<\/span><\/a>, saying it used an Ethereum wallet to move funds connected to the smuggling of fentanyl into the U.S.&nbsp;<\/span>","<span class=\"s1\" data-v-f87c67ca=\"\">Lawmakers in the U.S. have voiced their concerns over the use of crypto in money laundering and drug trafficking. Sen. Elizabeth Warren, D-Mass., with backing from Sen. Joe Manchin, D-W.Va.., Sen. Roger Marshall, R-Kan., and Lindsey Graham, R-S.C., introduced a <a href=\"https:\/\/www.warren.senate.gov\/newsroom\/press-releases\/warren-marshall-manchin-graham-renew-push-for-bipartisan-legislation-to-crack-down-on-cryptos-use-in-money-laundering-drug-trafficking-and-financing-of-terrorism-and-rogue-nations\" data-v-f87c67ca=\"\"><span class=\"s4\" data-v-f87c67ca=\"\">bill<\/span><\/a> in July to bring crypto into compliance through tightening money laundering and know-your-customer rules.&nbsp;<\/span>"],"hashtag":[]}