{"summary":"The web3 artificial intelligence training firm FLock raised $6 million in seed funding led by Lightspeed Faction and Tagus Capital.\nFLock will use the funds to grow its team and develop an AI training platform powered by federated learning.","author":["MK Manoylov","The Block"],"webName":"theblock.co","link":"https:\/\/www.theblock.co\/post\/285181\/web3-ai-training-firm-flock-raises-6-million-in-seed-funding","publishDate":"2024-03-28T09:01:09","id":20,"type":null,"title":"Web3 AI training firm FLock raises $6 million in seed funding","category":["Venture Capital"],"content":["FLock, a web3 startup that decentralizes artificial intelligence training, raised $6 million in seed funding.&nbsp;","Venture firms Lightspeed Faction and Tagus Capital led the round, which included participation from DCG, OKX Ventures and Volt Capital, among others. The seed round brings FLock's total funding raised to $8 million, the firm's CEO Jiahao Sun told The Block. Sun added that FLock's board of directors will not change following the round since FLock is still at a Simple Agreement for Future Equity (SAFE) stage.&nbsp;","FLock, intentionally stylized that way, will use the funds to grow its team and develop an AI training platform powered by federated learning \u2014 a decentralized machine learning approach that emphasizes data privacy. Sun said FLock uses an open leaderboard to incentivize competition in the machine learning community and sponsored training tasks that set reward criteria for each model.&nbsp;","\"As we continue to grow and expand our platform, we are excited to witness the transformative impact of decentralized AI across various industries, from healthcare and finance to education and beyond,\" Sun said. \"We believe that the future of AI lies in the power of decentralized communities, and we are proud to be at the forefront of this revolution.\""],"hashtag":["SEED &AMP; PRE-SEED"]}