{"summary":"Congressman Auchincloss said that FTX actions may have violated rules that already exist in the U.S., regardless of the technology. ","author":["Kollen Post","The Block"],"webName":"theblock.co","link":"https:\/\/www.theblock.co\/post\/187586\/ftx-actions-were-illegal-100-years-ago-says-rep-auchincloss","publishDate":"2022-11-16T10:42:37","id":2003,"type":null,"title":"FTX actions &#x27;were illegal 100 years ago,&#x27; says Rep. Auchincloss","category":["Policy"],"content":["Congressman Jake Auchincloss, D-Mass., rejected the urgency for new crypto legislation in response to the collapse of FTX last week.","\u201CThe disaster with FTX is just another exclamation point around the need for U.S. clear consistent predictable legislation,\" Auchincloss said. \"The crimes FTX were committing were not some tech-specific, wiz-bang, 2022-era set of crimes. They were illegal 100 years ago. You can't do that.\u201D&nbsp;","The role of venture capitalists and private investors pouring money into crypto startups without performing independent due diligence also drew Auchincloss' criticism. \u201CIf you\u2019re putting money down you should be getting open books in return,\u201D he said.","Congress has reacted strongly to the failure of FTX, partially as a result of that company's ubiquitous presence in Washington, D.C. The line of questioning was in <a href=\"https:\/\/www.theblock.co\/post\/187172\/senate-banking-chair-warns-crypto-could-crash-our-financial-system-following-ftx-collapse\" data-v-f87c67ca=\"\">response to growing alarm<\/a> within Congress and calls for urgent legislation.","Auchincloss was speaking at an event hosted by the Blockchain Association. He began by saying: \u201CMy job is not to be a champion or a booster for the industry.\u201D","Auchincloss, a moderate Democrat, also sits on the House Financial Services Committee, which has been working on <a href=\"https:\/\/www.theblock.co\/post\/185473\/urgent-need-for-legislation-after-ftx-collapse-says-maxine-waters\" data-v-f87c67ca=\"\">legislation focusing on stablecoins<\/a>.","He further addressed the status of partisan lock on crypto, whose loudest critics are generally progressives within his party. \u201CI would disagree with the premise that just because it\u2019s software it\u2019s non-partisan. I would agree that we are probably still pre-partisan when it comes to crypto.\u201D","As for anticipated legislative progress moving forward, he predicted that \u201Celements of the Lummis-Gillibrand Bill can move next Congress.\u201D"],"hashtag":[]}