{"summary":"Sequoia Capital will bet on tokens through its new crypto fund worth $500-600 million.\nThe VC firm will also actively manage tokens, from staking them to providing liquidity to participating in governance.","author":["Yogita Khatri","The Block"],"webName":"theblock.co","link":"https:\/\/www.theblock.co\/post\/134578\/sequoia-capital-new-crypto-fund-tokens","publishDate":"2022-02-17T10:00:45","id":2014,"type":null,"title":"Sequoia Capital launching $500-600 million crypto fund to invest in tokens","category":["Venture Capital"],"content":["<span data-preserver-spaces=\"true\" data-v-f87c67ca=\"\">Sequoia Capital, one of the world's oldest and most successful venture capital firms, is launching a new crypto-focused fund \u2014 its first-ever sector-specific fund since its founding in 1972.<\/span>","<span data-preserver-spaces=\"true\" data-v-f87c67ca=\"\">The Sequoia Crypto Fund will primarily invest in \"liquid tokens\" \u2014 tokens that are already listed on crypto exchanges and those that are yet to be listed \u2014 Shaun Maguire, partner at Sequoia Capital, told The Block in an interview.<\/span>","<span data-preserver-spaces=\"true\" data-v-f87c67ca=\"\">The fund's size is $500-600 million, and it is part of the bigger&nbsp;<\/span><a class=\"editor-rtfLink\" href=\"https:\/\/www.sequoiacap.com\/article\/the-sequoia-fund-patient-capital-for-building-enduring-companies\/\" target=\"_blank\" rel=\"noopener\" data-v-f87c67ca=\"\"><span data-preserver-spaces=\"true\" data-v-f87c67ca=\"\">Sequoia Capital Fund<\/span><\/a><span data-preserver-spaces=\"true\" data-v-f87c67ca=\"\">, which was formed last October as part of the VC firm's restructuring. The Sequoia Capital Fund now holds all of the firm's US and European investments, including stakes in publicly-traded companies.<\/span>","<span data-preserver-spaces=\"true\" data-v-f87c67ca=\"\">In addition to the crypto sub-fund, Sequoia will also continue to invest in crypto startups out of its main seed, venture, growth, and expansion funds that have over $7.5 billion in total capital commitments.<\/span>","<span data-preserver-spaces=\"true\" data-v-f87c67ca=\"\">Sequoia has been investing in crypto since 2015 in both equity and token deals. Last year, 20% of the firm's new investments in the US and Europe were in crypto. Its portfolio companies include FTX,&nbsp;<\/span><a class=\"editor-rtfLink\" href=\"https:\/\/www.theblockcrypto.com\/post\/131952\/fireblocks-raises-550-million-in-series-e-funding-now-valued-at-8-billion\" target=\"_blank\" rel=\"noopener\" data-v-f87c67ca=\"\"><span data-preserver-spaces=\"true\" data-v-f87c67ca=\"\">Fireblocks<\/span><\/a><span data-preserver-spaces=\"true\" data-v-f87c67ca=\"\">,&nbsp;<\/span><a class=\"editor-rtfLink\" href=\"https:\/\/www.theblockcrypto.com\/post\/124479\/ethereum-layer-2-developer-starkware-raises-50-million-now-valued-at-2-billion\" target=\"_blank\" rel=\"noopener\" data-v-f87c67ca=\"\"><span data-preserver-spaces=\"true\" data-v-f87c67ca=\"\">StarkWare<\/span><\/a><span data-preserver-spaces=\"true\" data-v-f87c67ca=\"\">, and Filecoin. When asked why it was launching a crypto-dedicated fund now, Maguire said many founders have increasingly asked Sequoia to take a more active role in managing its tokens. \"This new fund gives us the flexibility to engage even more deeply,\" he said.<\/span>","<span data-preserver-spaces=\"true\" data-v-f87c67ca=\"\">That means instead of just investing in and holding tokens, Sequoia will now start staking them, provide liquidity, participate in governance and trade them. \"Our network of builders at Ethereum, Solana, major DeFi protocols, and beyond have urged us to do the same,\" said Sequoia.<\/span>","<span data-preserver-spaces=\"true\" data-v-f87c67ca=\"\">Sequoia as a firm believes that crypto is more than a sector; it's a fundamental shift that will impact all sectors over the long run.<\/span>","<span data-preserver-spaces=\"true\" data-v-f87c67ca=\"\">Michelle Bailhe, another crypto-focused partner at Sequoia, told The Block in the interview that \"it's day one for crypto,\" meaning crypto is still getting started and going to get only bigger from here.<\/span>","<span data-preserver-spaces=\"true\" data-v-f87c67ca=\"\">Maguire concurred. He said, \"we're still in the absolute beginning. Crypto will be the biggest megatrend in the next 20 to 30 years.\"<\/span>","<span data-preserver-spaces=\"true\" data-v-f87c67ca=\"\">As for its crypto investment thesis, Sequoia is particularly interested in cross-chain interoperability and GameFi projects, said Maguire, adding that multi-chain is the future.<\/span>","<span data-preserver-spaces=\"true\" data-v-f87c67ca=\"\">For interest in specific blockchain protocols, Bailhe said Sequoia is monitoring developer activity across networks, including Terra, Avalanche, NEAR, Polkadot and Cosmos, but there still isn't a clear signal yet which network could witness success like Solana.<\/span>","<span data-preserver-spaces=\"true\" data-v-f87c67ca=\"\">The Sequoia Crypto Fund will have the flexibility to invest in projects, but its check sizes could range in the $100,000 to $50 million range, said Maguire.<\/span>","<span data-preserver-spaces=\"true\" data-v-f87c67ca=\"\">The fund looks to get fully deployed in under a year if the crypto market enters a bear phase and in more than a year if it enters a bull phase, said Maguire. \"And it really just depends on the quality of investments,\" he added.<\/span>","<span data-preserver-spaces=\"true\" data-v-f87c67ca=\"\">The Sequoia Crypto Fund is the first sub-fund of the Sequoia Capital Fund. The firm plans to launch two more general funds \u2014 the expansion and ecosystem funds. Proceeds from these sub-funds then go back into the Sequoia Capital Fund.&nbsp;<\/span>"],"hashtag":[]}