{"summary":"Cryptocurrency exchange Bitfinex announced its plan to delist 46 trading pairs on March 6\nIn the past two years, Bitfinex added support for a number of altcoin projects born out of the Ethfinex platform, but many coins are showing low liquidity","author":["Yilun Cheng","The Block"],"webName":"theblock.co","link":"https:\/\/www.theblock.co\/post\/57632\/bitfinex-to-delist-46-crypto-trading-pairs-amid-the-decline-of-the-global-altcoin-market","publishDate":"2020-03-03T13:44:26","id":2022,"type":null,"title":"Bitfinex to delist 46 crypto trading pairs amid the decline of the global altcoin market","category":["Exchanges"],"content":["<span data-v-f87c67ca=\"\">Bitfinex is set to remove a total of 46 cryptocurrency trading pairs from its platform, effective March 6, due to low liquidity exhibited by a number of altcoins.<\/span>","<span data-v-f87c67ca=\"\">The pairs being delisted include a wide range of altcoins trading against Ethereum (27 trading pairs) and Bitcoin (16 trading pairs) as well as OmiseGo and 0x against DAI and Verge against Japanese yen.&nbsp;<\/span>","<span data-v-f87c67ca=\"\">The decision was prompted by the pairs\u2019 \u201Clow liquidity\u201D on the platform, according to the exchange\u2019s <\/span><a href=\"https:\/\/www.bitfinex.com\/posts\/461\" data-v-f87c67ca=\"\"><span data-v-f87c67ca=\"\">official announcement<\/span><\/a><span data-v-f87c67ca=\"\">. <\/span><span data-v-f87c67ca=\"\">Bitfinex CTO Paolo Ardoino further explained to The Block that many token projects launched during the 2017 ICO boom simply did not take off.<\/span>","<span data-v-f87c67ca=\"\">\u201CBitfinex, like other major cryptocurrency exchanges, has taken the decision this year to go through a liquidity consolidation process, resulting in fewer trading pairs being listed,\u201D said Ardoino. \u201COur decision forms part of a wider industry trend, with many projects born in 2017 having now lost traction.\u201D<\/span>","<span data-v-f87c67ca=\"\">In 2018, Bitfinex started listing an increasing number of trading pairs given its tight collaboration with the <\/span><a href=\"https:\/\/support.bitfinex.com\/hc\/en-us\/articles\/115004422865-What-is-Ethfinex-\" data-v-f87c67ca=\"\"><span data-v-f87c67ca=\"\">Ethfinex<\/span><\/a><span data-v-f87c67ca=\"\"> community \u2013 a hybrid platform offering users access to ERC20 crowdsales. During the past two years, the exchange listed roughly 2-3 pairs for each project \u2013 usually a USD based pair and a BTC or ETH based pair \u2013 leading to approximately 350 pairs currently on the platform.<\/span>","<span data-v-f87c67ca=\"\">According to Bitfinex, these trading pairs captured significant volumes at the time of adoption but slowly lost traction due to the decline of the global altcoin market. Some are currently illiquid with less than $100 in daily volume.&nbsp;<\/span>","<span data-v-f87c67ca=\"\">After reviewing the platform's 6-month trading history and flagging pairs with low interests, the exchange decided to undergo a consolidation process to concentrate all liquidity of a given project into a single pair, typically the USD pair.&nbsp;&nbsp;<\/span>","<span data-v-f87c67ca=\"\">Bitfinex does not currently have a hard cap for the number of pairs it hopes to support since the digital asset landscape is still new and fast-changing in nature. The platform would support around 300 projects after the delisting, which the exchange said seems like a reasonable limit to which it will settle.<\/span>"],"hashtag":[]}