{"summary":"Crypto exchange Coinbase has brought on the UK\u2019s former Chancellor of the Exchequer George Osborne as an advisor.\nOsborne joins other political figures, such as former U.S. Secretary of Defense Dr. Mark T. Esper and former U.S. Senator Patrick Toomey, on Coinbase\u2019s Global Advisory Council.","author":["James Hunt","The Block"],"webName":"theblock.co","link":"https:\/\/www.theblock.co\/post\/275324\/coinbase-george-osborne","publishDate":"2024-01-31T07:50:47","id":2043,"type":null,"title":"Coinbase brings in former UK Chancellor George Osborne as an advisor","category":["People"],"content":["Former UK Chancellor of the Exchequer George Osborne has joined Coinbase as an advisor.","The ex-Finance Minister brings decades of experience in government and international finance, serving as Chancellor from 2010 to 2016. Osborne is currently a partner at Robey Warshaw LLP, a boutique investment bank, and had a brief stint as the editor-in-chief of London\u2019s Evening Standard newspaper after leaving government. He was also an adviser to the BlackRock Investment Institute from 2017 to 2021.","Osborne joins other political figures \u2014 such as former U.S. Secretary of Defense Dr. Mark T. Esper, former U.S. Senator Patrick Toomey, former U.S. representative Stephanie Murphy and former U.S. Congressman Sean Patrick Maloney \u2014 on Coinbase\u2019s Global Advisory Council.","\u201CWe are pleased to have George join our council at an exciting time for us in the UK and globally,\u201D Coinbase Chief Policy Officer Faryar Shirzad said in a statement. \u201CGeorge brings with him a wealth of experience in business, journalism and government. We look forward to relying on his insights and experiences as we grow Coinbase around the world.\u201D","Coinbase\u2019s Advisory Council was set up to inform its global growth strategy amid a time of regulatory scrutiny. The crypto exchange recently secured licenses in France, Spain, Singapore, and Bermuda and has expanded access to its products to over 20 African nations. However, the California-based company has faced regulatory challenges at home, with the U.S. Securities and Exchange Commission <a href=\"https:\/\/www.theblock.co\/post\/233270\/sec-sues-coinbase-binance\" data-v-f87c67ca=\"\">suing<\/a> Coinbase last year, alleging it had violated securities laws.","In the UK, Prime Minister Rishi Sunak <a href=\"https:\/\/www.theblock.co\/post\/234095\/a16z-uk-expansion\" data-v-f87c67ca=\"\">said<\/a> in June he was keen on providing regulatory clarity regarding how crypto firms should register and operate in the country \u2014 as part of his ambitions for the UK to become a global hub for web3. However, several crypto firms have decided to suspend services or exit the UK market in recent months amid <a href=\"https:\/\/www.theblock.co\/post\/273763\/fca-crypto-rules-sunak-uk-web3-hub\" data-v-f87c67ca=\"\">strict<\/a> new marketing rules from the country\u2019s financial regulator.","Coinbase <a href=\"https:\/\/www.coinbase.com\/pt\/blog\/an-update-to-coinbases-global-scale-to-go-broad-and-deep\" data-v-f87c67ca=\"\">said<\/a> last year that the UK is one of its fastest-growing markets, with its research showing that 22% of adults in the country own cryptocurrency. Coinbase CEO Brian Armstrong previously spoke alongside Osborne at UK Fintech Week in 2023 about the leadership the UK was showing in creating a welcoming regulatory environment.","\u201CThere\u2019s a huge amount of exciting innovation in finance right now,\u201D Osborne said. \u201CBlockchains are transforming financial markets and online transactions. Coinbase is at the frontier of these developments. I look forward to working with the team there as they build a new future in financial services.\u201D"],"hashtag":["COINBASE"]}