{"summary":"DeFi protocol Cream Finance has suffered another exploit, this time for more than $130 million\nThe funds stolen were mostly in Cream LP tokens and other ERC-20s.","author":["Tim Copeland","The Block"],"webName":"theblock.co","link":"https:\/\/www.theblock.co\/post\/122241\/ethereum-defi-protocol-cream-finance-hacked-for-115-million","publishDate":"2021-10-27T10:45:24","id":2055,"type":null,"title":"Ethereum DeFi protocol Cream Finance hacked for more than $130 million","category":["DeFi"],"content":["<strong data-v-f87c67ca=\"\">UPDATE (4:25 p.m. ET):<\/strong> The Cream Finance team <a href=\"https:\/\/twitter.com\/CreamdotFinance\/status\/1453455810164523016\" target=\"_blank\" rel=\"noopener\" data-v-f87c67ca=\"\">confirmed<\/a> the theft of $130 million worth of tokens in a new tweet, saying that \"Our Ethereum C.R.E.A.M. v1 lending markets were exploited and liquidity was removed on October 27, 1354 UTC.\"","\"With the help of friends from @iearnfinance and others in the community, we were able to identify the vulnerabilities and patch them. In the meantime, we've paused our v1 lending markets on Ethereum and we're in the process of putting together a post-mortem review,\" the team said. \"We apologize to our users and community for this unfortunate incident and thank you for your support.\"","DeFi protocol Cream Finance has been hacked for more than $130 million. The exploit was highlighted by PeckShield, who identified a <a href=\"https:\/\/twitter.com\/peckshield\/status\/1453364046904786950\" data-v-f87c67ca=\"\">large flash loan<\/a> transaction that was used to carry it out.","According to blockchain records, $92 million was stolen into one address and $23 million into another, alongside other funds taken. The funds are now being moved around to different wallets.","The funds stolen were mostly in Cream LP tokens and other ERC-20 tokens. Cream LP tokens are tokens you receive when you deposit funds into the Cream pools.","The price of cream (CREAM) has plummeted following the news, down from $152 to $111 in minutes \u2014 a 27% drop \u2014 according to <a href=\"https:\/\/www.coingecko.com\/en\/coins\/cream\" data-v-f87c67ca=\"\">CoinGecko<\/a>.","According to the <a href=\"https:\/\/etherscan.io\/tx\/0x0fe2542079644e107cbf13690eb9c2c65963ccb79089ff96bfaf8dced2331c92\" data-v-f87c67ca=\"\">exploit transaction<\/a>, the hacker left a somewhat unusual message. They wrote, \"gÃTµ Baave lucky, iron bank lucky, cream not. ydev : incest bad, dont do.\" This appears to refer to DeFi lending platforms Aave and Iron Bank, along with Cream Finance.","Cream Finance is a decentralized lending protocol built on the Ethereum blockchain. The protocol has notably suffered multiple flash loan attacks in its history, losing <a href=\"https:\/\/www.theblockcrypto.com\/linked\/94809\/alpha-homora-exploited-for-37-5m\" data-v-f87c67ca=\"\">$37.5 million in February<\/a> and then another <a href=\"https:\/\/www.theblockcrypto.com\/linked\/116055\/creamfinance-exploited-in-18-8-million-flash-loan-attack\" data-v-f87c67ca=\"\">$18.8 million in August<\/a>.","Today's hack is the third largest DeFi hack in history, according to <a href=\"https:\/\/rekt.news\/leaderboard\/\" data-v-f87c67ca=\"\">Rekt's leaderboard<\/a> (although both of the two bigger hacks had funds returned).","This will bring the total amount of funds stolen in DeFi attacks above $500 million (graph not yet updated).","<iframe frameborder=\"0\" height=\"420\" src=\"https:\/\/www.theblock.co\/data\/decentralized-finance\/exploits\/funds-stolen-by-defi-attackers\/embed\" title=\"Funds stolen by DeFi attackers\" width=\"100%\" data-v-f87c67ca=\"\"><\/iframe>","<em data-v-f87c67ca=\"\">This story has been updated to show the amount of funds stolen was higher than initial estimates.<br data-v-f87c67ca=\"\">\n<\/em>","<i data-stringify-type=\"italic\" data-v-f87c67ca=\"\">For more breaking stories like this, make sure to follow The Block on&nbsp;<\/i><i data-stringify-type=\"italic\" data-v-f87c67ca=\"\"><a class=\"c-link\" href=\"https:\/\/twitter.com\/TheBlock__\" target=\"_blank\" rel=\"noopener noreferrer\" data-stringify-link=\"https:\/\/twitter.com\/TheBlock__\" data-sk=\"tooltip_parent\" data-v-f87c67ca=\"\">Twitter<\/a><\/i><i data-stringify-type=\"italic\" data-v-f87c67ca=\"\">.<\/i>"],"hashtag":["LENDING"]}