{"summary":"A number of verified Twitter accounts have been hacked in the last week, in order to tweet out links to a phishing site.\nThis attack led to the theft of 35 NFTs worth over $900,000.","author":["Callan Quinn","The Block"],"webName":"theblock.co","link":"https:\/\/www.theblock.co\/post\/139917\/35-nfts-including-bored-apes-stolen-via-phishing-attack-in-last-week-alone","publishDate":"2022-03-30T14:16:39","id":2059,"type":null,"title":"35 NFTs including Bored Apes stolen via phishing attack in last week alone","category":["Hacks"],"content":["<span data-v-f87c67ca=\"\">At least 35 NFTs have been stolen due to a widespread phishing attack involving hacked Twitter accounts, according to data from blockchain analytics company Elliptic.<\/span>","<span data-v-f87c67ca=\"\">Scammers have made off with at least $900,000 in NFTs over the past week, per Elliptic. Five of the stolen items were Bored Ape, Mutant Ape or Bored Ape Kennel Club NFTs, and nine high profile individuals have reported falling victim to the attack.&nbsp;<\/span>","Earlier this month, BAYC <a href=\"https:\/\/www.theblockcrypto.com\/linked\/138156\/apecoin-tied-to-bored-ape-nft-ecosystem-debuts-with-planned-community-airdrop\" data-v-f87c67ca=\"\">launched an airdrop<\/a> of ApeCoin tokens for Bored and Mutant Ape NFT holders. For this attack, scammers <span data-v-f87c67ca=\"\">hacked multiple verified Twitter accounts in order to promote links to a URL impersonating an ApeCoin token airdrop site. Some of the Twitter accounts had more than 50,000 followers.<\/span>","<span data-v-f87c67ca=\"\">Unsuspecting victims who clicked on the phishing links included both BAYC NFT owners and non-holders willing to cough up 0.33 ETH ($1,130) to take part. However, instead of registering for the chance to claim ApeCoin tokens in a new airdrop, they found themselves faced with malicious code that gave the scammers access to their wallet.<\/span>","<span data-v-f87c67ca=\"\">\u201CThe tweet looked strange, but this is someone that I had actually followed [previously] so I didn\u2019t overthink it... I clicked the link in the tweet and was immediately prompted to connect my wallet, which I did not do,\u201D explained Aaron Cadena, co-founder of NFT-themed vaping company Gutter Bars, in a <\/span><a href=\"https:\/\/twitter.com\/aarontcadena\/status\/1505951034404794373\" data-v-f87c67ca=\"\"><span data-v-f87c67ca=\"\">tweet thread<\/span><\/a><span data-v-f87c67ca=\"\"> detailing how his #2017 and #2904 Gutter Cats were taken.<\/span>","<span data-v-f87c67ca=\"\">&nbsp;<\/span><span data-v-f87c67ca=\"\">\u201CAfter clicking cancel, the prompt kept popping up over and over again. I clicked cancel a few more times, then caught onto what was happening and tried leaving the site but my screen was locked.\u201D<\/span>","<span data-v-f87c67ca=\"\">Cadena describes how, despite force quitting the browser, he received a notification that two assets had been transferred from his wallet.<\/span><span data-v-f87c67ca=\"\">&nbsp;<\/span>","<span data-v-f87c67ca=\"\">\u201CIt felt like a punch in the gut. I\u2019m not sure how this was done since I never connected my wallet,\u201D he said, adding that third parties later agreed to sell the NFTs back to him at cost. \u201CAfter this whole ordeal, I\u2019ll be out 20 ETH, which sucks, but it could\u2019ve been a lot worse.\u201D<\/span>","<span data-v-f87c67ca=\"\">AnChain.ai, which <\/span><a href=\"https:\/\/twitter.com\/AnChainAI\/status\/1506383459111124992\" data-v-f87c67ca=\"\"><span data-v-f87c67ca=\"\">published a separate breakdown<\/span><\/a><span data-v-f87c67ca=\"\"> of the scam, said that \u201Cthe fact that hacked verified accounts are not triggering Twitter\u2019s spam detection when using a script to push out multiple tweets per second is absurd.\u201D<\/span>","<span data-v-f87c67ca=\"\">&nbsp;<\/span><span data-v-f87c67ca=\"\">Twitter has not responded to requests for comment by press time.<\/span>"],"hashtag":["TWITTER"]}