{"summary":"Traditional financial institutions like BlackRock and investors from the Gulf region including UAE and Qatar are interested in investing in blockchain, said Cheng.\nIn August, investment into crypto startups sunk to its lowest level in more than two years.","author":["RT Watson","The Block"],"webName":"theblock.co","link":"https:\/\/www.theblock.co\/post\/257788\/mysten-labs-ceo-thinks-strategic-money-will-flow-into-crypto-despite-slowdown","publishDate":"2023-10-16T17:17:46","id":2147,"type":null,"title":"Mysten Labs CEO thinks strategic money will flow into crypto despite slowdown","category":["Venture Capital"],"content":["<span data-v-f87c67ca=\"\">Money has been tight since the hype-driven crypto bull run subsided months ago, but investment capital will once again begin to flow, deployed more strategically and with added caution, Mysten Labs CEO Evan Cheng told The Block in an interview.<\/span>","<span data-v-f87c67ca=\"\">\"Investors are looking. The <a href=\"https:\/\/www.theblock.co\/post\/257826\/blackrocks-larry-fink-says-bitcoin-rumor-rally-shows-pent-up-interest-in-crypto\" data-v-f87c67ca=\"\">BlackRocks<\/a> of the world are obviously not dummies. They do recognize there is opportunity here,\" said Cheng. \"I\u2019ve been talking to people in the Gulf region, UAE, Qatar \u2026 there\u2019s a ton of interest. They very much want to get ahead of that. Same thing in Asia, in the APAC region. So money will come in, but they will be much, much more strategic about it.\"<\/span>","<span data-v-f87c67ca=\"\">Cheng has plenty of experience interacting with investors interested in web3. Besides closing a $300 million round in 2022 that included the participation of <\/span><span data-v-f87c67ca=\"\">Andreessen Horowitz's a16z crypto unit<\/span><span data-v-f87c67ca=\"\">, the executive <a href=\"https:\/\/www.theblock.co\/post\/210189\/mysten-labs-ceo-evan-cheng-web3-fund\" data-v-f87c67ca=\"\">was also said<\/a> to be <\/span><span data-v-f87c67ca=\"\">pitching, earlier this year, a web3 fund valued at more than $100 million.<\/span>","<span data-v-f87c67ca=\"\">Mysten, co-founded by Cheng, is the creator of the buzzy Layer 1 blockchain Sui that leverages the Move programming language, first developed at Meta where Cheng previously worked. Before that he spent more than a decade at Apple.<\/span>","<span data-v-f87c67ca=\"\">Cheng is encouraged by traditional finance's growing interest in crypto and blockchain, and envisions a more mature and merit-based landscape will taking root.<\/span>","<span data-v-f87c67ca=\"\">Traditional financial institutions \"understand what the consumer wants, how to use this technology better,\" he said. \"What we anticipate is once we get passed this hyper bearish, uncertain market, there will be emerging winners, they will be the ones rewarded on merit. I'm not saying there won't be speculative activities, but it will be somewhat merit based.\"<\/span>","<span data-v-f87c67ca=\"\">Venture investment in crypto startups dropped considerably in the past year, with less than $500 million <\/span><a href=\"https:\/\/www.theblock.co\/post\/251367\/blockchain-capital-580-million-two-new-funds\" data-v-f87c67ca=\"\"><span data-v-f87c67ca=\"\">invested<\/span><\/a><span data-v-f87c67ca=\"\"> in August. That was the lowest level recorded in more than two years.<\/span>"],"hashtag":[]}