{"summary":"The global macro environment is currently weighing on the sector, but opportunities are there to build a better ecosystem \nRegulatory frameworks emerging in Europe with positive ramifications for the rest of the world \nInstitutional investment, discipline and focus will lead us out of the \u2018crypto winter\u2019 ","author":["Sponsored","The Block"],"webName":"theblock.co","link":"https:\/\/www.theblock.co\/post\/180399\/maximizing-opportunities-in-a-crypto-bear-market","publishDate":"2022-10-27T08:50:54","id":2151,"type":null,"title":"Maximizing opportunities in a crypto bear market","category":["Sponsored"],"content":["<span data-contrast=\"auto\" data-v-f87c67ca=\"\">Despite the current global macro environment, there are still opportunities for digital assets, particularly where market participants can combine the <\/span><a href=\"https:\/\/www.lmaxdigital.com\/members\/?\" data-v-f87c67ca=\"\"><span data-contrast=\"none\" data-v-f87c67ca=\"\">fundamentals of traditional finance <\/span><\/a><span data-contrast=\"auto\" data-v-f87c67ca=\"\">with the imagination and creativity of crypto. In addition, regulatory progress is being made with the introduction of European regulations which have been passed to protect retail investors and grow this nascent asset class.<\/span><span data-ccp-props=\"{&quot;201341983&quot;:0,&quot;335551550&quot;:6,&quot;335551620&quot;:6,&quot;335559739&quot;:160,&quot;335559740&quot;:259}\" data-v-f87c67ca=\"\">&nbsp;<\/span>","<span data-contrast=\"auto\" data-v-f87c67ca=\"\">With a market cap of $1 trillion, the digital assets sector has not stood still, with significant announcements from leading global institutions in the past few months to <\/span><a href=\"https:\/\/www.lmaxdigital.com\/technology\/?utm_source=theblock&amp;utm_medium=sponsoredpost&amp;utm_content=link2&amp;utm_campaign=Oct22\" data-v-f87c67ca=\"\"><span data-contrast=\"none\" data-v-f87c67ca=\"\">invest, clear, trade and store crypto<\/span><\/a><span data-contrast=\"auto\" data-v-f87c67ca=\"\">. It feels inevitable that the market has the potential to grow to $6 trillion over the next 2-3 years with the right support. That may sound like a big leap, but there are $7 trillion foreign exchange trades every day and with total global assets of $200 trillion, we believe a $6 trillion crypto market is eminently achievable.<\/span><span data-ccp-props=\"{&quot;201341983&quot;:0,&quot;335551550&quot;:6,&quot;335551620&quot;:6,&quot;335559739&quot;:160,&quot;335559740&quot;:259}\" data-v-f87c67ca=\"\">&nbsp;<\/span>","<span data-contrast=\"auto\" data-v-f87c67ca=\"\">Big names are entering the digital assets space and every bulge bracket bank is exploring ways to access the market within compliance constraints, with one just this month announcing its storage capabilities. With all this activity, others will follow, for fear of losing out. Whilst we anticipate that it will be a tough 6-12 months ahead, we are still of the firm belief that a time will come when crypto will be as easy to access as the gold market.<\/span><span data-ccp-props=\"{&quot;201341983&quot;:0,&quot;335551550&quot;:6,&quot;335551620&quot;:6,&quot;335559739&quot;:160,&quot;335559740&quot;:259}\" data-v-f87c67ca=\"\">&nbsp;<\/span>","<b data-v-f87c67ca=\"\"><span data-contrast=\"auto\" data-v-f87c67ca=\"\">Regulatory green shoots<\/span><\/b><span data-ccp-props=\"{&quot;201341983&quot;:0,&quot;335551550&quot;:6,&quot;335551620&quot;:6,&quot;335559739&quot;:160,&quot;335559740&quot;:259}\" data-v-f87c67ca=\"\">&nbsp;<\/span>","<span data-contrast=\"auto\" data-v-f87c67ca=\"\">Current blockages to greater crypto investment include credit access and regulatory determinism, but with the European Commission passing the landmark Regulation on Markets in crypto-assets (MiCA) earlier this month, there is greater pressure for other international regulators to follow.&nbsp; We have long argued that regulatory determinism is needed to encourage the adoption and growth of digital assets and at the heart of this is the protection of retail consumers.&nbsp;&nbsp;<\/span><span data-ccp-props=\"{&quot;201341983&quot;:0,&quot;335551550&quot;:6,&quot;335551620&quot;:6,&quot;335559739&quot;:160,&quot;335559740&quot;:259}\" data-v-f87c67ca=\"\">&nbsp;<\/span>","<span data-contrast=\"auto\" data-v-f87c67ca=\"\">There is still an urgent need for retail protection in markets outside the EU and despite moves in this direction, it is yet to appear in the US or the UK. If they don\u2019t move soon, the global hub for digital assets may well be located somewhere beyond the two main global financial centres of New York and London.<\/span><span data-ccp-props=\"{&quot;201341983&quot;:0,&quot;335551550&quot;:6,&quot;335551620&quot;:6,&quot;335559739&quot;:160,&quot;335559740&quot;:259}\" data-v-f87c67ca=\"\">&nbsp;<\/span>","<b data-v-f87c67ca=\"\"><span data-contrast=\"auto\" data-v-f87c67ca=\"\">Institutional investment is key<\/span><\/b><span data-ccp-props=\"{&quot;201341983&quot;:0,&quot;335551550&quot;:6,&quot;335551620&quot;:6,&quot;335559739&quot;:160,&quot;335559740&quot;:259}\" data-v-f87c67ca=\"\">&nbsp;<\/span>","<span data-contrast=\"auto\" data-v-f87c67ca=\"\">Although retail protection is key to growth, we believe the weight of institutional investment will help lead us into a \u2018crypto spring\u2019. With the current macro uncertainty, we are not there yet, and we can\u2019t see much to drive the market up in the short term over the next six months. It is not all doom and gloom though, despite the current headwinds, <\/span><a href=\"https:\/\/www.lmax.com\/about?utm_source=theblock&amp;utm_medium=sponsoredpost&amp;utm_content=link4&amp;utm_campaign=Oct22\" data-v-f87c67ca=\"\"><span data-contrast=\"none\" data-v-f87c67ca=\"\">LMAX Group<\/span><\/a><span data-contrast=\"auto\" data-v-f87c67ca=\"\"> has seen a 20% increase in its client base, and we are firm in our belief that once the market starts to move upwards again, the foundations for future market growth will be stronger than ever. What we are seeing is a more diverse, institutional and solid digital assets\u2019 ecosystem which has continued to grow over the past twelve months and will be well placed to capitalise when the bull market returns.&nbsp;&nbsp;<\/span><span data-ccp-props=\"{&quot;201341983&quot;:0,&quot;335551550&quot;:6,&quot;335551620&quot;:6,&quot;335559739&quot;:160,&quot;335559740&quot;:259}\" data-v-f87c67ca=\"\">&nbsp;<\/span>","<b data-v-f87c67ca=\"\"><span data-contrast=\"auto\" data-v-f87c67ca=\"\">Discipline and focus<\/span><\/b><span data-ccp-props=\"{&quot;201341983&quot;:0,&quot;335551550&quot;:6,&quot;335551620&quot;:6,&quot;335559739&quot;:160,&quot;335559740&quot;:259}\" data-v-f87c67ca=\"\">&nbsp;<\/span>","<span data-contrast=\"auto\" data-v-f87c67ca=\"\">The best companies are built during periods of lower activity, but these are the ones with a singular focus. This is true regardless of which part of the capital markets\u2019 sector you are operating in \u2013 crypto is no different. Only with a core idea, focus and discipline will crypto firms continue to operate and have the longevity into the next ten years and beyond.<\/span><span data-ccp-props=\"{&quot;201341983&quot;:0,&quot;335551550&quot;:6,&quot;335551620&quot;:6,&quot;335559739&quot;:160,&quot;335559740&quot;:259}\" data-v-f87c67ca=\"\">&nbsp;<\/span>","<a href=\"https:\/\/www.lmaxdigital.com\/overview\/?utm_source=theblock&amp;utm_medium=sponsoredpost&amp;utm_content=link5&amp;utm_campaign=Oct22\" data-v-f87c67ca=\"\"><span data-contrast=\"none\" data-v-f87c67ca=\"\">LMAX Digital<\/span><\/a><span data-contrast=\"auto\" data-v-f87c67ca=\"\">\u202Fis part of the LMAX Group, an independent operator of multiple institutional execution venues for FX &amp; crypto currency trading.\u202F\u202F\u202F<\/span><span data-ccp-props=\"{&quot;201341983&quot;:0,&quot;335559739&quot;:160,&quot;335559740&quot;:259}\" data-v-f87c67ca=\"\">&nbsp;<\/span>","<span data-contrast=\"auto\" data-v-f87c67ca=\"\">We've been at the forefront of the institutionalisation of crypto trading since 2018 - with a\u202F100% exchange uptime\u202F- ensuring\u202Forderly markets\u202Fduring times of the highest volatility.\u202F\u202F<\/span><span data-ccp-props=\"{&quot;201341983&quot;:0,&quot;335559739&quot;:160,&quot;335559740&quot;:259}\" data-v-f87c67ca=\"\">&nbsp;<\/span>","<span data-contrast=\"auto\" data-v-f87c67ca=\"\">Keep up to date with LMAX Digital, sign-up for the\u202F<\/span><a href=\"https:\/\/www.lmaxdigital.com\/?newsletter-signup\" data-v-f87c67ca=\"\"><span data-contrast=\"none\" data-v-f87c67ca=\"\">\u202FLMAX Digital News Bulletin<\/span><\/a><span data-contrast=\"auto\" data-v-f87c67ca=\"\">\u202F\u202F\u202F<\/span><span data-ccp-props=\"{&quot;201341983&quot;:0,&quot;335559739&quot;:160,&quot;335559740&quot;:259}\" data-v-f87c67ca=\"\">&nbsp;<\/span>","<em data-v-f87c67ca=\"\">This post is commissioned by LMAX Group and does not serve as a testimonial or endorsement by The Block. This post is for informational purposes only and should not be relied upon as a basis for investment, tax, legal or other advice. You should conduct your own research and consult independent counsel and advisors on the matters discussed within this post. Past performance of any asset is not indicative of future results.<\/em>"],"hashtag":[]}