{"summary":"Cryptocurrency exchange Coinbase said it will begin charging a fee of 0.1% when institutional clients make USDC to USD net conversions in excess of $75 million.\nClients that hold over $500 million of assets with Coinbase or keep an average balance of $100 million in USD or USDC over a calendar month will be exempt.","author":["RT Watson","The Block"],"webName":"theblock.co","link":"https:\/\/www.theblock.co\/post\/274986\/coinbase-to-charge-fees-on-usdc-to-usd-conversions-over-75-million","publishDate":"2024-01-29T17:26:27","id":2167,"type":null,"title":"Coinbase to charge fees on USDC to USD conversions over $75 million","category":["Exchanges"],"content":["<span data-v-f87c67ca=\"\">Coinbase said Monday that it will begin charging a fee when institutional clients make <span class=\"articleTooltip\" data-v-baf5685a=\"\" data-v-f87c67ca=\"\"><a href=\"\/price\/248353\/usd-coin-usdc-usd\" class=\"articleTooltip__link\" data-v-baf5685a=\"\"><img src=\"https:\/\/www.tbstat.com\/wp\/uploads\/2023\/10\/usdc.png\" alt=\"\" title=\"\" class=\"articleTooltip__tokenImage\" data-v-baf5685a=\"\"> <span class=\"articleTooltip__tokenText\" data-v-baf5685a=\"\">USDC<\/span> <span class=\"articleTooltip__tokenText articleTooltip__tokenText_price articleTooltip__tokenText_positive\" data-v-baf5685a=\"\">\n      +0.0084%\n    <\/span><\/a> <!----><\/span> to USD net conversions in excess of $75 million \"per rolling 30-day period.\"<\/span>","Conversions between $75 million and $150 million will incur a 0.1% fee, while transactions of $150 million to $500 million will see a fee of 0.15%. USDC to USD conversions over $500 million will be charged 0.2%, the company <a href=\"http:\/\/it will begin charging a fee of 0.1% when institutional clients make USDC to USD net conversions in excess of $75 million.\" data-v-f87c67ca=\"\">said<\/a>.","Circle is the issuer of the USDC, which <a href=\"https:\/\/www.theblock.co\/post\/272539\/tethers-market-share-grew-by-21-points-in-2023-supply-now-surpasses-100-billion-coins\" data-v-f87c67ca=\"\">was last year overtaken<\/a> by Tether's USDT token as the largest stablecoin by market cap.","\"Coinbase Prime clients with over $500 million of assets on platform or holding on average $100 million in USD\/USDC over a calendar month are exempt from USDC Conversion Fees,\" the company added.","Additionally, members of the Coinbase Exchange Liquidity Program \"who have qualified for Tier 1 or Tier 2\" will be exempt from USDC conversion fees whenever they meet their monthly eligibility.","\"Coinbase is committed to innovating our product offerings and listening to user feedback to ensure we deliver the premium experience that our customers expect while also driving our business goals,\" a company spokesperson said.","<iframe frameborder=\"0\" height=\"420\" src=\"https:\/\/www.theblock.co\/data\/stablecoins\/usd-pegged\/total-fiat-backed-stablecoin-supply\/embed\" title=\"Total Fiat-backed Stablecoin Supply on Ethereum\" width=\"100%\" data-v-f87c67ca=\"\"><\/iframe>"],"hashtag":["COINBASE"]}