{"summary":"Decentralized exchange infrastructure provider 0x has launched a new platform that aggregates liquidity from multiple DEXs\nThe goal is to be the Robinhood of DEX trading","author":["Mike Orcutt","The Block"],"webName":"theblock.co","link":"https:\/\/www.theblock.co\/post\/70023\/0x-consumer-product-matcha-dex","publishDate":"2020-06-30T17:52:50","id":2171,"type":null,"title":"0x&#x27;s first consumer product is an aggregator of decentralized exchanges","category":["Cryptocurrency"],"content":["<span data-v-f87c67ca=\"\">Decentralized exchange infrastructure provider 0x has launched its first consumer product: a platform that aggregates liquidity from other decentralized exchanges.<\/span>","<span data-v-f87c67ca=\"\">When a trader places an order on the new service, called <\/span><a href=\"https:\/\/matcha.xyz\/blog\/say-hello-to-matcha\" data-v-f87c67ca=\"\"><span data-v-f87c67ca=\"\">Matcha<\/span><\/a><span data-v-f87c67ca=\"\">, it splits the trade across several different networks \u2014 including <\/span><a href=\"https:\/\/www.reddit.com\/r\/0xProject\/comments\/cf0hh8\/0x_mesh_beta_release\/\" data-v-f87c67ca=\"\"><span data-v-f87c67ca=\"\">0x Mesh<\/span><\/a><span data-v-f87c67ca=\"\">, Uniswap, Curve, Oasis and other \u201Cproprietary liquidity sources\u201D \u2014 in order to surface the best price.<\/span>","<span data-v-f87c67ca=\"\">As The Block Research has reported, a recent rise in trading volumes on decentralized exchanges (DEXs) has led to <\/span><a href=\"https:\/\/www.theblockresearch.com\/dex-aggregators-user-experience-69468\" data-v-f87c67ca=\"\"><span data-v-f87c67ca=\"\">a growing interest in so-called DEX aggregators<\/span><\/a><span data-v-f87c67ca=\"\">.&nbsp;<\/span>","<span data-v-f87c67ca=\"\">Liquidity for DEX trading is spread out over a number of different platforms, which can lead to \"slippage\"\u2014 a discrepancy between the price a trader expects and the one at which the trade executes. DEX aggregators are supposed to help mitigate that problem.<\/span>","<span data-v-f87c67ca=\"\">Matcha will have competition. Early leaders in the field include <\/span><a href=\"https:\/\/1inch.exchange\/#\/\" data-v-f87c67ca=\"\"><span data-v-f87c67ca=\"\">1inch<\/span><\/a><span data-v-f87c67ca=\"\"> and <\/span><a href=\"https:\/\/paraswap.io\/#\/\" data-v-f87c67ca=\"\"><span data-v-f87c67ca=\"\">Paraswap<\/span><\/a><span data-v-f87c67ca=\"\">. But 0x\u2019s marketing lead Matt Taylor contended in an interview with The Block that Matcha\u2019s order routing system would be better than those already available. \"We feel like we\u2019re kind of the first professional team to really hone in on the algorithms for how these orders are split between the various exchange networks.\"<\/span>","<span data-v-f87c67ca=\"\">Besides that, the new service will put a big emphasis on user experience. \u201CDEXs are kind of hard to use,\u201D said Taylor. Ethereum gas prices and waiting times can be inconvenient, and as such, 0x sees a \u201Chuge opportunity to uplevel the design of a DEX,\u201D he said.<\/span>","<span data-v-f87c67ca=\"\">As for other DEX aggregators, they \"all have similar UI\/UX that basic crypto traders and non-native crypto users would likely find non-intuitive and intimidating,\" 0x's community engagement lead Brent Oshiro <\/span><a href=\"https:\/\/www.reddit.com\/r\/0xProject\/comments\/hdvqts\/what_separates_matcha_from_other_dex_aggregators\/\" data-v-f87c67ca=\"\"><span data-v-f87c67ca=\"\">wrote<\/span><\/a><span data-v-f87c67ca=\"\"> in a recent Reddit post.<\/span>","<span data-v-f87c67ca=\"\">Taylor compared the project to Robinhood, the popular stock trading app. \"They did such a good job of designing a user-friendly application that it has brought in a new wave of users into stock trading, and we feel like Matcha can do that for DEX trading.\"<\/span>","<span data-v-f87c67ca=\"\">0x will not charge for the use of the service for the time being. But eventually, it may introduce some kind of trading fee system, according to Taylor.<\/span>"],"hashtag":[]}