{"summary":"Binance will no longer offer crypto derivatives trading to users in three European countries: Germany, Italy, and the Netherlands.\nBinance has plans to shut its crypto derivatives trading offering across the European region in the future.","author":["Yogita Khatri","The Block"],"webName":"theblock.co","link":"https:\/\/www.theblock.co\/post\/113068\/binance-crypto-derivatives-trading-europe-shut-down","publishDate":"2021-07-30T05:22:15","id":2188,"type":null,"title":"Binance winds down derivatives offerings in three European countries ","category":["Exchanges"],"content":["Crypto exchange Binance <a href=\"https:\/\/www.binance.com\/en\/support\/announcement\/f72d0fff2bd24b488213fa30284dd4cd?ref=JLI1VBLA&amp;utm_source=BinanceTwitter&amp;utm_medium=GlobalSocial&amp;utm_campaign=GlobalSocial\" data-v-f87c67ca=\"\">announced<\/a> Friday that it will no longer offer crypto futures and options trading to users in three European countries: Germany, Italy, and the Netherlands.","With immediate effect, new users from these countries will no longer be able to open accounts with Binance to trade crypto derivatives. As for existing users, Binance said it will announce a date later, and from that date, users from these countries will have 90 days to close their open positions.","While the initial action is on the three regions, Binance said it has plans to shut its crypto derivatives trading offering across the European region.","\"As the crypto ecosystem evolves globally, we are continually evaluating our products and working with our partners to meet our users\u2019 needs,\" said Binance.","The move comes as Binance is facing increasing scrutiny from regulators around the world. Earlier this month, the exchange also <a href=\"https:\/\/www.theblockcrypto.com\/post\/111661\/binance-ceases-stock-tokens-trading\" data-v-f87c67ca=\"\">ceased its stock tokens trading offering<\/a>.","Binance CEO Changpeng \"CZ\" <a href=\"https:\/\/www.theblockcrypto.com\/post\/112319\/binance-us-ipo-cz-comments-crypto-exchange\" data-v-f87c67ca=\"\">Zhao recently said<\/a> that the crypto space is now \"relatively heavily regulated,\" and that Binance has to make a \"big pivot from a technology startup into a financial services company.\"","He went on to say that Binance is looking to set up physical headquarters in multiple jurisdictions as regulators want to see offices and legal entities. Until now, Binance says it has operated in a \"decentralized\" manner. But given the mounting regulatory pressure, Zhao is, in fact, open to the idea of having new Binance CEO with a \"very strong regulatory background.\"","Binance launched its futures trading platform in September 2019 and options trading in April 2020. It is the largest bitcoin futures trading platform in terms of both open interest and trading volume, <a href=\"https:\/\/www.theblockcrypto.com\/data\/crypto-markets\/futures\" data-v-f87c67ca=\"\">according to The Block Data Dashboard.<\/a>","Binance had nearly $14 billion worth of open interest, or the value of outstanding derivative contracts that are yet to be settled, as of July 29. In percentage terms, that is nearly 24% of the market share.","<iframe frameborder=\"0\" height=\"420\" src=\"https:\/\/www.theblock.co\/data\/crypto-markets\/futures\/aggregated-open-interest-of-bitcoin-futures-daily\/embed\" title=\"Aggregated Open Interest of Bitcoin Futures\" width=\"100%\" data-v-f87c67ca=\"\"><\/iframe>","As for volumes, Binance has had over $713 billion worth of trading volume for its bitcoin futures for this month so far, per the data dashboard.","<iframe frameborder=\"0\" height=\"420\" src=\"https:\/\/www.theblock.co\/data\/crypto-markets\/futures\/volume-of-bitcoin-futures-monthly\/embed\" title=\"Volume of Bitcoin Futures\" width=\"100%\" data-v-f87c67ca=\"\"><\/iframe>","Binance's options trading volume for this month so far is $51.5 million, according to data compiled by The Block."],"hashtag":["BINANCE"]}