{"summary":"Former FTX CEO Sam Bankman-Fried spent the weekend trying to raise fresh cash, the Wall Street Journal reported.\nThose efforts have not been successful so far.","author":["Nathan Crooks","The Block"],"webName":"theblock.co","link":"https:\/\/www.theblock.co\/post\/187128\/sam-bankman-fried-tried-to-raise-fresh-cash-over-the-weekend-wsj","publishDate":"2022-11-15T09:28:27","id":2192,"type":null,"title":"Sam Bankman-Fried tried to raise fresh cash over the weekend: WSJ","category":["Exchanges"],"content":["Former FTX CEO Sam Bankman-Fried thinks that he can raise enough cash to make users whole and spent the past weekend with a few remaining employees seeking commitments from investors, the Wall Street Journal <a href=\"https:\/\/www.wsj.com\/articles\/ftx-founder-sam-bankman-fried-attempts-to-raise-fresh-cash-despite-bankruptcy-11668520573\" data-v-f87c67ca=\"\">reported<\/a>, citing people familiar.&nbsp;","Those efforts to fill a shortfall of up to $8 billion have not been successful so far, and the Wall Street Journal said it couldn't determine what Bankman-Fried has been offering investors in return fresh funding. If the raise were to be successful, he'd likely have to negotiate with creditors to gain approval.&nbsp;","FTX filed for bankruptcy protection last week. Bankman-Fried told the New York Times <a href=\"https:\/\/www.theblock.co\/post\/186935\/sbf-tells-new-york-times-that-he-could-be-worse\" data-v-f87c67ca=\"\">on Sunday<\/a> that he had numerous regrets over the collapse of the company and that the exchange's margin position had been \"substantially larger\" than he had thought it was.","\"I'll get to what happened,\" he wrote on Tuesday morning in the<a href=\"https:\/\/twitter.com\/SBF_FTX\/status\/1592494814599479297\" data-v-f87c67ca=\"\"> latest update<\/a> to a cryptic thread on Twitter. \"But for now, let's talk about where we are today.\""],"hashtag":["FTX","SAM BANKMAN-FRIED"]}