{"summary":"Cumulative trading volume for spot Bitcoin ETFs broke past $50 billion yesterday.\nThe ETFs also returned to net inflows, bringing in $251.4 million on Thursday.","author":["James Hunt","The Block"],"webName":"theblock.co","link":"https:\/\/www.theblock.co\/post\/278798\/spot-bitcoin-etf-cumulative-trading-volume-50-billion","publishDate":"2024-02-23T07:06:56","id":2203,"type":null,"title":"Spot Bitcoin ETF cumulative trading volume exceeds $50 billion","category":["Funds"],"content":["<span data-v-f87c67ca=\"\">Cumulative trading volume for the new spot <span data-v-f87c67ca=\"\"><span data-v-f87c67ca=\"\">Bitcoin <\/span><span class=\"articleTooltip\" data-v-baf5685a=\"\" data-v-f87c67ca=\"\"><a href=\"\/price\/248348\/bitcoin-btc-usd\" class=\"articleTooltip__link\" data-v-baf5685a=\"\"><img src=\"https:\/\/www.tbstat.com\/wp\/uploads\/2023\/10\/bitcoin.png\" alt=\"\" title=\"\" class=\"articleTooltip__tokenImage\" data-v-baf5685a=\"\"> <span class=\"articleTooltip__tokenText\" data-v-baf5685a=\"\">BTC<\/span> <span class=\"articleTooltip__tokenText articleTooltip__tokenText_price articleTooltip__tokenText_positive\" data-v-baf5685a=\"\">\n      +0.34%\n    <\/span><\/a> <!----><\/span><\/span> exchange-traded funds reached more than $50 billion on Thursday, six weeks after the Securities and Exchange Commission gave ETFs from BlackRock, Fidelity and Bitwise, among others, the <\/span><a href=\"https:\/\/www.theblock.co\/post\/271718\/spot-bitcoin-etfs-have-now-been-approved-what-comes-next\" data-v-f87c67ca=\"\">green light<\/a>.","Spot Bitcoin ETF cumulative volumes increased from $28.3 billion at the start of the month to $50.5 billion by the close of trading yesterday, boosted by a <a href=\"https:\/\/www.theblock.co\/post\/278345\/bitcoin-spot-etf-trading-volume-multiweek-high-bull-market\" data-v-f87c67ca=\"\">multi-week high<\/a> trading volume of more than $2.5 billion on Tuesday, according to The Block\u2019s data dashboard.","<iframe frameborder=\"0\" height=\"420\" src=\"https:\/\/www.theblock.co\/data\/crypto-markets\/bitcoin-etf\/cumulative-spot-bitcoin-etf-volumes\/embed\" title=\"Cumulative Spot Bitcoin ETF Volumes\" width=\"100%\" data-v-f87c67ca=\"\"><\/iframe>","Thursday\u2019s spot Bitcoin ETF trading volume came in at $1.2 billion, led by BlackRock\u2019s IBIT on $457.2 million, followed by Grayscale\u2019s GBTC and Fidelity\u2019s FBTC on $348.8 million and $255.7 million, respectively.","<iframe frameborder=\"0\" height=\"420\" src=\"https:\/\/www.theblock.co\/data\/crypto-markets\/bitcoin-etf\/bitcoin-spot-etf-volumes\/embed\" title=\"Spot Bitcoin ETF Volumes\" width=\"100%\" data-v-f87c67ca=\"\"><\/iframe>","Grayscale\u2019s higher fee GBTC fund has been gradually squeezed for market share by trading volume, down from 50.5% when the spot Bitcoin ETFs launched on Jan. 11 to 28.6% as of yesterday, coinciding with persistent daily outflows. BlackRock\u2019s IBIT has been the principal benefactor, growing from a 22.1% market share to 37.4% during the same period. Fidelity\u2019s FBTC is in third place with a 20.9% share of the market.","<iframe frameborder=\"0\" height=\"420\" src=\"https:\/\/www.theblock.co\/data\/crypto-markets\/bitcoin-etf\/bitcoin-spot-etf-market-share\/embed\" title=\"Spot Bitcoin ETF Market Share\" width=\"100%\" data-v-f87c67ca=\"\"><\/iframe>","The spot Bitcoin ETFs also returned to net inflows of $251.4 million on Thursday after recording net outflows of $35.7 million on Wednesday \u2014 the first since Jan. 25, according to <a href=\"https:\/\/x.com\/BitMEXResearch\/status\/1760936963043999792?s=20\" data-v-f87c67ca=\"\">data<\/a> from BitMEX Research.","Fidelity\u2019s FBTC led yesterday\u2019s inflows, adding $158.9 million. BlackRock\u2019s IBIT registered $125.1 million worth of inflows, while Grayscale\u2019s GBTC witnessed $55.7 million in outflows. The remaining funds generated inflows of less than $10 million each. Total net flows now stand at around $5.3 billion.","<iframe frameborder=\"0\" height=\"420\" src=\"https:\/\/www.theblock.co\/data\/crypto-markets\/bitcoin-etf\/spot-bitcoin-etf-flows\/embed\" title=\"Spot Bitcoin ETF Flows\" width=\"100%\" data-v-f87c67ca=\"\"><\/iframe>","In terms of Bitcoin held, the newborn nine spot Bitcoin ETFs \u2014 excluding Grayscale\u2019s converted GBTC fund \u2014 are fast approaching 300,000 BTC, with 292,615 BTC in assets under management, <a href=\"https:\/\/x.com\/BitMEXResearch\/status\/1760937113925607897?s=20\" data-v-f87c67ca=\"\">per<\/a> BitMEX Research, equating to around $14 billion.","In contrast, assets held by Grayscale\u2019s GBTC have fallen by over 25% from around 619,000 BTC on Jan. 11 to 454,660 BTC ($24 billion) as of yesterday.","<iframe frameborder=\"0\" height=\"420\" src=\"https:\/\/www.theblock.co\/data\/crypto-markets\/bitcoin-etf\/spot-bitcoin-etf-assets\/embed\" title=\"Spot Bitcoin ETF AUM\" width=\"100%\" data-v-f87c67ca=\"\"><\/iframe>","Bitcoin is currently trading at $51,207, according to The Block\u2019s <a href=\"https:\/\/www.theblock.co\/price\/248348\/bitcoin-btc-usd\" data-v-f87c67ca=\"\">price page<\/a>. The largest cryptocurrency by market capitalization is down 2% over the past week. However, it remains up 26.5% this month and 21% year-to-date."],"hashtag":["BITCOIN","BLACKROCK","SPOT BITCOIN ETF"]}