{"summary":"In notices filed on Tuesday, the SEC said it would be extending its time to decide to May for both applications. ","author":["Sarah Wynn","The Block"],"webName":"theblock.co","link":"https:\/\/www.theblock.co\/post\/283519\/sec-delays-making-a-decision-on-the-hashdex-and-ark-21shares-ethereum-etfs","publishDate":"2024-03-19T16:57:49","id":2215,"type":null,"title":"SEC delays making a decision on the Hashdex and Ark 21Shares Ethereum ETFs","category":["Companies"],"content":["<span class=\"s1\" data-v-f87c67ca=\"\"><span data-v-f87c67ca=\"\">The Securities and Exchange Commission has delayed its decision timeline on whether it will approve the Hashdex Nasdaq <span data-v-f87c67ca=\"\"><span data-v-f87c67ca=\"\">Ethereum <\/span><span class=\"articleTooltip\" data-v-baf5685a=\"\" data-v-f87c67ca=\"\"><a href=\"\/price\/248349\/ethereum-eth-usd\" class=\"articleTooltip__link\" data-v-baf5685a=\"\"><img src=\"https:\/\/www.tbstat.com\/wp\/uploads\/2023\/10\/ethereum.png\" alt=\"\" title=\"\" class=\"articleTooltip__tokenImage\" data-v-baf5685a=\"\"> <span class=\"articleTooltip__tokenText\" data-v-baf5685a=\"\">ETH<\/span> <span class=\"articleTooltip__tokenText articleTooltip__tokenText_price articleTooltip__tokenText_positive\" data-v-baf5685a=\"\">\n      +2.56%\n    <\/span><\/a> <!----><\/span><\/span> exchange-traded fund.&nbsp;<\/span><\/span>","<span class=\"s1\" data-v-f87c67ca=\"\">If approved, the Hashdex ETF will hold spot ether and futures contracts. In a <a href=\"https:\/\/www.sec.gov\/files\/rules\/sro\/nasdaq\/2024\/34-99771.pdf\" data-v-f87c67ca=\"\"><span class=\"s2\" data-v-f87c67ca=\"\">notice<\/span><\/a> filed on Tuesday, the SEC said it would be extending its time to make a decision to May 30, 2024.<\/span>","<span class=\"s1\" data-v-f87c67ca=\"\">\"The Commission finds that it is appropriate to designate a longer period within which to issue an order approving or disapproving the proposed rule change so that it has sufficient time to consider the proposed rule change and the issues raised therein,\" the SEC said.&nbsp;<\/span>","<span class=\"s3\" data-v-f87c67ca=\"\">The Nasdaq stock exchange filed with the SEC to list the Hashdex Nasdaq Ethereum ETF in <a href=\"https:\/\/www.theblock.co\/post\/250595\/nasdaq-files-with-sec-for-hashdex-mixed-ether-etf\" data-v-f87c67ca=\"\"><span class=\"s4\" data-v-f87c67ca=\"\">September<\/span><\/a>. The fund is managed and controlled by Toroso Investments, registered as a commodity pool operator with the Commodity Futures Trading Commission and a member of the National Futures Association. The SEC has delayed making a decision on the ETF a few times and asked for <a href=\"https:\/\/www.theblock.co\/post\/268199\/sec-delays-decisions-on-hashdex-and-grayscale-ethereum-focused-etfs\" data-v-f87c67ca=\"\"><span class=\"s2\" data-v-f87c67ca=\"\">public comments<\/span><\/a> in December.&nbsp;<\/span>","<span class=\"s1\" data-v-f87c67ca=\"\">The SEC also said in a <a href=\"https:\/\/www.sec.gov\/files\/rules\/sro\/cboebzx\/2024\/34-99772.pdf\" data-v-f87c67ca=\"\"><span class=\"s2\" data-v-f87c67ca=\"\">notice<\/span><\/a> on Tuesday it was delaying making a decision on the ARK 21Shares Ethereum ETF, which would track the performance of ether, to May 24, 2024. The SEC is also asking for public comments on that application.&nbsp;&nbsp;<\/span>","<span class=\"s3\" data-v-f87c67ca=\"\">Big-name firms, such as <a href=\"https:\/\/www.theblock.co\/post\/263626\/fidelity-files-for-spot-ethereum-etf-says-approval-would-be-major-win-for-us-investors\" data-v-f87c67ca=\"\"><span class=\"s4\" data-v-f87c67ca=\"\">Fidelity<\/span><\/a> and <a href=\"https:\/\/www.theblock.co\/post\/263299\/blackrock-ethereum-etf-sec\" data-v-f87c67ca=\"\"><span class=\"s4\" data-v-f87c67ca=\"\">BlackRock<\/span><\/a>, have applied for a spot Ethereum ETF over the last few months. Optimism for the SEC approving such a product has steadily fallen over the past few weeks. Bloomberg ETF analyst Eric Balchunas recently <a href=\"https:\/\/www.theblock.co\/post\/281714\/bloomberg-analysts-substantially-lower-likelihood-of-spot-ethereum-etf-approval-in-may-to-30\" data-v-f87c67ca=\"\"><span class=\"s4\" data-v-f87c67ca=\"\">dropped<\/span><\/a> his estimate of the chances of a spot Ethereum ETF approval by May from about 70 percent to 30 percent.&nbsp;<\/span>","Fellow Bloomberg ETF analyst James Seyffart said the delays on Tuesday were expected.&nbsp;","<span class=\"s1\" data-v-f87c67ca=\"\">\"These were always going to be delay orders. The only deadline that matters is May 23rd,\" Seyffart <a href=\"https:\/\/twitter.com\/JSeyff\/status\/1770183994635698474\" data-v-f87c67ca=\"\">posted<\/a> on X on Tuesday.&nbsp;<\/span>","Seyffart also said he expected spot Ethereum ETFs to be denied.&nbsp;","<span class=\"s1\" data-v-f87c67ca=\"\">\"My cautiously optimistic attitude for ETH ETFs has changed from recent months,\" Seyffart posted on X on Tuesday. \"We now believe these will ultimately be denied May 23rd for this round. The SEC hasn't engaged with issuers on Ethereum specifics. Exact opposite of #bitcoin ETFs this fall.\"&nbsp;<\/span>","<span class=\"s1\" data-v-f87c67ca=\"\">The SEC has approved an ether futures-like ETF before, but not a spot ether ETF or a mixed one. In October, <a href=\"https:\/\/www.etf.com\/sections\/news\/sec-approves-9-ether-futures-etfs\" data-v-f87c67ca=\"\"><span class=\"s4\" data-v-f87c67ca=\"\">nine<\/span><\/a> futures-based products were approved at the same time, marking their debut.<\/span>"],"hashtag":["SEC"]}