{"summary":"BAYC\u2019s floor price is down by more than 50% in dollar terms since the beginning of May.\nSale volumes have also fallen throughout the month.","author":["Adam Morgan McCarthy","The Block"],"webName":"theblock.co","link":"https:\/\/www.theblock.co\/post\/147561\/bored-ape-yacht-club-floor-price-nft-crypto-falls-amid-market-downturn","publishDate":"2022-05-18T09:08:29","id":2239,"type":null,"title":"Bored Ape Yacht Club floor price has fallen 50% in dollar terms this month","category":["Markets"],"content":["<span data-v-f87c67ca=\"\">The floor price of the popular NFT collection Bored Ape Yacht Club (BAYC) fell below $200,000 on Wednesday as the NFT market continues to slide.&nbsp;<\/span>","<span data-v-f87c67ca=\"\">BAYC has seen its floor price \u2014 a measure of the cheapest NFT in the collection \u2014 fall significantly in May. It\u2019s currently at around $198,000, according to <a href=\"https:\/\/www.theblockresearch.com\/data\/nft-non-fungible-tokens\/art-collectibles\" data-v-f87c67ca=\"\">The Block\u2019s Data Dashboard<\/a>.&nbsp;<\/span>","<span data-v-f87c67ca=\"\">The latest drop in prices leaves BAYC\u2019s floor price down by a third in ETH terms and by more than 50% in dollar terms from the beginning of May, when the cheapest Bored Ape was $420,000, according to <a href=\"https:\/\/www.theblockcrypto.com\/data\/nft-non-fungible-tokens\/art-collectibles\" data-v-f87c67ca=\"\">The Block's Data Dashboard<\/a>.<\/span>","<iframe frameborder=\"0\" height=\"420\" src=\"https:\/\/www.theblock.co\/data\/nft-non-fungible-tokens\/art-collectibles\/floor-price-of-art-and-collectibles-nfts\/embed\" title=\"Floor Price of Popular NFTs\" width=\"100%\" data-v-f87c67ca=\"\"><\/iframe>","<span data-v-f87c67ca=\"\">The drop in price comes amid a broader market downturn as cryptocurrency prices remained low following the collapse of TerraUSD (UST) last week. During its sudden demise, the Luna Foundation Guard (LFG) was forced to <\/span><a href=\"https:\/\/www.theblockcrypto.com\/linked\/147014\/luna-foundation-guard-breaks-silence-on-state-of-terra-reserves-looks-to-compensate-users\" data-v-f87c67ca=\"\"><span data-v-f87c67ca=\"\">sell its massive bitcoin reserves<\/span><\/a><span data-v-f87c67ca=\"\"> to protect UST\u2019s peg. While this didn't save Luna, it added to the downward pressure on bitcoin's price.<br data-v-f87c67ca=\"\">\n<\/span>","Bitcoin (BTC) is currently trading below $30,000 while ether (ETH) trades just above $2,000. Because Ethereum-based NFTs are valued in ETH, the fall in its price has affected the value of NFTs when measured in dollar terms.","<span data-v-f87c67ca=\"\">Furthermore, the changing market dynamics has affected not just the floor price but also the volume of sales for BAYC \u2014 sales were down by 117, or just over 30%, week-on-week, from May 2 to May 9 according to <\/span><span data-v-f87c67ca=\"\">The Block's Data Dashboard.<\/span>","<iframe frameborder=\"0\" height=\"420\" src=\"https:\/\/www.theblock.co\/data\/nft-non-fungible-tokens\/art-collectibles\/weekly-sales-art-and-collectibles-nfts\/embed\" title=\"Weekly Sales Art and Collectibles NFTs\" width=\"100%\" data-v-f87c67ca=\"\"><\/iframe>","&nbsp;"],"hashtag":[]}