{"summary":"The price of bitcoin experienced a sharp rise and decline Tuesday afternoon following a fraudulent post on a major regulator\u2019s social media page. \nA fake post from the U.S. Securities and Exchange Commission claimed a spot bitcoin ETF had been approved, though The Block confirmed it was fake. ","author":["MK Manoylov","The Block"],"webName":"theblock.co","link":"https:\/\/www.theblock.co\/post\/271380\/bitcoin-price-spikes-and-dips-following-fake-sec-spot-bitcoin-etf-approval","publishDate":"2024-01-09T16:48:17","id":2254,"type":null,"title":"Bitcoin price spikes and dips following fake SEC spot bitcoin ETF approval","category":["Crypto Ecosystems"],"content":["The price of bitcoin spiked and dipped following a fake post from the U.S. Securities and Exchange Commission claiming it had approved the long awaited spot bitcoin exchange-traded fund.&nbsp;","<span data-v-f87c67ca=\"\"><span data-v-f87c67ca=\"\"><span data-v-f87c67ca=\"\">Bitcoin <\/span><span class=\"articleTooltip\" data-v-baf5685a=\"\" data-v-f87c67ca=\"\"><a href=\"\/price\/248348\/bitcoin-btc-usd\" class=\"articleTooltip__link\" data-v-baf5685a=\"\"><img src=\"https:\/\/www.tbstat.com\/wp\/uploads\/2023\/10\/bitcoin.png\" alt=\"\" title=\"\" class=\"articleTooltip__tokenImage\" data-v-baf5685a=\"\"> <span class=\"articleTooltip__tokenText\" data-v-baf5685a=\"\">BTC<\/span> <span class=\"articleTooltip__tokenText articleTooltip__tokenText_price articleTooltip__tokenText_positive\" data-v-baf5685a=\"\">\n      +0.32%\n    <\/span><\/a> <!----><\/span><\/span>'s price rose to around $47,950 before crashing to $45,285, according to <\/span><a href=\"https:\/\/www.theblock.co\/price\/248348\/bitcoin-btc-usd\" data-v-f87c67ca=\"\">The Block's Price Page<\/a> for bitcoin. The token is now changing hands at $45,881 at 4:38 p.m. ET.&nbsp;","&nbsp;At 4:11 p.m. ET, the fake post pushed out from the U.S. Securities and Exchange Commission's X account wrote, \"Today the SEC grants approval for Bitcoin ETFs for listing on all registered national securities exchanges. The approved Bitcoin ETFs will be subject to ongoing surveillance and compliance measures to ensure continued investor protection.\"","The post also included what appeared to be a quote from SEC Chair Gary Gensler stating, \"Today\u2019s approval enhances market transparency and provides investors with efficient access to digital asset investments within a regulated framework.\"","However, The Block has since confirmed that its X account had been compromised and that the post regarding spot bitcoin ETFs was fraudulent.&nbsp;"],"hashtag":["BITCOIN","SEC","SPOT BITCOIN ETF"]}