{"summary":"The dollar-pegged stablecoin has a current supply at its all-time high range of around 99.5 billion.\nTether, USDT\u2019s issuer, recorded its highest net profit of $2.9 billion in the fourth quarter of 2023, according to its attestation report.","author":["Danny Park","The Block"],"webName":"theblock.co","link":"https:\/\/www.theblock.co\/post\/280361\/tether-usd-stablecoin-supply-inches-close-to-100-billion","publishDate":"2024-03-04T04:32:40","id":2278,"type":null,"title":"Tether USD stablecoin circulating supply inches close to 100 billion","category":["Infrastructure"],"content":["<span data-v-f87c67ca=\"\"><span data-v-f87c67ca=\"\"><span class=\"articleTooltip\" data-v-baf5685a=\"\" data-v-f87c67ca=\"\"><a href=\"\/price\/248350\/tether-usdt-usd\" class=\"articleTooltip__link\" data-v-baf5685a=\"\"><img src=\"https:\/\/www.tbstat.com\/wp\/uploads\/2023\/10\/Tether.png\" alt=\"\" title=\"\" class=\"articleTooltip__tokenImage\" data-v-baf5685a=\"\"> <span class=\"articleTooltip__tokenText\" data-v-baf5685a=\"\">USDT<\/span> <span class=\"articleTooltip__tokenText articleTooltip__tokenText_price articleTooltip__tokenText_negative\" data-v-baf5685a=\"\">\n      -0.059%\n    <\/span><\/a> <!----><\/span>, the world\u2019s largest stablecoin, drew close to 100 billion in circulating supply on Monday. The dollar-pegged stablecoin\u2019s supply currently sits at its all-time high range of around 99.5 billion, according to <\/span><\/span><a href=\"https:\/\/www.theblock.co\/price\/248350\/tether-usdt-usd\" data-v-f87c67ca=\"\"><span data-v-f87c67ca=\"\">The Block\u2019s Price Page<\/span><\/a><span data-v-f87c67ca=\"\">.<\/span>","<span data-v-f87c67ca=\"\">Its market capitalization, which multiplies supply by price, breached $100 billion at one stage as its value fluctuated. Tether claims on its <\/span><a href=\"https:\/\/tether.to\/en\/transparency\/#usdt\" data-v-f87c67ca=\"\"><span data-v-f87c67ca=\"\">website<\/span><\/a><span data-v-f87c67ca=\"\"> that all USDT tokens are pegged at a 1:1 ratio with the U.S. dollar.<\/span>","The total USDT supply, including those minted and authorized, amounted to 104 billion as of Monday, according to The Block's <a href=\"https:\/\/www.theblock.co\/data\/stablecoins\/usd-pegged\/total-stablecoin-supply\" data-v-f87c67ca=\"\">data<\/a>.","<span data-v-f87c67ca=\"\">Tether supply has grown alongside the rise of bitcoin and the general cryptocurrency market this year, led by major events such as the launch of spot bitcoin ETFs in the U.S. The dollar-pegged stablecoin had a $91.69 billion market capitalization on Jan. 1, according to CoinMarketCap data.&nbsp;<\/span>","\u201CTether has issued so far 99.5 billion tokens, 100% covered by liquid assets (of which the vast majority is in US t-bills) plus holds an additional approximately $5.4 billion of excess reserves on top (undistributed profits), to further consolidate Tether\u2019s position as a safe and trusted player in the crypto industry and broader financial industry,\u201D Tether CEO Paolo Ardoino told The Block.","<iframe frameborder=\"0\" height=\"420\" src=\"https:\/\/www.theblock.co\/data\/stablecoins\/usd-pegged\/total-stablecoin-supply\/embed\" title=\"Total Stablecoin Supply\" width=\"100%\" data-v-f87c67ca=\"\"><\/iframe>","<span data-v-f87c67ca=\"\">With the growth, Tether has further distanced itself from Circle\u2019s runner-up stablecoin <\/span><a href=\"https:\/\/www.theblock.co\/price\/248353\/usd-coin-usdc-usd\" data-v-f87c67ca=\"\"><span data-v-f87c67ca=\"\">USDC<\/span><\/a><span data-v-f87c67ca=\"\">, which has a circulation supply of 28.9 billion, according to The Block data.&nbsp;<\/span>","<span data-v-f87c67ca=\"\">Tether reached a <\/span><a href=\"https:\/\/www.theblock.co\/post\/275388\/tether-q4-attestation-report-excess-reserves\" data-v-f87c67ca=\"\"><span data-v-f87c67ca=\"\">record net profit<\/span><\/a><span data-v-f87c67ca=\"\"> of $2.9 billion in the fourth quarter of last year, with much of the profit coming from the appreciation of the company\u2019s U.S. Treasuries, bitcoin and gold holdings, according to its attestation report.&nbsp;<\/span>","<em data-v-f87c67ca=\"\">Yogita Khatri contributed reporting.<\/em>","<em data-v-f87c67ca=\"\">Updates: Added Ardoino's comment and more details on the total USDT supply<\/em>"],"hashtag":["TETHER"]}