{"summary":"The CEO of the UK\u2019s financial watchdog warned citizens they must be prepared to lose all of their funds if they invest in cryptocurrencies.\nThe Financial Conduct Authority is set on rolling out additional crypto asset regulations alongside its current anti-money laundering registration system.","author":["Inbar Preiss","The Block"],"webName":"theblock.co","link":"https:\/\/www.theblock.co\/post\/176539\/uk-regulator-pushes-line-that-crypto-investors-must-be-prepared-to-lose-all-their-money","publishDate":"2022-10-12T08:36:04","id":2297,"type":null,"title":"UK regulator pushes line that crypto investors must be &#x27;prepared to lose all their money&#x27;","category":["Regulation"],"content":["<span data-v-f87c67ca=\"\">People must be \u201Cprepared to lose all their money\u201D if they invest in crypto, Nikhil Rathi, CEO of the UK\u2019s financial watchdog, said in its yearly review meeting.<\/span>","The <span data-v-f87c67ca=\"\">Financial Conduct Authority (FCA) used the online public meeting on Wednesday to repeat the message it ha<\/span><span data-v-f87c67ca=\"\">s <a href=\"https:\/\/www.theguardian.com\/business\/2021\/jan\/11\/bitcoin-be-prepared-to-lose-all-your-money-fca-warns-consumers-risk-productis-cryptoassets\" data-v-f87c67ca=\"\">pushed<\/a> for several years, while also recapping the regulatory measures it has taken to protect investors.&nbsp;<\/span>","<span data-v-f87c67ca=\"\">Responding to questions from journalists and members of the public, the FCA admitted that, current crypto policies are limited beyond gating anti-money laundering restrictions. <\/span>","<span data-v-f87c67ca=\"\">These restrictions have still been severe enough that many crypto companies have <\/span><a href=\"https:\/\/www.theblock.co\/post\/139679\/blockchain-com-becomes-latest-firm-to-retreat-from-uk-regulation-application\" target=\"_blank\" rel=\"noopener\" data-v-f87c67ca=\"\"><span data-v-f87c67ca=\"\">failed<\/span><\/a> to make the cut \u2014 and s<span data-v-f87c67ca=\"\">everal firms have decided to <\/span><a href=\"https:\/\/www.theblock.co\/post\/137484\/crypto-firms-uk-close-fca-register\" target=\"_blank\" rel=\"noopener\" data-v-f87c67ca=\"\"><span data-v-f87c67ca=\"\">shut down<\/span><\/a><span data-v-f87c67ca=\"\"> their UK operations as a result.&nbsp;<\/span><span data-v-f87c67ca=\"\">While an FCA representative mentioned they support 39 firms based on decentralized ledger technology, there are <\/span><span data-v-f87c67ca=\"\">246<\/span><span data-v-f87c67ca=\"\"> crypto asset companies currently operating in the UK that are <a href=\"https:\/\/register.fca.org.uk\/s\/search?predefined=U\" target=\"_blank\" rel=\"noopener\" data-v-f87c67ca=\"\">not registered<\/a>.<\/span>","<span data-v-f87c67ca=\"\">The panel of financial executives also expanded on what\u2019s on their agenda regarding crypto regulation in the UK.&nbsp;<\/span>","<span data-v-f87c67ca=\"\">Sarah Pritchard, the executive director for markets at the FCA, outlined three entry points for regulating crypto. Firstly, as a high risk investment, she reiterated that people do not understand the gravity of the risk of losing all their money to crypto.&nbsp;<\/span>","<span data-v-f87c67ca=\"\">The financial supervisor is reminding consumers of this risk through a \u201Cscam-smart\u201D campaign to warn consumers. Measures to tackle scam in advertisements are also included in the latest <\/span><span data-v-f87c67ca=\"\">Online Safety Bill<\/span><span data-v-f87c67ca=\"\">.<\/span>","<span data-v-f87c67ca=\"\">The system for tackling fraud in the UK is complex and under-resourced, costing the nation £130 billion ($144 billion) a year, according to Richard Lloyd, the interim chair of the FCA as of February this year.<\/span>","<span data-v-f87c67ca=\"\">Secondly, for tackling crypto as a means of payment, Pritchard pointed to the FCA\u2019s collaboration between the Treasury and Bank of England to bring out <\/span><a href=\"https:\/\/www.theblock.co\/post\/158648\/uk-treasury-unveils-plan-to-regulate-stablecoins-in-financial-services-and-markets-bill\" data-v-f87c67ca=\"\"><span data-v-f87c67ca=\"\">legislation<\/span><\/a><span data-v-f87c67ca=\"\"> to allow stablecoins to be used as payments.&nbsp;<\/span>","<span data-v-f87c67ca=\"\">Finally, the FCA also recognized the \u201Cpotential\u201D and \u201Cbenefits\u201D of blockchain technology in market innovation. Two programs in particular aim to reflect this \u2014 namely Innovation Pathways, which guides financial firms launch innovative products, and the Regulatory Sandbox, which lets first test innovative proposals with consumers.<\/span>","<em data-v-f87c67ca=\"\">Correction: The number of firms on the FCA's crypto-asset register was updated after publication.&nbsp;<\/em>"],"hashtag":["FCA"]}