{"summary":"SBI Holdings and GMO Internet have agreed to conduct their mining operation in Rockdale, Texas, as the town sees increased interest from Bitcoin miners\nThe facility has an initial capacity of 300 megawatts and is expected to reach 1 gigawatt by the end of 2020.","author":["Yilun Cheng","The Block"],"webName":"theblock.co","link":"https:\/\/www.theblock.co\/post\/52286\/sbi-holdings-gmo-internet-set-to-mine-bitcoin-at-300mw-facility-in-texas","publishDate":"2020-01-07T12:57:35","id":2307,"type":null,"title":"SBI Holding, GMO Internet to mine Bitcoin at 300MW facility in Texas","category":["Mining"],"content":["<span data-v-f87c67ca=\"\">SBI Holdings and internet service provider GMO Internet are set to start mining bitcoin at a facility in Rockdale, Texas \u2013 a popular location for industry firms including Bitmain.&nbsp;<\/span>","<span data-v-f87c67ca=\"\">The two companies agreed to conduct their operation at the 100-acre mining farm set up by Northern Bitcoin AG subsidiary Whinstone, sources told <\/span><a href=\"https:\/\/www.bloomberg.com\/news\/articles\/2020-01-07\/world-s-largest-bitcoin-mine-said-to-land-sbi-gmo-as-customers\" data-v-f87c67ca=\"\"><span data-v-f87c67ca=\"\">Bloomberg<\/span><\/a>&nbsp;in a new report<span data-v-f87c67ca=\"\">.&nbsp;<\/span>","<span data-v-f87c67ca=\"\">Northern Bitcoin AG, a Germany-based bitcoin mining company, <\/span><a href=\"https:\/\/www.theblockcrypto.com\/post\/47717\/two-firms-merge-to-open-100-acre-bitcoin-mining-farm-in-texas-with-a-capacity-of-one-gigawatt\" data-v-f87c67ca=\"\"><span data-v-f87c67ca=\"\">revealed<\/span><\/a><span data-v-f87c67ca=\"\"> in Nov. 2019 that the Rockdale facility will initially see more than 300 megawatts in power capability, with the intention to reach one gigawatt by the end of 2020.&nbsp;<\/span>","<span data-v-f87c67ca=\"\">Back in the 1950s, Rockdale was dubbed \u201Cthe town where it rains money\u201D by The Saturday Evening Post for its lignite coal reserve and significant aluminum production. In recent years, however, the aluminum industry has been in decline and one of the town\u2019s biggest smelting plants, Alcoa, closed down in 2008.<\/span>","<span data-v-f87c67ca=\"\">Yet Rockdale\u2019s abundant coal supply and notable growth in wind energy have made it an attractive spot for Bitcoin miners seeking cheap electricity, according to Mike McGlone, senior commodity strategist at Bloomberg Intelligence.<\/span>","<span data-v-f87c67ca=\"\">In summer 2018, Bitmain took over the 33,000-acre property formerly owned by Alcoa and started the process of turning it into a mining farm, promising between 400 to 600 jobs. The 50-megawatt farm, branded by Bitmain as the<\/span><span data-v-f87c67ca=\"\"> \u201Cthe world\u2019s largest for bitcoin mining,\u201D was launched in Oct. 2019. According to a new <a href=\"https:\/\/www.globenewswire.com\/news-release\/2020\/01\/06\/1966539\/0\/en\/DMG-adds-New-Industrial-Mining-Client-Ceases-Management-of-Texas-Operation-and-Provides-Update-from-recent-AGM.html\" data-v-f87c67ca=\"\">press release<\/a>, 15,000 miners have been installed in the facility since then. <\/span>","<span data-v-f87c67ca=\"\">SBI and GMO\u2019s new initiative builds on the local momentum. <\/span>While Bitmain\u2019s farm extends over a much larger parcel of land, the expected capacity of Northern Bitcoin AG\u2019s farm could far exceed that of Bitmain\u2019s, according to Bloomberg.","<span data-v-f87c67ca=\"\">The two farms are not the only mining-related initiatives in the U.S. state. The Digital Currency Group (DCG)-backed investment fund, Layer1, <a href=\"https:\/\/www.theblockcrypto.com\/post\/43253\/thiel-crypto-investors-pour-50-million-into-new-bitcoin-miner-aimed-in-us\" data-v-f87c67ca=\"\">secured<\/a> $50 million in Oct. 2019 to build mining chips and run its own electricity substations in Texas.<\/span>","<a href=\"https:\/\/arxiv.org\/pdf\/1810.02466.pdf\" data-v-f87c67ca=\"\"><span data-v-f87c67ca=\"\">Research<\/span><\/a><span data-v-f87c67ca=\"\"> shows that currently approximately 70% of crypto mining operations are located in China due to the country\u2019s low electricity prices and miners\u2019 close proximity to Chinese equipment producers like Bitmain and Creative Canaan.&nbsp;<\/span><span data-v-f87c67ca=\"\">But the newfound interest in Rockdale could potentially turn the town into a new powerhouse for the industry, boosting mining businesses in the U.S. more broadly.<\/span>"],"hashtag":["DIGITAL CURRENCY GROUP"]}