{"summary":"Bitcoin price briefly hit above $64,000 on Monday in Asia, according to The Block\u2019s Price Page.\nBitcoin futures open interest hit its all-time high while spot ETFs continued to boom.","author":["Danny Park","The Block"],"webName":"theblock.co","link":"https:\/\/www.theblock.co\/post\/280303\/bitcoin-price-64000-open-interest-ath","publishDate":"2024-03-03T21:40:10","id":2327,"type":null,"title":"Bitcoin price climbs above $64,000 briefly, BTC futures open interest hits all-time high","category":["Markets"],"content":["<span data-v-f87c67ca=\"\">The price of bitcoin rose above the $64,000 mark at one stage on Monday morning in Asia, swinging around 7% away from the cryptocurrency\u2019s all-time high set in November 2021, according to <\/span><a href=\"https:\/\/www.theblock.co\/price\/248348\/bitcoin-btc-usd\" data-v-f87c67ca=\"\"><span data-v-f87c67ca=\"\">The Block\u2019s Price Page<\/span><\/a><span data-v-f87c67ca=\"\">.&nbsp;<\/span>","<span data-v-f87c67ca=\"\">As of 9:30 a.m. Hong Kong time, the world\u2019s largest cryptocurrency by market cap, traded at around $63,500, rising 3.4% in the last 24 hours. The <a href=\"https:\/\/www.theblock.co\/indices\/top\/277090\/gmci-30-gm30\" data-v-f87c67ca=\"\">GMCI 30 Index<\/a>, measuring the performance of the top 30 cryptocurrencies, was at 137.39, up 2.21% in 24 hours.<\/span>","<span data-v-f87c67ca=\"\">In the past 24 hours, the liquidation in bitcoin positions amounted to $59.27 million, with about $38.52 million being shorts, according to Coinglass <\/span><a href=\"https:\/\/www.coinglass.com\/BitcoinOpenInterest\" data-v-f87c67ca=\"\"><span data-v-f87c67ca=\"\">data<\/span><\/a><span data-v-f87c67ca=\"\">.&nbsp;<\/span>","<span data-v-f87c67ca=\"\">The price action came amidst the daily open interest for bitcoin futures on centralized exchanges reached an all-time high of $27.53 billion on Monday morning in Asia, Coinglass data showed<\/span><span data-v-f87c67ca=\"\">. <\/span><a href=\"https:\/\/www.theblock.co\/post\/280150\/bitcoin-futures-open-interest-hits-all-time-high\" data-v-f87c67ca=\"\"><span data-v-f87c67ca=\"\">Open interest<\/span><\/a><span data-v-f87c67ca=\"\">, a measure of the total value of all outstanding bitcoin futures contracts across exchanges, indicates increased market activity and trader sentiment.<\/span>","<span data-v-f87c67ca=\"\">Spot bitcoin exchange-traded funds (ETFs) have seen a significant increase in assets under management, with BlackRock\u2019s IBIT <\/span><a href=\"https:\/\/www.theblock.co\/post\/280065\/blackrock-ibit-spot-bitcoin-etf-10-billion-aum\" data-v-f87c67ca=\"\"><span data-v-f87c67ca=\"\">reaching $10 billion<\/span><\/a><span data-v-f87c67ca=\"\"> last week. The cumulative volume for spot bitcoin ETFs amounted to $73.91 billion as of March 1, compared to $29.19 billion on Feb. 1, according to Yahoo Finance <\/span><a href=\"https:\/\/www.theblock.co\/data\/crypto-markets\/bitcoin-etf\/cumulative-spot-bitcoin-etf-volumes\" data-v-f87c67ca=\"\"><span data-v-f87c67ca=\"\">data<\/span><\/a><span data-v-f87c67ca=\"\"> compiled by The Block.<\/span>","<iframe frameborder=\"0\" height=\"420\" src=\"https:\/\/www.theblock.co\/data\/crypto-markets\/bitcoin-etf\/cumulative-spot-bitcoin-etf-volumes\/embed\" title=\"Cumulative Spot Bitcoin ETF Volumes\" width=\"100%\" data-v-f87c67ca=\"\"><\/iframe>","<span data-v-f87c67ca=\"\"><span data-v-f87c67ca=\"\"><span data-v-f87c67ca=\"\"><span data-v-f87c67ca=\"\">Bitcoin <\/span><span class=\"articleTooltip\" data-v-baf5685a=\"\" data-v-f87c67ca=\"\"><a href=\"\/price\/248348\/bitcoin-btc-usd\" class=\"articleTooltip__link\" data-v-baf5685a=\"\"><img src=\"https:\/\/www.tbstat.com\/wp\/uploads\/2023\/10\/bitcoin.png\" alt=\"\" title=\"\" class=\"articleTooltip__tokenImage\" data-v-baf5685a=\"\"> <span class=\"articleTooltip__tokenText\" data-v-baf5685a=\"\">BTC<\/span> <span class=\"articleTooltip__tokenText articleTooltip__tokenText_price articleTooltip__tokenText_positive\" data-v-baf5685a=\"\">\n      +0.34%\n    <\/span><\/a> <!----><\/span><\/span> is also nearing its next halving event, which is expected to occur in April. The halving is set to reduce miner rewards by 50%. This may negatively impact miners' profitability and lead to a higher bitcoin production cost, resulting in bitcoin price declines, <\/span><\/span><a href=\"https:\/\/www.theblock.co\/post\/279833\/jpmorgan-bitcoin-price-april-halving\" data-v-f87c67ca=\"\"><span data-v-f87c67ca=\"\">JPMorgan analysts wrote in a report<\/span><\/a><span data-v-f87c67ca=\"\"> last week.<\/span>","<span data-v-f87c67ca=\"\">The price of ether rose 1.6% to trade at around $3,400 on Monday morning in Asia, according to The Block\u2019s data.&nbsp;<\/span>"],"hashtag":["CRYPTO MOVERS","SPOT BITCOIN ETF"]}