{"summary":"Binance has created a new global advisory board made up of former government and finance officials.\nThe board will help the crypto exchange navigate financial regulations.","author":["Inbar Preiss","The Block"],"webName":"theblock.co","link":"https:\/\/www.theblock.co\/post\/171979\/binance-sets-up-a-new-global-advisory-board-to-navigate-regulation","publishDate":"2022-09-22T06:47:29","id":2370,"type":null,"title":"Binance sets up a new global advisory board to navigate regulation","category":["Regulation"],"content":["The crypto exchange giant Binance is bringing together a collection of former government officials and financial experts to create a new global advisory board.","The board of 10 is led by former U.S. Senator Max Baucus, who <a href=\"https:\/\/www.binance.com\/en\/blog\/all\/binance-hires-former-us-senator-max-baucus-as-policy-and-government-relations-advisor-421499824684901776\" target=\"_blank\" rel=\"noopener\" data-v-f87c67ca=\"\">joined<\/a> Binance last year. Members include Bruno Bezard, former head of the French Treasury and former economic advisor to the prime minister; Henrique de Campos Meirelles, a Brazilian former minister of the economy; and former European Commissioner David Wright.","\u201CThis collaboration highlights our commitment to compliance, transparency and ensuring a collaborative, trusting relationship with the world\u2019s regulators,\u201D Changpeng Zhao, Binance's founder and CEO, wrote in a <a href=\"https:\/\/twitter.com\/cz_binance\/status\/1572881058181300225\" target=\"_blank\" rel=\"noopener\" data-v-f87c67ca=\"\">tweet<\/a> on Thursday to announce the new board.","An advisory board with a focus on navigating the regulatory landscape is a culmination of a trend for Binance, which has actively hired former institutional officials in the past two years. 2021 saw the firm hire multiple former U.S. Internal Revenue Service <a href=\"https:\/\/www.theblock.co\/linked\/119147\/binance-hires-two-former-irs-cyber-investigators-in-continuing-compliance-push\" target=\"_blank\" rel=\"noopener\" data-v-f87c67ca=\"\">agents<\/a>, as well as a former British <a href=\"https:\/\/www.theblock.co\/linked\/141272\/binance-poaches-fca-official-as-global-regulation-head\" target=\"_blank\" rel=\"noopener\" data-v-f87c67ca=\"\">regulator<\/a> and <a href=\"https:\/\/www.binance.com\/en\/blog\/leadership\/former-finra-regulator-seth-levy-joins-binance-as-head-of-market-surveillance-421499824684903735\" target=\"_blank\" rel=\"noopener\" data-v-f87c67ca=\"\">a Financial Industry Regulatory Authority regulator<\/a>.","Fully embracing regulation is a shift for Binance, which previously was <a href=\"https:\/\/www.theblockcrypto.com\/news+\/109841\/uk-fca-binance-ban-derivatives-spot-trading\" target=\"_blank\" rel=\"noopener\" data-v-f87c67ca=\"\">slower<\/a> to adjust to regulatory measures. <a href=\"https:\/\/www.reuters.com\/investigates\/special-report\/finance-crypto-currency-binance\/\" target=\"_blank\" rel=\"noopener\" data-v-f87c67ca=\"\">Reports<\/a> suggest that Zhao ignored concerns from his employees in 2018 about the need to comply with anti-money laundering and know-your-customer regulations and lacked transparency in communicating with regulators."],"hashtag":["BINANCE","CZ"]}