{"summary":"SEC staff responds to \u201940 Act registration for Cipher in letter stating Bitcoin isn\u2019t a security\nStaff relies for analysis on Howey test and SEC digital asset framework\nWhile not a surprise to market participants and observers, this is an important confirmation of a key principle by SEC staff ","author":["Stephen Palley","The Block"],"webName":"theblock.co","link":"https:\/\/www.theblock.co\/post\/42174\/bitcoin-isnt-a-security-according-to-sec-staff","publishDate":"2019-10-06T08:00:15","id":2385,"type":null,"title":"Bitcoin isn&#x27;t a security according to SEC staff","category":["Legal"],"content":[],"hashtag":["SEC"]}