{"summary":"Ishan Wahi pleaded guilty to wire fraud-related criminal charges Tuesday morning. \nThe guilty plea could moot legal arguments about the legal status of tokens that Wahi and associates are accused of front-running the listings of in the case. ","author":["Sarah Wynn","The Block"],"webName":"theblock.co","link":"https:\/\/www.theblock.co\/post\/209149\/former-coinbase-product-manager-pleads-guilty-to-criminal-charges-in-landmark-case","publishDate":"2023-02-07T10:32:23","id":2393,"type":null,"title":"Former Coinbase product manager pleads guilty to criminal charges in landmark case","category":["Policy"],"content":["<span class=\"s1\" data-v-f87c67ca=\"\">A former Coinbase product manager pleaded guilty on Tuesday to wire fraud charges in a criminal case brought against him.&nbsp;<\/span>","<span class=\"s1\" data-v-f87c67ca=\"\">The Justice Department <a href=\"https:\/\/www.theblock.co\/post\/158960\/former-coinbase-product-manager-arrested-on-insider-trading-charges\" data-v-f87c67ca=\"\"><span class=\"s2\" data-v-f87c67ca=\"\">indicted<\/span><\/a> Ishan Wahi in July, alongside his brother and friend, in connection with an insider trading scheme to front-run listings of new tokens on Coinbase. Wahi entered guilty pleas for two counts of conspiracy to commit wire fraud, with sentencing to take place on May 10. He faces up to 40 years in prison under sentencing guidelines, but is likely to receive a more lenient punishment due to his cooperation.&nbsp;<\/span><span class=\"s1\" data-v-f87c67ca=\"\">&nbsp;<\/span>","The guilty plea may moot a legal argument in separate civil charges brought by the Securities and Exchange Commission as to whether the nine tokens in question are securities. Lawyers for Wahi filed a motion to dismiss that case last night. <span class=\"s1\" data-v-f87c67ca=\"\">The agency said Wahi tipped off his friend and brother about which tokens were going to be listed for trading on Coinbase \u2014 and in the process made over $1 million. That case remains ongoing, pending a decision in the motion to dismiss.&nbsp;<\/span>","\"Wahi is the first insider to admit guilt in an insider trading case involving the cryptocurrency markets,\" U.S. Attorney for the Southern District of New York Damian Williams said in a statement. \"Whether it occurs in the equity markets or the crypto markets, stealing confidential business information for your own personal profit or the profit of others is a serious federal crime.\"&nbsp;&nbsp;","Coinbase had investigated Wahi's activity itself prior to the criminal and civil indictments, and is not accused of wrongdoing.&nbsp;","<span class=\"s1\" data-v-f87c67ca=\"\">Nikhil Wahi, the brother of the ex-Coinbase manager <a href=\"https:\/\/www.theblock.co\/post\/169359\/ex-coinbase-managers-brother-pleads-guilty-in-first-crypto-insider-trading-case-reuters\" data-v-f87c67ca=\"\"><span class=\"s2\" data-v-f87c67ca=\"\">pleaded guilty<\/span><\/a> in September to a wire fraud conspiracy charge.&nbsp;&nbsp;<\/span>","<span class=\"s1\" data-v-f87c67ca=\"\">David Miller, a shareholder at Greenberg Traurig, LLP, representing Ishan Wahi,<\/span><span class=\"s4\" data-v-f87c67ca=\"\"> declined to comment.&nbsp;&nbsp;<\/span>","&nbsp;","<em data-v-f87c67ca=\"\">Updated with additional information from the Justice Department and Williams statement.&nbsp;<\/em>"],"hashtag":[]}