{"summary":"Bitcoin mining companies saw their stocks fall on Tuesday as the coin\u2019s value dropped close to $23,100.\nStronghold, SAI.TECH and Mawson Infrastructure Group posted significant losses.","author":["Catarina Moura","The Block"],"webName":"theblock.co","link":"https:\/\/www.theblock.co\/post\/162594\/bitcoin-mining-stock-report-tuesday-august-9","publishDate":"2022-08-09T18:19:32","id":2425,"type":null,"title":"Bitcoin mining stock report: Tuesday, August 9","category":["The Block"],"content":["Most bitcoin stocks declined on Tuesday, as the coin's value fell closer to the $23,000 mark.","Bitcoin was priced at around $23,100 at market close, according to data from TradingView.","Stronghold's stock fell by 10.25%, followed by SAI.TECH (-9.78%) and Mawson Infrastructure Group (-8.19%).","CleanSpark posted <a href=\"https:\/\/www.theblock.co\/post\/162515\/cleanspark-posts-29-3-million-net-losses-and-exits-the-energy-business\" data-v-f87c67ca=\"\">$29.3 million net losses in its most recent quarter<\/a> ending in June and announced that it is exiting the energy business. The company also said that it <a href=\"https:\/\/www.theblock.co\/post\/162086\/bitcoin-miner-cleanspark-acquires-site-in-georgia-plans-to-scale-it-to-86-megawatts\" data-v-f87c67ca=\"\">acquired a 36-megawatt mining facility in Georgia<\/a>. The miner was down by 5.26% at the end of the trading session","Cipher Mining's stock rose 2.36% after the miner announced in the morning that it <a href=\"https:\/\/www.theblock.co\/post\/162413\/cipher-mining-completes-40-megawatt-wind-powered-site-in-texas\" data-v-f87c67ca=\"\">completed a 40-megawatt wind-powered site in Texas<\/a>.","<em data-v-f87c67ca=\"\">Here's how crypto mining companies performed on Tuesday, August 9:<\/em>","",""],"hashtag":[]}