{"summary":"The Senate committee wants Sam Bankman-Fried to testify the day after he\u2019s been told to testify in the House of Representatives, and wants him to, \u201Canswer for the failure\u201D of FTX and Alameda. ","author":["Kollen Post","The Block"],"webName":"theblock.co","link":"https:\/\/www.theblock.co\/post\/193132\/senate-banking-committee-calls-on-bankman-fried-to-testify-on-dec-14","publishDate":"2022-12-07T20:23:57","id":2429,"type":null,"title":"Senate Banking Committee calls on Bankman-Fried to testify on Dec. 14","category":["Policy"],"content":["The U.S. Senate Banking Committee wants Sam Bankman-Fried to testify on the collapse of his crypto exchange, FTX and linked trading firm, Alameda Research.&nbsp;","\"As the Founder and CEO of FTX Trading Ltd. at the time of its collapse and the founder, principal owner, and former CEO of Alameda Research, you must answer for the failure of both entities that was caused, at least in part, by the clear misuse of client funds and wiped out billions of dollars owed to over a million creditors,\" reads <a href=\"https:\/\/www.banking.senate.gov\/imo\/media\/doc\/brown_letter_on_bankman-fried_testimony.pdf\" data-v-f87c67ca=\"\">a letter<\/a> from Senate Banking Committee Chair Sherrod Brown, D-Ohio.","The letter requests Bankman-Fried's presence on Dec. 14, the day after a scheduled House hearing where members of Congress also want the embattled former crypto CEO to testify. Brown sent the letter to Bankman-Fried through his attorney, New York-based Mark Cohen, and says he has the cooperation of Sen. Pat Toomey, R-Pa., the committee's top Republican.","\"Traditionally, witnesses who are invited to appear before the Committee make themselves available voluntarily,\" the letter continues. \"If you chose not to appear, I am prepared, along with Ranking Member Pat Toomey, to issue a subpoena to compel your testimony.\"","Brown gives Bankman-Fried until 5 p.m. EST on Thursday, Dec. 8, to decide whether to willingly appear or face a congressional subpoena and potential referral for contempt of Congress if he fails to cooperate.&nbsp;","The House Financial Services Committee is already <a href=\"https:\/\/www.theblock.co\/post\/192772\/house-committee-weighing-subpoena-for-sam-bankman-fried\" data-v-f87c67ca=\"\">weighing a subpoena<\/a> of Bankman-Fried, whom they have publicly called on to testify.&nbsp;"],"hashtag":[]}