{"summary":"Stablecoin issuer Tether reported a record net profit of $2.9 billion in its Q4 2023 attestation report.\nTether also set an all-time high increase in excess reserves backing its tokens in circulation during the quarter, now totaling $5.4 billion.","author":["James Hunt","The Block"],"webName":"theblock.co","link":"https:\/\/www.theblock.co\/post\/275388\/tether-q4-attestation-report-excess-reserves","publishDate":"2024-01-31T10:51:39","id":2472,"type":null,"title":"Tether reports profit of $2.9 billion in Q4 attestation, with $5.4 billion in excess reserves","category":["Companies"],"content":["<span data-v-f87c67ca=\"\">Stablecoin issuer <span data-v-f87c67ca=\"\"><span data-v-f87c67ca=\"\">Tether <\/span><span class=\"articleTooltip\" data-v-baf5685a=\"\" data-v-f87c67ca=\"\"><a href=\"\/price\/248350\/tether-usdt-usd\" class=\"articleTooltip__link\" data-v-baf5685a=\"\"><img src=\"https:\/\/www.tbstat.com\/wp\/uploads\/2023\/10\/Tether.png\" alt=\"\" title=\"\" class=\"articleTooltip__tokenImage\" data-v-baf5685a=\"\"> <span class=\"articleTooltip__tokenText\" data-v-baf5685a=\"\">USDT<\/span> <span class=\"articleTooltip__tokenText articleTooltip__tokenText_price articleTooltip__tokenText_negative\" data-v-baf5685a=\"\">\n      -0.069%\n    <\/span><\/a> <!----><\/span><\/span> reached a record $2.9 billion net profit in Q4 2023 and set an all-time high increase in excess reserves backing its tokens in circulation, according to its latest attestation <\/span><a href=\"https:\/\/tether.to\/en\/tethers-2023-q4-attestation\/\" data-v-f87c67ca=\"\">report<\/a> conducted by global auditing firm BDO.","Net operating profit was around $1 billion, primarily resulting from holdings of U.S. Treasuries, with the rest of the gains largely related to the appreciation in the value of Tether's bitcoin and gold reserves during the quarter.","The profit increased Tether's excess reserves by $2.2 billion to a total of $5.4 billion. The remainder was used to fund project investments, including mining, AI infrastructure and P2P communications, which it does not consider part of its reserves, the firm said.","BDO confirmed Tether's $4.8 billion in outstanding unsecured loans at year-end were fully covered by the excess reserves. Tether said it was proud to have removed the risk of secured loans from its token reserves.","\"While such secured loans are widely overcollateralized, Tether accumulated enough excess reserves to cover the entirety of the exposure,\" the firm stated. \"This is in response to the community's past expressed concerns about this part of the portfolio.\"","Tether's primary business is running the USDT stablecoin, which helped it generate a net profit of $6.2 billion for the year.&nbsp;","<span data-v-f87c67ca=\"\">Tether also acquired an additional 8,888 bitcoins in Q4, increasing its total holdings to about 66,465 <span class=\"articleTooltip\" data-v-baf5685a=\"\" data-v-f87c67ca=\"\"><a href=\"\/price\/248348\/bitcoin-btc-usd\" class=\"articleTooltip__link\" data-v-baf5685a=\"\"><img src=\"https:\/\/www.tbstat.com\/wp\/uploads\/2023\/10\/bitcoin.png\" alt=\"\" title=\"\" class=\"articleTooltip__tokenImage\" data-v-baf5685a=\"\"> <span class=\"articleTooltip__tokenText\" data-v-baf5685a=\"\">BTC<\/span> <span class=\"articleTooltip__tokenText articleTooltip__tokenText_price articleTooltip__tokenText_positive\" data-v-baf5685a=\"\">\n      +0.20%\n    <\/span><\/a> <!----><\/span> \u2014 currently worth around $2.8 billion \u2014 The Block <\/span><a href=\"https:\/\/www.theblock.co\/post\/273338\/tether-bitcoin-holdings-latest\" data-v-f87c67ca=\"\">reported<\/a> earlier this month.","As of Dec. 31, the firm's consolidated reserves amounted to at least $97 billion, including $80.3 billion worth of U.S Treasuries and $3.5 billion of gold. Tether's consolidated liabilities relating to digital tokens issued stand at $91.6 billion, 90% backed by cash or cash equivalents.","\"Tether\u2019s Q4 attestation underscores our commitment to transparency, stability, and responsible financial management,\" Tether CEO Paolo Ardoino said."],"hashtag":["TETHER"]}