{"summary":"FTX customers are reeling as likelihood their money is lost forever crystalizes.\nSome clients are afraid to talk about their losses as they fear having their digital assets stolen.","author":["RT Watson","The Block"],"webName":"theblock.co","link":"https:\/\/www.theblock.co\/post\/186520\/pissed-pessimistic-and-paranoid-ftx-clients-panic-money-likely-gone","publishDate":"2022-11-14T02:00:12","id":251,"type":null,"title":"Pissed, pessimistic and paranoid, FTX clients face new reality: &#x27;It\u2019s all gone.&#x27;","category":["Exchanges"],"content":["<span data-contrast=\"none\" data-v-f87c67ca=\"\">Crypto investor Sean Taggart\u2019s opinion of FTX and its founder Sam Bankman-Fried soured radically in recent days. <\/span>&nbsp;<br data-v-f87c67ca=\"\">\n&nbsp;<br data-v-f87c67ca=\"\">\n<span data-contrast=\"none\" data-v-f87c67ca=\"\">\u201CShould\u2019ve known when he said he was a vegan altruist not to trust him,\u201D said the 37-year-old Irishman who had an FTX account for more than two years and opened it because he wagered it was the \u201Cmost trustworthy\u201D trading platform out of hundreds in the market. <\/span><span data-ccp-props=\"{&quot;201341983&quot;:0,&quot;335559739&quot;:160,&quot;335559740&quot;:259}\" data-v-f87c67ca=\"\">&nbsp;<\/span>","<span data-contrast=\"auto\" data-v-f87c67ca=\"\">Taggart ticked off a litany of reasons <\/span><span data-contrast=\"none\" data-v-f87c67ca=\"\">the trading platform appeared more legitimate than others: Bankman-Fried leading the effort in Washington for more regulation, television ads featuring star quarterback Tom Brady, and perhaps most importantly, FTX\u2019s long list of illustrious backers. Even the Ontario Teachers' Pension Plan invested in FTX.<\/span>&nbsp;<br data-v-f87c67ca=\"\">\n&nbsp;<br data-v-f87c67ca=\"\">\n<span data-contrast=\"none\" data-v-f87c67ca=\"\">\u201CA lot of [opening an account with FTX] was due to the perception that they were the most regulated, safest exchange,\u201D said Taggart.<\/span><span data-ccp-props=\"{&quot;201341983&quot;:0,&quot;335559739&quot;:160,&quot;335559740&quot;:259}\" data-v-f87c67ca=\"\">&nbsp;<\/span>","<span data-contrast=\"none\" data-v-f87c67ca=\"\">Millions of people around the world have turned to cryptocurrencies either out of the desire to escape volatile local currencies, or, in many cases, simply because they were bored at home during the pandemic. There are, of course, those that are the true believers in decentralization who want nothing to do with central banks and governments.<\/span>","<span data-contrast=\"none\" data-v-f87c67ca=\"\">A little over a million of those chose FTX and have now likely lost everything in the exchange's spectacular collapse. The likelihood of getting their money back looks bleak. In other financial blow-ups, victims rarely get anything back. Instead, they're left to pick up the pieces as the mystery of what happened unravels.<\/span>&nbsp;<br data-v-f87c67ca=\"\">\n&nbsp;<br data-v-f87c67ca=\"\">\n<span data-contrast=\"none\" data-v-f87c67ca=\"\">Nigerian Sheriffdeen Adewale Jimoh had a lot more faith in FTX than in his local banks. \u201CThe banking system in Nigeria is not safe. You can go to the bank one day and you have nothing, and they have nothing to say,\u201D said Jimoh, who opened an FTX account so he could buy and trade primarily bitcoin. He never thought a global company with a million customers could over the course of a few days seemingly collapse. \u201CMy biggest surprise was waking up, seeing what\u2019s happening, and it seems it\u2019s all gone,\u201D he said.<\/span>&nbsp;<br data-v-f87c67ca=\"\">\n&nbsp;<br data-v-f87c67ca=\"\">\n<span data-contrast=\"none\" data-v-f87c67ca=\"\">Nearly every penny to his name is now trapped, said Jimoh, adding he had not only been using the money to support his siblings and new wife but had also earmarked much of it for a trip to Canada where he intended to study at university. Now, both his personal finances and plans for the future appear derailed due to FTX\u2019s fall. \u201CI never expected this to happen,\u201D he said.<\/span>&nbsp;<br data-v-f87c67ca=\"\">\n&nbsp;<br data-v-f87c67ca=\"\">\n<span data-contrast=\"none\" data-v-f87c67ca=\"\">Twenty-five-year-old Jimoh took to Twitter to plead his case, including to ask why FTX customers in Africa couldn\u2019t recover funds while it appeared U.S. account holders could.<\/span>","<span class=\"TextRun SCXW47796064 BCX0\" lang=\"EN-US\" xml:lang=\"EN-US\" data-contrast=\"none\" data-v-f87c67ca=\"\"><span class=\"NormalTextRun SCXW47796064 BCX0\" data-v-f87c67ca=\"\">Besides FTX successfully encouraging mainstream adoption of cryptocurrency with several high-profile advertising campaigns and partnerships, many of the platform's customers also gravitated to Bankman-Fried espousing a philosophy of \u201Ceffective altruism.\u201D The <\/span><span class=\"NormalTextRun ContextualSpellingAndGrammarErrorV2Themed SCXW47796064 BCX0\" data-v-f87c67ca=\"\">30-year-old<\/span><span class=\"NormalTextRun SCXW47796064 BCX0\" data-v-f87c67ca=\"\"> MIT graduate and one-time billionaire said he planned to donate a lot of his crypto wealth to charity. <\/span><\/span><span class=\"LineBreakBlob BlobObject DragDrop SCXW47796064 BCX0\" data-v-f87c67ca=\"\"><span class=\"SCXW47796064 BCX0\" data-v-f87c67ca=\"\">&nbsp;<\/span><br class=\"SCXW47796064 BCX0\" data-v-f87c67ca=\"\">\n<\/span><span class=\"LineBreakBlob BlobObject DragDrop SCXW47796064 BCX0\" data-v-f87c67ca=\"\"><span class=\"SCXW47796064 BCX0\" data-v-f87c67ca=\"\">&nbsp;<\/span><br class=\"SCXW47796064 BCX0\" data-v-f87c67ca=\"\">\n<\/span><span class=\"TextRun SCXW47796064 BCX0\" lang=\"EN-US\" xml:lang=\"EN-US\" data-contrast=\"none\" data-v-f87c67ca=\"\"><span class=\"NormalTextRun SCXW47796064 BCX0\" data-v-f87c67ca=\"\">Now Bankman-Fried appears to be a charlatan, causing some people to seemingly lose faith in humanity itself. <\/span><\/span><span class=\"LineBreakBlob BlobObject DragDrop SCXW47796064 BCX0\" data-v-f87c67ca=\"\"><span class=\"SCXW47796064 BCX0\" data-v-f87c67ca=\"\">&nbsp;<\/span><br class=\"SCXW47796064 BCX0\" data-v-f87c67ca=\"\">\n<\/span><span class=\"LineBreakBlob BlobObject DragDrop SCXW47796064 BCX0\" data-v-f87c67ca=\"\"><span class=\"SCXW47796064 BCX0\" data-v-f87c67ca=\"\">&nbsp;<\/span><br class=\"SCXW47796064 BCX0\" data-v-f87c67ca=\"\">\n<\/span><span class=\"TextRun SCXW47796064 BCX0\" lang=\"EN-US\" xml:lang=\"EN-US\" data-contrast=\"none\" data-v-f87c67ca=\"\"><span class=\"NormalTextRun SCXW47796064 BCX0\" data-v-f87c67ca=\"\">\u201CI\u2019ve lost faith in people,\u201D said one-time bitcoin enthusiast Deb, who resides in Pennsylvania. She has about half her savings stuck in an FTX account and wonders if she\u2019ll ever get it back. \u201COnce again greed trumps all. Nothing will ever be for the people. Our kids are screwed.\u201D<\/span><\/span><span class=\"LineBreakBlob BlobObject DragDrop SCXW47796064 BCX0\" data-v-f87c67ca=\"\"><span class=\"SCXW47796064 BCX0\" data-v-f87c67ca=\"\">&nbsp;<\/span><br class=\"SCXW47796064 BCX0\" data-v-f87c67ca=\"\">\n<\/span><span class=\"LineBreakBlob BlobObject DragDrop SCXW47796064 BCX0\" data-v-f87c67ca=\"\"><span class=\"SCXW47796064 BCX0\" data-v-f87c67ca=\"\">&nbsp;<\/span><br class=\"SCXW47796064 BCX0\" data-v-f87c67ca=\"\">\n<\/span><span class=\"TextRun SCXW47796064 BCX0\" lang=\"EN-US\" xml:lang=\"EN-US\" data-contrast=\"none\" data-v-f87c67ca=\"\"><span class=\"NormalTextRun SCXW47796064 BCX0\" data-v-f87c67ca=\"\">While Deb preferred to keep her last name confidential, many FTX account holders who shared proof they had accounts with trapped funds didn\u2019t want to discuss personal details. Many traders of crypto currency are afraid that by providing personal details the information might be used by hackers to access their digital wallets and steal their crypto assets. Or they are afraid of being \u201C<\/span><span class=\"NormalTextRun SpellingErrorV2Themed SCXW47796064 BCX0\" data-v-f87c67ca=\"\">doxxed<\/span><span class=\"NormalTextRun SCXW47796064 BCX0\" data-v-f87c67ca=\"\">\u201D (when a person\u2019s personal information is released onto the internet) on social media, which could also result in a hack of their assets.<\/span><\/span><span class=\"LineBreakBlob BlobObject DragDrop SCXW47796064 BCX0\" data-v-f87c67ca=\"\"><span class=\"SCXW47796064 BCX0\" data-v-f87c67ca=\"\">&nbsp;<\/span><br class=\"SCXW47796064 BCX0\" data-v-f87c67ca=\"\">\n<\/span><span class=\"LineBreakBlob BlobObject DragDrop SCXW47796064 BCX0\" data-v-f87c67ca=\"\"><span class=\"SCXW47796064 BCX0\" data-v-f87c67ca=\"\">&nbsp;<\/span><br class=\"SCXW47796064 BCX0\" data-v-f87c67ca=\"\">\n<\/span><span class=\"TextRun SCXW47796064 BCX0\" lang=\"EN-US\" xml:lang=\"EN-US\" data-contrast=\"none\" data-v-f87c67ca=\"\"><span class=\"NormalTextRun SCXW47796064 BCX0\" data-v-f87c67ca=\"\">One account holder who shared proof of his frozen funds but was afraid to give his name later sent an email asking that The Block delete <\/span><span class=\"NormalTextRun AdvancedProofingIssueV2Themed SCXW47796064 BCX0\" data-v-f87c67ca=\"\">all of<\/span><span class=\"NormalTextRun SCXW47796064 BCX0\" data-v-f87c67ca=\"\"> his correspondence, fearing the hack <\/span><span class=\"NormalTextRun SCXW47796064 BCX0\" data-v-f87c67ca=\"\">of FTX <\/span><span class=\"NormalTextRun SCXW47796064 BCX0\" data-v-f87c67ca=\"\">announced late Friday night might put him at risk of being exposed somehow. A prolific crypto trader who says he and several peers have lost significant sums of money also said FTX\u2019s air of \u201Ctoo big <\/span><span class=\"NormalTextRun ContextualSpellingAndGrammarErrorV2Themed SCXW47796064 BCX0\" data-v-f87c67ca=\"\">too<\/span><span class=\"NormalTextRun SCXW47796064 BCX0\" data-v-f87c67ca=\"\"> fail\u201D was attractive. The trading platform <\/span><span class=\"NormalTextRun SCXW47796064 BCX0\" data-v-f87c67ca=\"\">was at one point<\/span><span class=\"NormalTextRun SCXW47796064 BCX0\" data-v-f87c67ca=\"\"> value<\/span><span class=\"NormalTextRun SCXW47796064 BCX0\" data-v-f87c67ca=\"\">d<\/span> <span class=\"NormalTextRun SCXW47796064 BCX0\" data-v-f87c67ca=\"\">at more than<\/span><span class=\"NormalTextRun SCXW47796064 BCX0\" data-v-f87c67ca=\"\"> $30 billion.<\/span><\/span><span class=\"LineBreakBlob BlobObject DragDrop SCXW47796064 BCX0\" data-v-f87c67ca=\"\"><span class=\"SCXW47796064 BCX0\" data-v-f87c67ca=\"\">&nbsp;<\/span><br class=\"SCXW47796064 BCX0\" data-v-f87c67ca=\"\">\n<\/span><span class=\"LineBreakBlob BlobObject DragDrop SCXW47796064 BCX0\" data-v-f87c67ca=\"\"><span class=\"SCXW47796064 BCX0\" data-v-f87c67ca=\"\">&nbsp;<\/span><br class=\"SCXW47796064 BCX0\" data-v-f87c67ca=\"\">\n<\/span><span class=\"TextRun SCXW47796064 BCX0\" lang=\"EN-US\" xml:lang=\"EN-US\" data-contrast=\"none\" data-v-f87c67ca=\"\"><span class=\"NormalTextRun SCXW47796064 BCX0\" data-v-f87c67ca=\"\">Other FTX account holders are taking to social media to try and remedy their troubles. Crypto booster and entrepreneur <\/span><span class=\"NormalTextRun SpellingErrorV2Themed SCXW47796064 BCX0\" data-v-f87c67ca=\"\">Dadvan<\/span><span class=\"NormalTextRun SCXW47796064 BCX0\" data-v-f87c67ca=\"\"> Yousuf posted on Twitter an offer to bribe FTX employees. \u201C<\/span><\/span><span class=\"TextRun SCXW47796064 BCX0\" lang=\"EN-US\" xml:lang=\"EN-US\" data-contrast=\"none\" data-v-f87c67ca=\"\"><span class=\"NormalTextRun SCXW47796064 BCX0\" data-v-f87c67ca=\"\">Any FTX employees willing to change my accounts [sic] country of residence to Bahamas to facilitate withdrawal I am offering $2 million and unlimited legal fees,\u201D he said in a post.<\/span><\/span>","","","<span data-contrast=\"none\" data-v-f87c67ca=\"\">Shortly after Yousuf posted an allegation that FTX not only used billions of dollars to \u201Cpump\u201D (inflate the value) of its native FTT token, but also employees had lived together and held orgies.<\/span><span data-ccp-props=\"{&quot;201341983&quot;:0,&quot;335559739&quot;:160,&quot;335559740&quot;:259}\" data-v-f87c67ca=\"\">&nbsp;<br data-v-f87c67ca=\"\">\n<br data-v-f87c67ca=\"\">\n<\/span><span data-contrast=\"none\" data-v-f87c67ca=\"\">Canadian Ryan \u2014 who also preferred to keep his last name confidential\u2014 also has an FTX account with trapped funds. But unlike many others, Ryan has been fairly cautious with his crypto investments after getting burned by another platform that turned out to be a sham. After Canadian crypto platform <\/span><span data-contrast=\"none\" data-v-f87c67ca=\"\">QuadrigaCX collapsed in 2019, Ryan said he lost a significant amount of money.<\/span>&nbsp;<br data-v-f87c67ca=\"\">\n&nbsp;<br data-v-f87c67ca=\"\">\n<span data-contrast=\"none\" data-v-f87c67ca=\"\">Now the 30-year-old <\/span><span data-contrast=\"none\" data-v-f87c67ca=\"\">IT professional<\/span><span data-contrast=\"none\" data-v-f87c67ca=\"\"> keeps about 90% of his holdings in bitcoin and does only a limited amount of spot trading with other cryptocurrencies. He used FTX only sparingly since opening an account in 2020 and after what happened with QuadrigaCX said he won\u2019t keep any more than 5% of his holdings on any one platform.<\/span>&nbsp;<br data-v-f87c67ca=\"\">\n&nbsp;<br data-v-f87c67ca=\"\">\n<span data-contrast=\"none\" data-v-f87c67ca=\"\">\u201CLuckily for me it's a small amount,\u201D he said of the FTX holdings likely lost forever. \u201CSo I can still sleep at night \u2026 but I know the feeling when you\u2019ve lost everything.\u201D<\/span>"],"hashtag":[]}