{"summary":"Paxos was forced to stop minting BUSD, triggering a massive exit from the Binance stablecoin.\nBlur airdropped its token and took aim at NFT marketplace rival OpenSea.","author":["Osato Avan-Nomayo","The Block"],"webName":"theblock.co","link":"https:\/\/www.theblock.co\/post\/213115\/biggest-crypto-stories-this-past-week-blur-airdrop-and-more-sec-action","publishDate":"2023-02-18T05:07:48","id":2516,"type":null,"title":"Biggest crypto stories this past week: Blur airdrop and more SEC action","category":["Policy"],"content":["This week saw another significant piece of enforcement action by U.S. regulators as the Securities and Exchange Commission went after Paxos for issuing BUSD stablecoin.","In other news, NFT marketplace Blur debuted its token with an airdrop for users.","Bitcoin temporarily touched the $25,000 mark for the first time in six months as the total crypto market capitalization rallied toward $1.2 trillion.","Here are some of the major highlights from this week in the crypto space:","The week began with <a href=\"https:\/\/www.theblock.co\/post\/210932\/paxos-will-no-longer-issue-binance-usd-stablecoin\" data-v-f87c67ca=\"\">Paxos halting its issuance of BUSD<\/a>. This came amid a lawsuit by the SEC stating that BUSD is a security. This announcement triggered a 6% drop in the Binance token price as stablecoin users exited BUSD in favor of others like Tether. Such was the extent of stablecoin swaps that BUSD redemptions <a href=\"https:\/\/www.theblock.co\/post\/211703\/684-million-busd-burned-for-redemptions-amid-us-regulatory-scrutiny\" data-v-f87c67ca=\"\">reached $684 million<\/a> in less than 24 hours.","Binance, for its part, has said it will <a href=\"https:\/\/www.theblock.co\/post\/210951\/binance-sticking-with-busd-for-now-ready-to-explore-options\" data-v-f87c67ca=\"\">stick with BUSD for now<\/a> but is exploring other options. Later in the week, on-chain data showed Binance <a href=\"https:\/\/www.theblock.co\/post\/212687\/truefi-token-clocks-triple-digit-gain-as-binance-mints-tusd-stablecoin\" data-v-f87c67ca=\"\">minting $50 million<\/a> worth of TrueUSD stablecoin. This caused the price of TrueFi, the DeFi protocol that issues the stablecoin, to surge more than 140% in a short space of time.","NFT marketplace <a href=\"https:\/\/www.theblock.co\/post\/211374\/blur-debuts-long-awaited-token\" data-v-f87c67ca=\"\">Blur introduced its token<\/a> this week with an airdrop for users. The token launch came amid reports of a potential raise for the company at a <a href=\"https:\/\/www.theblock.co\/post\/210668\/nft-marketplace-blur-raise-billion-dollar-valuation\" data-v-f87c67ca=\"\">$1 billion valuation<\/a>. Blur\u2019s token <a href=\"https:\/\/www.theblock.co\/post\/211975\/crypto-prices-higher-blur-token-crosses-1-billion-in-volume-in-under-24-hours\" data-v-f87c67ca=\"\">crossed $1 billion in volume<\/a> less than a day after it was launched.","Blur followed up its token launch and airdrop by throwing down the gauntlet to OpenSea. The platform <a href=\"https:\/\/www.theblock.co\/post\/212398\/blur-block-opensea\" data-v-f87c67ca=\"\">recommended a boycott<\/a> of its rival by creators amid controversy over royalties. Opensea, for its part, <a href=\"https:\/\/www.theblock.co\/post\/213056\/opensea-makes-changes-to-fees-following-tension-with-blur\" data-v-f87c67ca=\"\">temporarily changed its fee structure<\/a>. The NFT marketplace giant adopted a temporary zero-fee regime amid other changes.","Bitcoin and the crypto space in general continued the upward price march that has characterized 2023 thus far. Despite the negative news from the regulatory front, bitcoin surged more than 10% this week.","These gains saw <a href=\"https:\/\/www.theblock.co\/post\/212586\/bitcoin-reaches-25000-its-highest-price-since-june\" data-v-f87c67ca=\"\">bitcoin cross $25,000<\/a> for the first time since June 2022. BTC, however, <a href=\"https:\/\/www.theblock.co\/post\/212858\/bitcoin-bnb-slide-as-ether-is-little-changed-crypto-stocks-rise\" data-v-f87c67ca=\"\">retraced slightly,<\/a> having touched a local resistance point at the $25,200 level. Crypto market capitalization approached the $1.2 trillion mark this past week."],"hashtag":["BLUR","BUSD","OPENSEA","SEC"]}