{"summary":"Most miners recovered in the stock markets on Tuesday.\nHIVE Blockchain, Marathon and Bitfarms were among the stocks that performed the best.","author":["Catarina Moura","The Block"],"webName":"theblock.co","link":"https:\/\/www.theblock.co\/post\/165334\/bitcoin-mining-stock-report-tuesday-august-23","publishDate":"2022-08-23T16:45:06","id":2521,"type":null,"title":"Bitcoin mining stock report: Tuesday, August 23","category":["Mining"],"content":["Most bitcoin mining stocks recovered in the stock market on Tuesday as the coin value rose slightly.","Bitcoin was trading at approximately $21,500 at market close, according to data from TradingView.","","","HIVE Blockchain's stock went up by 10.75% on Nasdaq, followed by Marathon (+6.03%) and Bitfarms (+5.07% on Nasdaq). On the other side, Mawson Infrastructure fell by 10.81%, Digihost by 6.20% and Cipher Mining by 3.47%.","<em data-v-f87c67ca=\"\">Here's how crypto mining companies performed on Tuesday, August 23:<\/em>","",""],"hashtag":[]}