{"summary":"Hito Studios will look to entice teams to build startups on Starknet\u2019s Layer 2 network with support in key areas, as well as early-stage investment.","author":["Ryan Weeks","The Block"],"webName":"theblock.co","link":"https:\/\/www.theblock.co\/post\/248227\/argent-starknet-hito-studios","publishDate":"2023-08-31T13:00:02","id":2537,"type":null,"title":"Argent and Starknet partner to launch new venture studio Hito Studios","category":["Venture Capital"],"content":["Crypto wallet Argent and the Starknet Foundation, the entity behind the Layer 2 network Starknet, are teaming up to launch a new venture studio, Hito Studios.","Hito Studios will look to entice teams to build startups on Starknet and will help them to do so while also providing early-stage investment, according to an announcement today. The studio will help builders with hiring, engineering, legal and growth, while founders will also be able to draw on Argent\u2019s network of investors for future investment.","\u201CArgent is a company that has been razor-focused on building genuine use cases in crypto that help improve people\u2019s lives, and due to recent technical innovation on Starknet, we\u2019re seeing more and more ambitious founders looking to do the same thing,\u201D said Itamar Lesuisse, Co-Founder &amp; CEO of Argent, in a statement.","\u201CHito Studios is not only a path to help these founders get their ideas off the ground, but a long-term relationship where we can help support them every step of the way.\u201D","Starknet\u2019s Layer 2 network, Starknet, <a href=\"https:\/\/www.theblock.co\/post\/239112\/starknet-quantum-leap-upgrade\" data-v-f87c67ca=\"\">recently rolled out its \u201Cquantum leap\u201D upgrade<\/a>, which aimed to increase the network\u2019s speed to accommodate larger transaction volumes.","In the past month, the number of unique daily users on apps built on StarkEx ranged between 20,000 and 40,000, according to The Block Research\u2019s data.&nbsp;","<iframe frameborder=\"0\" height=\"420\" src=\"https:\/\/www.theblock.co\/data\/scaling-solutions\/zk-rollups\/starkex-applications-unique-users-daily\/embed\" title=\"StarkEx Applications Unique Users (Daily)\" width=\"100%\" data-v-f87c67ca=\"\"><\/iframe>","Hito Studios will kick things off with two portfolio companies \u2014 Unframed, an NFT marketplace, and Ekubo, a decentralized exchange launched by a former lead engineer at Uniswap."],"hashtag":["NEW VC FUNDS","STARKNET"]}