{"summary":"BitGo is looking to grow its client base in Japan, according to a new job post\nThe custodian established an office in Japan over a year ago and now it is looking to hire more people for the team\nThe cryptocurrency market in Japan is also burgeoning, with e-commerce site Rakuten and messaging app LINE looking to start their own cryptocurrency exchanges ","author":["Celia Wan","The Block"],"webName":"theblock.co","link":"https:\/\/www.theblock.co\/post\/35432\/crypto-custodian-bitgo-looks-to-scale-up-in-japan-hiring-sales-director-to-grow-client-base","publishDate":"2019-08-09T14:59:01","id":2560,"type":null,"title":"Crypto custodian BitGo looks to scale up in Japan, hiring sales director to grow client base","category":["Asia"],"content":["<span data-v-f87c67ca=\"\">BitGo, one of the largest cryptocurrency custodians, is quietly expanding its presence in Japan, a market it broke into over a year ago, according to a source familiar with the matter.&nbsp;&nbsp;<\/span>","<span data-v-f87c67ca=\"\">The firm also confirmed to The Block separately that it is also looking to build up its Japan-based team, including hiring for a sales director to join the company's sales team in Tokyo. This role will be mainly responsible for selling \u201C[BitGo's] digital wallet and offline vault solutions,\u201D <\/span><a href=\"https:\/\/www.linkedin.com\/jobs\/view\/1359781396\/\" data-v-f87c67ca=\"\"><span data-v-f87c67ca=\"\">according to a job post.<\/span><\/a><span data-v-f87c67ca=\"\">&nbsp;<\/span>","<span data-v-f87c67ca=\"\">Responsibilities for the role as listed on the job ad indicate that BitGo might be planning to grow its Japanese client base and snag a substantial market share in the Japanese cryptocurrency market, as the new hire \u201Cwill <\/span><span data-v-f87c67ca=\"\">build fundamental account plans, operational strategy and drive activity in potential clients.\u201D BitGo declined to disclose the size of its<\/span><span data-v-f87c67ca=\"\"> Japanese sales team, although a quick LinkedIn search shows that the company has had a sales account manager based in Japan since July 2018.&nbsp;<\/span>","<span data-v-f87c67ca=\"\">Japan\u2019s fast-growing appetite for blockchain may help explain BitGo\u2019s move into this Asian market. It is reported last month that the Japanese messaging giant <\/span><a href=\"https:\/\/www.theblockcrypto.com\/tiny\/messaging-giant-line-close-to-securing-japanese-regulators-approval-to-launch-crypto-exchange-report\/\" data-v-f87c67ca=\"\"><span data-v-f87c67ca=\"\">LINE was close to securing<\/span><\/a><span data-v-f87c67ca=\"\"> Japanese regulators\u2019 approval to launch a crypto exchange. The country\u2019s Amazon-counterpart Rakuten is also <\/span><a href=\"https:\/\/www.theblockcrypto.com\/tiny\/rakuten-subsidiary-teams-up-with-ciphertrace-to-introduce-aml-solutions-to-its-new-cryptocurrency-exchange\/\" data-v-f87c67ca=\"\"><span data-v-f87c67ca=\"\">preparing for<\/span><\/a><span data-v-f87c67ca=\"\"> its own cryptocurrency exchange. Additionally, many Japanese tech companies are also considering issuing their own stablecoins, according to market maker B2C2 Japan CEO Phillip Gillespie.<\/span>","<span data-v-f87c67ca=\"\">\u201CJapan has gone a step further, the tech companies have gone a step further. That\u2019s what I mean by maybe we should pay attention to what happens [in Japan],\u201D said Gillespie <a href=\"https:\/\/www.theblockcrypto.com\/2019\/05\/23\/us-tech-firms-will-probably-copy-and-paste-japans-big-crypto-moves-says-bitcoin-trading-exec\/\" data-v-f87c67ca=\"\">in an interview<\/a> with The Block in May.&nbsp;<\/span>","<span data-v-f87c67ca=\"\">However, a growing market with increasing interest does not mean that there is no existing competition. Japanese Bank Nomura is also planning to launch an institutional-grade custody solution for cryptocurrencies. Meanwhile, Coinbase, which provides one of the largest custody services in the cryptocurrency market, also <\/span><a href=\"https:\/\/blog.coinbase.com\/coinbase-is-coming-to-japan-welcomes-fintech-leader-nao-kitazawa-173919de23c8\" data-v-f87c67ca=\"\"><span data-v-f87c67ca=\"\">established an office in Japan last year<\/span><\/a><span data-v-f87c67ca=\"\">.&nbsp;<\/span>"],"hashtag":[]}