{"summary":"USDX dipped to almost $0.55 on Wednesday and is currently changing hands at $0.65.\nKava Labs said it offered UST as one of the collateral assets to mint USDX. ","author":["Vishal Chawla","The Block"],"webName":"theblock.co","link":"https:\/\/www.theblock.co\/post\/146802\/kava-networks-usdx-tumbles-to-0-65-as-yet-another-stablecoin-depegs","publishDate":"2022-05-13T10:29:32","id":2576,"type":null,"title":"Kava Network\u2019s USDX tumbles to $0.65 as yet another stablecoin depegs","category":["Crypto Ecosystems"],"content":["<span data-v-f87c67ca=\"\">Kava Network's native decentralized stablecoin USDX has lost its parity with the US dollar. This stablecoin had a market cap of more than $115 million before the depeg, according to CoinGecko.<\/span>","<span data-v-f87c67ca=\"\">USDX dipped to almost 0.55 on Wednesday, and is changing hands at <a href=\"https:\/\/www.coingecko.com\/en\/coins\/usdx\" data-v-f87c67ca=\"\">$0.65<\/a> at the time of writing \u2014 well below its supposed dollar peg. <br data-v-f87c67ca=\"\">\n<br data-v-f87c67ca=\"\">\nWhat may have caused USDX to lose its dollar parity is not clear. Unlike algorithmic stablecoins such as those provided by <a href=\"https:\/\/www.theblockcrypto.com\/linked\/146722\/terra-says-it-has-halted-blockchain-for-second-time-in-24-hours\" data-v-f87c67ca=\"\">Terra<\/a>, <a href=\"https:\/\/www.theblockcrypto.com\/post\/124214\/kava-network-powering-a-decentralized-future\" data-v-f87c67ca=\"\">Kava Network<\/a>'s USDX can be minted as a loan backed by collateral reserves.&nbsp;<\/span>","<span data-v-f87c67ca=\"\">A likely explanation coming via Twitter from Kava Labs, the development team behind the stablecoin, is that USDX lost the peg because of its exposure to <a href=\"https:\/\/www.theblockcrypto.com\/linked\/145871\/ust-stablecoin-falls-to-record-low-amid-continued-market-tumult\" data-v-f87c67ca=\"\">terraUSD<\/a> (UST) \u2014 an algorithmic stablecoin that recently collapsed. UST accounted for some of the collateral backing USDX, along other assets including kava, cosmos, wrapped bitcoin and ether.<br data-v-f87c67ca=\"\">\n<\/span>","<span data-v-f87c67ca=\"\">As UST plummeted to $0.10, losing more than 90% of its value in a week, it caused collateral liquidations that dragged USDX along. The liquidations probably contributed to USDX dislocating from the one-dollar peg, <a href=\"https:\/\/twitter.com\/Scott_Stuart_\/status\/1524484003914428417\" data-v-f87c67ca=\"\">according to<\/a> Scott Stuart, co-founder and CEO of Kava Labs, the development team working on the stablecoin.<\/span>","<span data-v-f87c67ca=\"\">Stuart claims USDX will return to the peg because it is not an algorithmic token like UST. <\/span>","<span data-v-f87c67ca=\"\">\u201CUSDX is not UST. Once UST is out of the system, USDX is anticipated to go back to its peg,\u201D&nbsp;<\/span><span data-v-f87c67ca=\"\">Stuart <\/span><a href=\"https:\/\/twitter.com\/Scott_Stuart_\/status\/1524485613835018240\" data-v-f87c67ca=\"\"><span data-v-f87c67ca=\"\">added<\/span><\/a><span data-v-f87c67ca=\"\">.&nbsp;<\/span>","<span data-v-f87c67ca=\"\"><span class=\"r-18u37iz\" data-v-f87c67ca=\"\">\"UST<\/span><span class=\"css-901oao css-16my406 r-poiln3 r-bcqeeo r-qvutc0\" data-v-f87c67ca=\"\"> has (obviously) significantly de-pegged and has promulgated some risk to downstream protocols that use it,\" Stuart said, adding that the UST risk in Kava was isolated and could be tolerated.<\/span><\/span>","<em data-v-f87c67ca=\"\">Update: Kava Labs' CEO Scott Stuart <a href=\"https:\/\/twitter.com\/Scott_Stuart_\/status\/1525217757519679488\" data-v-f87c67ca=\"\">said<\/a> the network has removed the use of UST in minting USDX.&nbsp;<\/em>","<i data-stringify-type=\"italic\" data-v-f87c67ca=\"\">For more breaking stories like this, make sure to follow The Block on&nbsp;<\/i><i data-stringify-type=\"italic\" data-v-f87c67ca=\"\"><a class=\"c-link\" tabindex=\"-1\" href=\"https:\/\/twitter.com\/TheBlock__\" target=\"_blank\" rel=\"noopener noreferrer\" data-stringify-link=\"https:\/\/twitter.com\/TheBlock__\" data-sk=\"tooltip_parent\" data-remove-tab-index=\"true\" data-v-f87c67ca=\"\">Twitter<\/a><\/i><i data-stringify-type=\"italic\" data-v-f87c67ca=\"\">.<\/i>"],"hashtag":[]}