{"summary":"Tether, Solana co-founder Anatoly Yakovenko, CMCC Global and 468 Capital participate in $25-million Series A investment in crypto mobile payment firm Oobit.\nOobit wants to make it easier for consumers to purchase goods and services using cryptocurrency. ","author":["RT Watson","The Block"],"webName":"theblock.co","link":"https:\/\/www.theblock.co\/post\/276023\/tether-and-solanas-yakovenko-join-25-million-round-for-crypto-payments-firm-oobit","publishDate":"2024-02-05T10:48:46","id":2583,"type":null,"title":"Tether and Solana&#x27;s Yakovenko join $25 million round for crypto payments firm Oobit","category":["Tech"],"content":["Crypto mobile payments firm Oobit has secured $25 million in Series A funding in a round led by Tether, Solana co-founder Anatoly Yakovenko, CMCC Global and 468 Capital, the company said in a statement.","Oobit, which was founded in 2017, aspires to remove \"merchant friction\" and function much like Apple Pay does, allowing consumers to utilize its app to tap and pay for goods and services with crypto.","\"Tether\u2019s strategic investment in Oobit underscores our unwavering dedication to welcoming new users into the cryptocurrency ecosystem,\" Tether CEO Paolo Ardoino said in a statement. \u201COobit, in our perspective, stands as a catalyst, breaking down barriers and facilitating frictionless transactions for crypto holders worldwide.\"","Like Oobit, traditional fintechs including <a href=\"https:\/\/www.theblock.co\/post\/252177\/payment-app-venmo-to-offer-paypal-usd-stablecoin\" data-v-f87c67ca=\"\">PayPal<\/a> and <a href=\"https:\/\/www.theblock.co\/post\/266341\/nubank-cripto-adds-support-for-usdc-broadening-access-to-the-stablecoin-in-brazil\" data-v-f87c67ca=\"\">Nubank<\/a> have been working to make the process of buying, selling and spending crypto more seamless. Payments giant Visa also <a href=\"https:\/\/www.forbes.com\/sites\/billhardekopf\/2024\/02\/01\/this-week-in-credit-card-news-cryptos-inroads-with-visa--mastercard\/?sh=4886eb5c2765\" data-v-f87c67ca=\"\">recently partnered<\/a> with web3 firm Transak in order to make it easier for people to spend or withdraw crypto using a debit card.","While Oobit already allows consumers to spend \"cryptocurrencies in traditional commerce settings,\" the company hopes to extend its capabilities and allow for external third-party wallets. \"This will transition Oobit into a non-custodial crypto payments app,\" the company said.","\"Our investment in Oobit's Series A funding round underscores our dedication to fostering innovation that bridges the realms of blockchain systems and traditional financial systems,\" said Martin Baumann, co-founder and Managing Partner of CMCC Global."],"hashtag":["SERIES A"]}