{"summary":"A New York couple accused of laundering billions of dollars related to the hacking of Bitfinex in 2016 has entered into a plea agreement with federal prosecutors.","author":["RT Watson","The Block"],"webName":"theblock.co","link":"https:\/\/www.theblock.co\/post\/240957\/new-york-couple-accused-of-laundering-hacked-bitfinex-crypto-reaches-plea-deal","publishDate":"2023-07-21T11:57:01","id":2595,"type":null,"title":"N.Y. couple accused of laundering hacked Bitfinex crypto reaches plea deal","category":["Legal"],"content":["A New York couple accused of <a href=\"https:\/\/www.theblock.co\/linked\/133871\/couple-accused-of-laundering-4-5-billion-in-bitcoin-face-bail-decision-in-dc\" data-v-f87c67ca=\"\">laundering<\/a> $4.5 billion of crypto related to the 2016 hacking of the Bitfinex exchange have entered into a plea agreement with federal prosecutors, according to court documents.","Ilya Lichtenstein and Heather Morgan are set to attend a plea hearing early next month. Federal prosecutors allege the couple conspired with \"others known and unknown to the grand jury,\" according to the court documents.&nbsp;","Morgan, known by her rapper name \u201CRazzlekhan,\u201D was <a href=\"https:\/\/www.theblock.co\/post\/188601\/razzlekhan-bitcoin-laundering-case-to-include-classified-information\" data-v-f87c67ca=\"\">arrested<\/a> with Lichtenstein last year and charged with conspiracy to commit money laundering and conspiracy to defraud the U.S. A district court judge had previously signed a protective order in the case, indicating it would involve \u201Cclassified national security information\u201D that can only be accessed by people with security clearance.","Earlier this month, <a href=\"https:\/\/www.theblock.co\/post\/238163\/crypto-exchange-bitfinex-recovers-314000-from-2016-hack\" data-v-f87c67ca=\"\">Bitfinex said<\/a> it recovered $312,000 in cash and nearly $2,000 worth of Bitcoin Cash from the 2016 hack.","&nbsp;"],"hashtag":[]}