{"summary":"With spot bitcoin ETFs starting to trade, nearly the entire crypto market is up with high-profile tokens like Ethereum, Solana, Cardano, XRP and Avalanche all increasing by more than 10% during the past 24 hours.","author":["RT Watson","The Block"],"webName":"theblock.co","link":"https:\/\/www.theblock.co\/post\/271942\/solana-eth-and-xrp-soar-as-spot-bitcoin-etfs-lift-entire-crypto-market","publishDate":"2024-01-11T10:19:32","id":2599,"type":null,"title":"Solana, ETH and XRP soar as spot bitcoin ETFs lift entire crypto market","category":["Markets"],"content":["With the highly-anticipated spot bitcoin ETFs finally trading, just about the entire crypto market is surging with many top tokens rising by more than 10%.","Some of the biggest digital tokens by market capitalization are soaring by double digits over the past 24 hours as crypto enthusiasts around the world cheer the Securities and Exchange Commission's decision to approve spot bitcoin ETFs yesterday. The agency <a href=\"https:\/\/www.theblock.co\/post\/271718\/spot-bitcoin-etfs-have-now-been-approved-what-comes-next\" data-v-f87c67ca=\"\">approved a total<\/a> of 11 that are trading on the NYSE, Nasdaq and Cboe exchanges.&nbsp;","Parallel to that, popular tokens are rising precipitously. Ether, the second largest digital currency by market capitalization, had risen by nearly 12% as of 10:05 a.m. ET. That comes amid <span data-v-03de5780=\"\" data-v-f87c67ca=\"\">Bloomberg Intelligence analyst Eric Balchunas <a href=\"https:\/\/www.theblock.co\/post\/271874\/ethereum-etf-approval-may-ether-price-surge\" data-v-f87c67ca=\"\">saying<\/a>&nbsp;that there is <\/span><span data-v-03de5780=\"\" data-v-f87c67ca=\"\">a 70% likelihood a spot Ethereum ETF will be approved in May.<\/span>","Other top tokens also jumped by more than 10%, with Solana up 14%, XRP up 11%, and both Cardano and Avalanche rising my more than 20%, according to The Block Price Page.","XRP's rise may be buoyed by <a href=\"https:\/\/www.theblock.co\/post\/271645\/ripple-initiating-285-million-share-buyback-that-values-company-at-11-billion\" data-v-f87c67ca=\"\">news yesterday<\/a> that the crypto-payments firm Ripple Labs, which is known for using the digital token, announced it is planning to buy back $285 million worth of its shares from early investors, a move that will value the company at $11.3 billion.","\"It's a win, because the people want it,\" CNBC television analyst Jim Cramer said ahead of the ETFs beginning to trade on Thursday.","\"Everyone wanted this,\" he added, referencing his discussions with retail investors. \"People didn't want a situation where they had their money in some bank that just disappeared overnight.\""],"hashtag":[]}