{"summary":"Bitcoin Miner Iris Energy is looking at \u201Cpotential M&A\u201D opportunities as well as \u201Congoing organic expansion.\u201D\nThe company recently closed a deal with B. Riley, giving it the option to sell the firm up to $100 million in ordinary shares over the next two years.","author":["Catarina Moura","The Block"],"webName":"theblock.co","link":"https:\/\/www.theblock.co\/post\/175555\/bitcoin-miner-iris-energy-considering-mergers-and-acquisitions-after-fresh-capital-raise","publishDate":"2022-10-07T11:48:16","id":2604,"type":null,"title":"Bitcoin miner Iris Energy considering mergers and acquisitions after fresh capital raise","category":["Bitcoin"],"content":["Bitcoin miner Iris Energy considering possible mergers and acquisitions opportunities as the firm plots its growth plans.","Those also include other options such as \"ongoing organic expansion,\" the company said in a <a href=\"https:\/\/www.sec.gov\/Archives\/edgar\/data\/1878848\/000114036122036514\/brhc10042779_ex99-1.htm\" data-v-f87c67ca=\"\">statement<\/a> Friday.","Last month, it signed a deal with investment banking firm B. Riley for the option to <a href=\"https:\/\/www.theblock.co\/post\/172441\/bitcoin-miner-iris-energy-inks-100-million-share-purchase-deal-with-b-riley\" data-v-f87c67ca=\"\">sell up to $100 million in ordinary shares<\/a>. \"The Company continues to monitor funding markets and advance prospective capital opportunities,\" it said.","There's been plenty of <a href=\"https:\/\/www.theblock.co\/post\/169988\/bitcoin-mining-execs-talk-industry-consolidation-cleansparks-asset-deal\" target=\"_blank\" rel=\"noopener\" data-v-f87c67ca=\"\">talk of consolidation<\/a> in the bitcoin mining industry lately, and companies like CleanSpark already have been leveraging market conditions to scoop up <a href=\"https:\/\/www.theblock.co\/post\/168193\/bitcoin-miner-cleanspark-bought-10000-asics-at-a-significantly-discounted-price\" target=\"_blank\" rel=\"noopener\" data-v-f87c67ca=\"\">thousands of mining machines<\/a> at discounted prices, <a href=\"https:\/\/www.theblock.co\/post\/162086\/bitcoin-miner-cleanspark-acquires-site-in-georgia-plans-to-scale-it-to-86-megawatts\" data-v-f87c67ca=\"\">as well as mining sites<\/a>.","Iris Energy increased its average operating hash rate in September by 24% month-over-month to a total of 2.729 exahashes per second (EH\/s). At the same time, it mined 325 BTC, an 8% increase.","The two weren't proportional \"due to an increase in the average difficulty-implied global hash rate during the period, which was also the primary driver behind the increase in the Company\u2019s electricity costs per Bitcoin mined during the month,\" the statement said.","Mining difficulty <a href=\"https:\/\/www.theblock.co\/post\/166757\/bitcoin-mining-difficulty-jumps-9-26-in-the-largest-increase-since-january\" data-v-f87c67ca=\"\">jumped 9.26% at the end of August<\/a>, the largest increase since January. Current estimates point to <a href=\"https:\/\/www.theblock.co\/post\/175345\/bitcoin-miners-face-a-big-difficulty-jump-next-week-heres-whats-in-store\" data-v-f87c67ca=\"\">another major hike<\/a> coming next week.","Iris said that its development works across Canada, the USA and Asia-Pacific have the potential to support over 1 gigawatt of power capacity, beyond the 795 megawatts previously announced.","The company has three sites in Canada and one being developed in Texas, which is slated to reach 600 megawatts, after an initial build-out of 40 megawatts. All of them are \"powered by 100% renewable energy,\" according to the company."],"hashtag":[]}