{"summary":"There have been 70 DeFi attacks this year across four blockchain platforms.\nAround $1.4 billion was initially stolen but $760 million has been returned.","author":["Tim Copeland","The Block"],"webName":"theblock.co","link":"https:\/\/www.theblock.co\/post\/123030\/defi-exploits-total-680-million-so-far-in-2021","publishDate":"2021-11-02T13:24:01","id":2612,"type":null,"title":"DeFi exploits total $680 million so far in 2021","category":["Hacks"],"content":["The total amount of funds stolen in DeFi attacks has reached $680 million so far this year, according to <a href=\"https:\/\/www.theblockcrypto.com\/data\/decentralized-finance\/exploits\/funds-stolen-by-defi-attackers\" data-v-f87c67ca=\"\">The Block\u2019s Data Dashboard<\/a>.","Data collected by The Block Research shows that $1.4 billion was initially taken from DeFi protocols through exploits and bugs but $760 million has been returned.&nbsp;","<iframe frameborder=\"0\" height=\"420\" src=\"https:\/\/www.theblock.co\/data\/decentralized-finance\/exploits\/funds-stolen-by-defi-attackers\/embed\" title=\"Funds stolen by DeFi attackers\" width=\"100%\" data-v-f87c67ca=\"\"><\/iframe>","Over the year, the space witnessed 70 of the biggest DeFi exploits across four blockchain platforms. The majority of the exploits happened on Ethereum \u2014 34 to be precise \u2014 with Binance Smart Chain a close runner-up with 25 attacks. We also saw three on Polygon and two on Avalanche.","Out of the attacks, 34 of them employed flash loans. These are loans that are taken out, used for some function and repaid all in the same transaction block. This means the lender knows their money will be returned (or it was never borrowed in the first place).","As a result, flash loans can be very large at a low cost, enabling hackers to borrow huge amounts of funds in order to maximize the damage of such attacks. (For a detailed analysis of the pros and cons of flash loans, <a href=\"https:\/\/www.theblockcrypto.com\/daily\/108081\/flash-loans-a-blessing-or-a-curse\" data-v-f87c67ca=\"\">see here<\/a>.)","For example, DeFi protocol xToken suffered an exploit in May. The perpetrator used a flash loan to borrow 61,800 ETH ($270 million) to upset the system and take off with $24.5 million. The sheer size of the flash loan made the attack more profitable.","<iframe frameborder=\"0\" height=\"420\" src=\"https:\/\/www.theblock.co\/data\/decentralized-finance\/exploits\/stolen-funds-by-using-flash-loans\/embed\" title=\"Stolen funds by using flash loans\" width=\"100%\" data-v-f87c67ca=\"\"><\/iframe>","Three of the five biggest hacks were for Poly Network, which <a href=\"https:\/\/www.theblockcrypto.com\/post\/114045\/at-least-611-million-stolen-in-massive-cross-chain-hack\" data-v-f87c67ca=\"\">lost $611 million<\/a> in total before it was then <a href=\"https:\/\/www.theblockcrypto.com\/linked\/114390\/poly-network-hacker-returns-nearly-all-of-the-611-million-in-stolen-funds?utm_source=twitter&amp;utm_medium=social\" data-v-f87c67ca=\"\">all returned<\/a>. Other big losses included Compound, which suffered a bug in September that led to the <a href=\"https:\/\/www.theblockcrypto.com\/linked\/119086\/compound-bug-comp-risk-misreward\" data-v-f87c67ca=\"\">unintended release<\/a> of $114 million in COMP tokens \u2014 of which about half was returned.","Late last month, Cream Finance was <a href=\"https:\/\/www.theblockcrypto.com\/post\/122241\/ethereum-defi-protocol-cream-finance-hacked-for-115-million\" data-v-f87c67ca=\"\">exploited for $130 million<\/a> using a large flash loan.&nbsp;","For context, this data doesn't include <a href=\"https:\/\/www.theblockcrypto.com\/post\/122795\/unofficial-squid-game-token-crashes-99-as-devs-dump-for-12-million\" data-v-f87c67ca=\"\">rug pulls<\/a> and <a href=\"https:\/\/www.theblockcrypto.com\/post\/122529\/crypto-fork-uses-dog-meme-to-raise-60-million-then-the-money-goes-missing\" data-v-f87c67ca=\"\">other crypto swindles<\/a> \u2014 it's only focused on exploits of DeFi protocols."],"hashtag":["EXPLOITS"]}