{"summary":"Mixin Network, recently hacked for a reported $200 million, has offered the exploiter a $20 million \u201Cbug bounty\u201D reward to return the stolen funds.\nMixin suspended deposits and withdrawals over the weekend following the attack with just half of users\u2019 assets safe, but now says the losses were not as significant as estimated.","author":["James Hunt","The Block"],"webName":"theblock.co","link":"https:\/\/www.theblock.co\/post\/253154\/mixin-network-offers-hacker-20-million-bug-bounty","publishDate":"2023-09-27T05:29:24","id":2649,"type":null,"title":"Mixin Network offers hacker $20 million \u2018bug bounty\u2019 in on-chain message","category":["Crypto Ecosystems"],"content":["Cross-chain service Mixin Network has offered the attacker who exploited the platform for a reported $200 million over the weekend a $20 million \u201Cbug bounty reward\" for the return of its users\u2019 funds.","\u201CMost of our platform assets were users\u2019, and we hope you can refund them. You can keep $20 million of the assets as a BUG Bounty Reward for the BUG. Contact us via <a href=\"\/cdn-cgi\/l\/email-protection\" class=\"__cf_email__\" data-cfemail=\"f5978092b5989c8d9c9bdb9a9b90\">[email&nbsp;protected]<\/a> for the reward details,\u201D Mixin wrote in an <a href=\"https:\/\/etherscan.io\/tx\/0x63b2433505098c584c09f70d5309ae2a6762883b8b9c83ad29f997c657f2593a\" data-v-f87c67ca=\"\">on-chain message<\/a> as flagged by blockchain security firm PeckShield.","However, in an update posted on X (formerly Twitter) today, Mixin said the <a href=\"https:\/\/twitter.com\/MixinKernel\/status\/1706948541850235274?s=20\" data-v-f87c67ca=\"\">losses were not as significant as estimated<\/a>. \u201CWe have completed most of the asset tally work, and the situation is much more optimistic than expected. The losses are not as significant as estimated. Again, we remind everyone to avoid making transactions, market making, etc., on Mixin Network, for now, to prevent unnecessary losses.\u201D","\u201CSpecific reimbursement rules still need some time,\u201D it added.","Late Sunday, Mixin Network said it had temporarily <a href=\"https:\/\/www.theblock.co\/post\/252698\/mixin-network-suspends-services-after-hack-involving-200-million-in-funds\" data-v-f87c67ca=\"\">suspended deposit and withdrawal services<\/a>, following the reported $200 million exploit, until it can implement a fix.","Another security firm, SlowMist, said the attack <a href=\"https:\/\/twitter.com\/SlowMist_Team\/status\/1706133260869468503\" data-v-f87c67ca=\"\">targeted Mixin Network's cloud service provider database<\/a> on Saturday.","Mixin confirmed its cloud service provider was attacked by hackers, \u201Cresulting in the loss of some assets on its mainnet,\u201D and added that it had contacted Google and SlowMist to assist with an investigation.","\"After discussion and consensus among all nodes, these services will be reopened once the vulnerabilities are confirmed and fixed. During this period, transfers are not affected,\" Mixin said at the time.","The attack on Mixin was the latest crypto project exploit via third-party providers in a week after <a href=\"https:\/\/www.theblock.co\/post\/252675\/opensea-tells-users-to-rotate-api-keys-after-third-party-security-breach\" data-v-f87c67ca=\"\">OpenSea<\/a> and <a href=\"https:\/\/www.theblock.co\/post\/252464\/nansen-third-party-security-breach-exposes-6-8-of-user-emails-and-some-blockchain-addresses\" data-v-f87c67ca=\"\">Nansen<\/a> were also impacted by security breaches at one of their vendors. It remains unclear if the incidents are related, with Nansen urging the third-party vendor to disclose the breach publicly.","If the funds are not returned, the Mixin Network exploit could sit among the largest DeFi exploits to date, according to The Block\u2019s data dashboard.","<iframe frameborder=\"0\" height=\"420\" src=\"https:\/\/www.theblock.co\/data\/decentralized-finance\/exploits\/largest-defi-exploits\/embed\" title=\"Largest DeFi exploits\" width=\"100%\" data-v-f87c67ca=\"\"><\/iframe>","During a subsequent <a href=\"https:\/\/www.theblock.co\/post\/252716\/mixin-network-founder-says-just-half-users-assets-are-safe-after-200-million-hack\" data-v-f87c67ca=\"\">livestream<\/a>, Mixin founder Feng Xiaodong said the team \"can only ensure at least half of the assets are secure,\" for now. \"No matter what your assets are \u2014 whether it's bitcoin or ether \u2014 we will ensure that half of it is unaffected. We\u2019re trying to find a way to recover the compromised money, but that is very difficult.\"","For the rest of the assets, Feng said Mixin is considering issuing \"bond tokens\" for users to claim, with plans for a future buyback.","Mixin's token, XIN, is down around 25% following the hack, currently trading at $163.37, according to CoinGecko data."],"hashtag":["EXPLOITS","HACKS"]}