{"summary":"Gnosis Safe confirmed it will be airdropping early users SAFE token.\nSAFE token will be used to distribute value capture to users. ","author":["Mike Truppa","The Block"],"webName":"theblock.co","link":"https:\/\/www.theblock.co\/post\/164361\/gnosis-safe-confirms-safe-token-airdrop-to-more-than-21000-users","publishDate":"2022-08-18T15:02:45","id":2665,"type":null,"title":"Gnosis Safe confirms SAFE token airdrop to more than 21,000 users","category":["Custody"],"content":["Gnosis Safe has confirmed an airdrop of its native token, SAFE.&nbsp;","Gnosis Safe released a spreadsheet highlighting 21,935 Safes (users) are eligible for the airdrop, with an average distribution for each Safe being 2,279 tokens.&nbsp;","Gnosis Safe is used by&nbsp;various DAOs, institutions, and individuals in the industry, such as ConsenSys, Aave, and Synthetix.&nbsp;","&nbsp;Gnosis Safe currently secures over $38 billion worth of assets. &nbsp;","At 10:53 a.m. ET Wednesday, Gnosis Safe <a href=\"https:\/\/twitter.com\/gnosisSafe\/status\/1560278652910153728\" data-v-f87c67ca=\"\"><span class=\"s1\" data-v-f87c67ca=\"\">tweeted<\/span><\/a> out the proposal for the user distribution of the airdrop after the <a href=\"https:\/\/forum.gnosis.io\/t\/gip-29-spin-off-safedao-and-launch-safe-token\/3476\" data-v-f87c67ca=\"\"><span class=\"s1\" data-v-f87c67ca=\"\">initial proposal<\/span><\/a> from February 9 was passed.&nbsp;","After raising a strategic funding round of $100 million in July, the goal of the SAFE&nbsp;token will be to govern the Gnosis Safe ecosystem through the newly established SafeDAO. The token will also be used&nbsp;to distribute value capture from the protocol to its users. &nbsp;","Gnosis Safe is also in the progress of setting up the Safe Foundation based in Switzerland, which will oversee areas such as intellectual property, GitHub repositories, and strategic investments. The foundation itself will also issue the SAFE token.&nbsp;"],"hashtag":["AAVE","AIRDROP"]}