{"summary":"On July 30 2015, Ethereum\u2019s genesis block was first loaded. ","author":["Frank Chaparro","The Block"],"webName":"theblock.co","link":"https:\/\/www.theblock.co\/post\/242046\/today-marks-ethereums-eighth-birthday","publishDate":"2023-07-30T11:51:01","id":267,"type":null,"title":"Today marks Ethereum&#x27;s eighth birthday","category":["Companies"],"content":["\"The Dev team joins me in thanking each and everyone of you for your support during the past year and half. It\u2019s incredible to see the progress that has taken place since that humble first commit on Christmas Eve 2013,\" the blog said. \"The vision of a censorship-proof \u2018world computer\u2019 that anyone can program, paying exclusively for what they use and nothing more, is now a reality.\"","Since that day, Ethereum has grown to become the second-largest blockchain ecosystem, with its native asset, ether, boasting a market capitalization of $227 billion.","Ethereum was co-founded by an array of prominent crypto figures, including Vitalik Buterin, who continues to actively contribute to the network. Other co-founders include Gavin Wood, Anthony Di Iorio, and Joseph Lubin.","Vitalik Buterin published the introductory Ethereum white paper in 2014."],"hashtag":[]}