{"summary":"The price of the world\u2019s seventh largest cryptocurrency by market capitalization rose 8.9% on Tuesday.","author":["MK Manoylov","The Block"],"webName":"theblock.co","link":"https:\/\/www.theblock.co\/post\/241392\/dogecoin-spikes-9-after-logo-appears-to-find-way-back-to-musks-twitter","publishDate":"2023-07-25T17:13:03","id":2686,"type":null,"title":"Dogecoin spikes 9% after logo finds way back to Musk&#x27;s Twitter","category":["Market Recap"],"content":["Dogecoin mania made a comeback on Tuesday after a logo for the popular meme-based cryptocurrency seemed to find its way to the profile of Elon Musk's rebranded Twitter account.&nbsp;","The price of the world's <a href=\"https:\/\/coinmarketcap.com\/\" data-v-f87c67ca=\"\">seventh largest<\/a> cryptocurrency by market capitalization rose 8.9% to $0.08 at 4:39 p.m. in New York, according to <a href=\"https:\/\/www.coingecko.com\/en\/coins\/dogecoin\" data-v-f87c67ca=\"\">CoinGecko<\/a>. That's the highest price since April, with trading volume surging to more than $1.7 billion.","The rally took place as the <a href=\"https:\/\/cryptologos.cc\/dogecoin\" data-v-f87c67ca=\"\">symbol<\/a> \"Ð\" appeared in a part of Musk's Twitter profile that's usually used to signify a location. It was placed right behind the new \"X\" logo for the company.","Musk, who bought the social media platform last year, also <a href=\"https:\/\/twitter.com\/elonmusk\/status\/1683877911315599360\" data-v-f87c67ca=\"\">retweeted<\/a> a user who goes by pseudonym \"DogeDesigner.\"&nbsp;","Musk's tweets have long been known to <a href=\"https:\/\/www.theblock.co\/post\/225056\/dogecoin-volatility-expected\" data-v-f87c67ca=\"\">influence<\/a> the price of dogecoin. The cryptocurrency surged earlier this year after Twitter briefly changed its logo to a meme of a Shiba Inu dog that's associated with the token, <a href=\"https:\/\/www.theblock.co\/post\/225328\/dogecoin-dives\" data-v-f87c67ca=\"\">only to crash<\/a> more than 8% after it was removed.&nbsp;","Dogecoin's market capitalization currently stands at $11.4 billion, according to <a href=\"https:\/\/coinmarketcap.com\/\" data-v-f87c67ca=\"\">CoinMarketCap<\/a>. It's the third best preforming token tracked by the platform over the past week, rising 18.9%."],"hashtag":["ELON MUSK"]}