{"summary":"Bitmain\u2019s ousted co-founder Micree Zhan has said that he is against layoffs\nIn an open letter to Bitmain\u2019s employees, Zhan termed the company\u2019s reportedly planned layoffs as a \u201Cnear-suicide\u201D mistake\nZhan said, given Bitmain\u2019s profits, the company can retain its 1,300 employees.","author":["Yogita Khatri","The Block"],"webName":"theblock.co","link":"https:\/\/www.theblock.co\/post\/52097\/i-am-firmly-opposed-to-layoffs-says-bitmains-ousted-co-founder-micree-zhan","publishDate":"2020-01-06T05:21:00","id":2716,"type":null,"title":"Bitmain&#x27;s ousted co-founder Micree Zhan is firmly opposed to layoffs","category":["Mining"],"content":["Ousted Bitmain co-founder Micree Zhan Ketuan has said that he is \u201Cfirmly opposed\u201D to layoffs.","In an <a href=\"https:\/\/www.weibo.com\/5335510846\/Ioeor99Kb?from=page_1005055335510846_profile&amp;wvr=6&amp;mod=weibotime&amp;type=comment#_rnd1578298687591\" data-v-f87c67ca=\"\">open letter<\/a> to Bitmain's employees, published today on his Weibo social media account, Zhan said that he read the news of Bitmain\u2019s planned layoffs and thinks it is \u201Cunreasonable.\u201D","\u201CBitmain\u2019s cash flow is healthy, and there are huge amounts of virtual currency assets,\u201D said Zhan, adding that it is \u201Cridiculous\u201D to cut staff by 50% ahead of bitcoin halving (expected to occur in May).","The news of Bitmain\u2019s <a href=\"https:\/\/news.sina.com.tw\/article\/20200102\/33880580.html\" data-v-f87c67ca=\"\">planned layoffs<\/a> was first reported by Chinese news outlet Wushuo Blockchain on Dec. 2, saying that Bitmain has launched a \u201Cpersonnel optimization plan\u201D and that layoffs will be finalized by Jan. 17.","The report added that Bitmain\u2019s artificial intelligence (AI) \u200B\u200Bbusiness will become the focus of layoffs because it cannot generate profit.","Zhan, in his open letter, said that the market for AI is \u201Chuge\u201D and is \u201Crapidly growing.\u201D He added that despite \u201C very fierce\u201D competition, Bitmain can top the AI space.&nbsp;","\u201CThe mining machine market is also very competitive, even more fierce than AI. Bitmain has achieved the world\u2019s number one from zero! Our team is not afraid of competition! I believe that in the AI \u200B\u200Bmarket, our team can also be the first in the world from zero!,\u201D said Zhan.","Nishant Sharma, a Bitmain spokesperson, declined to comment on the layoff reports when contacted by The Block.","Zhan termed the reportedly planned layoffs as a \u201Cnear-suicide\u201D mistake, and said as the \"largest shareholder\" and co-founder of Bitmain, he is against any cuts.","Zhan went on to say that Bitmain can afford retaining its 1,300 employees. He said, assuming 500 people are laid off, each with an annual cost of 1 million yuan (~$143,000), it means an annual expenditure of 500 million yuan (~$71 million). \u201CCompared to Bitmain\u2019s profit, this cost is not large. Taking a step back, even if the profit is difficult, the company\u2019s current capital and asset reserves, the annual expenditure of 70 million yuan will be fully affordable,\u201D said Zhan.","Zhan was <a href=\"https:\/\/www.theblockcrypto.com\/linked\/44989\/bitmain-co-founder-and-executive-director-micree-zhan-is-out-abruptly\" data-v-f87c67ca=\"\">ousted<\/a> in October by Bitmain's other co-founder Jihan Wu. To regain his position, Zhan recently <a href=\"https:\/\/www.bloomberg.com\/news\/articles\/2020-01-03\/ousted-bitmain-co-founder-wages-battle-for-control-in-court\" data-v-f87c67ca=\"\">filed a lawsuit<\/a> against Bitmain, asking a court in the Cayman Islands to invalidate the shareholder decision that resulted in his ouster."],"hashtag":["LAYOFFS"]}