{"summary":"Coinbase announced today that trading of stablecoin USDC is now available in 85 countries and its crypto-to-crypto trading is live in 103 countries\nThe firm is tapping into some global markets with demonstrated interest in crypto and leveraging stablecoins as a gateway to onboard more customers\nThe global expansion will also render Coinbase a stronger rival against popular exchanges like Binance ","author":["Celia Wan","The Block"],"webName":"theblock.co","link":"https:\/\/www.theblock.co\/post\/23295\/coinbase-expands-usdc-trading-to-85-countries-in-a-bet-to-onboard-more-customers","publishDate":"2019-05-14T10:01:06","id":2782,"type":null,"title":"Coinbase expands USDC trading to 85 countries in a bid to onboard more customers","category":["Exchanges"],"content":["Coinbase has deepened its reach around the globe and is leveraging stablecoins as a gateway to onboard global investors into crypto trading.&nbsp;","The San Francisco-based crypto exchange announced on Tuesday that it has added stablecoin USD Coins (USDC) trading to 85 countries and launched crypto-to-crypto trading in 50 new ones. USDC was born out of a joint venture between Coinbase and fellow exchange Circle, called the CENTRE Consortium. The company now has a presence in a total of 103 countries, where customers can access both Coinbase and Coinbase Pro, its professional trading platform.&nbsp;","Coinbase's ambition for global presence is nothing new. Less than a month ago, the exchange made its crypto-to-crypto trading available in 11 more countries. Now the company is putting a new spin to its global offering by allowing USDC trading. With its price being less volatile, Stablecoin like USDC usually acts as a gateway for new investors to tap into the crypto market. Coinbase thus hopes that its USDC-crypto trading pairs can attract more people around the globe to trade the new asset class.&nbsp;","\"We\u2019re welcoming more people around the world to trade between different cryptocurrencies on a trusted platform,\" Coinbase stated in the blog post. \"This helps accelerate the global adoption of crypto trading, and with USDC, enables access to a stable store of value.\"&nbsp;","Some of the newly enlisted countries already showed strong interest in crypto trading prior to Coinbase's entrance. For example, Turkey's fiat currency lira <a href=\"https:\/\/www.coindesk.com\/turkey-the-country-where-crypto-exchanges-are-beating-the-bear-market\" data-v-f87c67ca=\"\">is ranked as<\/a> the fifth most-popular fiat-to-crypto pair in the world, per CoinDesk. Meanwhile, <a href=\"https:\/\/www.bbc.com\/news\/business-47307575\" data-v-f87c67ca=\"\">BBC reported that<\/a> Kenya's total Bitcoin transactions are worth over $1.5 million.&nbsp;","The exchange also claimed that USDC can be beneficial to customers in countries like Argentina and Uzbekistan, where inflation rates are high. To make more stablecoins available for daily usage in these countries, Coinbase committed to increasing its USDC circulation, which is at over 300 million USDC now.","With a presence across six continents, Coinbase will very likely run head-to-head with Binance, one of the largest crypto exchanges in the world that is trading <a href=\"https:\/\/www.binance.com\/en\/blog\/292174235499782144\/Binance-Expands-to-European-Markets-Launches-Binance-Jersey\" data-v-f87c67ca=\"\">in over 190 countries.<\/a> Meanwhile, USDC also faces competition from other stablecoins such as PAX and Tether. The 300 million USDC in circulation is just a fraction of Tether's 2.8 billion, although the latter's clash with New York Attorney General may drive investors to alternatives. Paxos, the issuer of PAX, <a href=\"https:\/\/www.theblockcrypto.com\/2019\/05\/13\/stablecoin-pax-can-now-be-redeemed-instantly-on-an-integrated-platform-with-exchange-itbit\/\" data-v-f87c67ca=\"\">is also stepping up in the game<\/a> by offering immediate conversion between the stablecoins and USD on its revamped platform.&nbsp;","Whether Coinbase could onboard more global customers or cede the regional dominance of its stablecoin trading and exchange business remains to be seen, but the company is on track for a strong global presence.&nbsp;","\"Today\u2019s news is an important milestone for Coinbase and crypto adoption everywhere,\" the company stated in the blog post. \"A year ago, Coinbase was only available to customers in 32 countries... Today, we serve customers in&nbsp;<a class=\"markup--anchor markup--p-anchor\" href=\"https:\/\/medium.com\/r\/?url=https%3A%2F%2Fwww.coinbase.com%2Fglobal\" target=\"_blank\" rel=\"nofollow noopener noreferrer\" data-href=\"https:\/\/medium.com\/r\/?url=https%3A%2F%2Fwww.coinbase.com%2Fglobal\" data-v-f87c67ca=\"\">103 countries<\/a> across every major continent.\""],"hashtag":[]}