{"summary":"A summary of the week\u2019s top crypto news in Asia by Global Coin Research","author":["Contributor Network","The Block"],"webName":"theblock.co","link":"https:\/\/www.theblock.co\/post\/31099\/global-coin-research-china-cbdc-binance-expansion-into-singapore-libra-faces-thorny-thai-regulatory-pressure-and-more","publishDate":"2019-07-12T11:59:17","id":2805,"type":null,"title":"Global Coin Research: China CBDC, Binance expansion into Singapore, Libra faces thorny Thai regulatory pressure, and more","category":["Op-Ed"],"content":["<em class=\"markup--em markup--p-em\" data-v-f87c67ca=\"\">This twice-weekly newsletter is republished with permission from Global Coin Research, a global research firm with a focus on Asia blockchain and related technologies. You can find more resources on Asia Cryptocurrency and Blockchain at GlobalCoinResearch.com and on Twitter at <a href=\"https:\/\/twitter.com\/globalcoinrsrch?lang=en\" data-v-f87c67ca=\"\">@globalcoinrsrch<\/a><\/em>","<strong class=\"fg gd\" data-v-f87c67ca=\"\">Ex- China central bank chief:<\/strong> Beijing may delegate the issuance of digital currency to commercial entities; may be rethinking its digital currency strategy. <a href=\"http:\/\/bit.ly\/2Y70J8V\" data-v-f87c67ca=\"\">Source<\/a>","<strong class=\"fg gd\" data-v-f87c67ca=\"\">Binance announced the expansion<\/strong> of its fiat-enabled trading platform in Singapore.&nbsp;<em data-v-f87c67ca=\"\"><a href=\"http:\/\/bit.ly\/2Y4dVem\" data-v-f87c67ca=\"\">Source<\/a><\/em>","<strong class=\"fg gd\" data-v-f87c67ca=\"\">The American Foundation for Defense of Democracies<\/strong> has assembled an assessment of current and future risks of cryptocurrency use by countries adversarial to the United States - Venezuela, Russia, Iran, China. <em data-v-f87c67ca=\"\"><a href=\"http:\/\/bit.ly\/2G9IO6W\" data-v-f87c67ca=\"\">Source<\/a><\/em>","<strong class=\"fg gd\" data-v-f87c67ca=\"\">GCR talks to the CFO of Binance Wei Zhou&nbsp;<\/strong>on the Binance podcast to give a firsthand account of the Asian Blockchain Summit that took place in Taipei last week. Here are the highlights from our Interview with Binance CFO on promising regions for expansion; stablecoin; opportunities in Europe.&nbsp;<em data-v-f87c67ca=\"\"><a href=\"http:\/\/bit.ly\/2LLYjWm\" data-v-f87c67ca=\"\">Source<\/a><\/em>","<strong class=\"fg gd\" data-v-f87c67ca=\"\">Quick tweet takeaways from live workshop with Harmony Protocol&nbsp;<\/strong>on lessons from its Binance IEO listing.&nbsp;<em data-v-f87c67ca=\"\"><a href=\"http:\/\/bit.ly\/2LOti49\" data-v-f87c67ca=\"\">Source<\/a><\/em>","<strong class=\"fg gd\" data-v-f87c67ca=\"\">The Rising Trend of Exchanges Participating as EOS BPs<\/strong>; EOS Becoming Even More Centralized.&nbsp;<em data-v-f87c67ca=\"\"><a href=\"http:\/\/bit.ly\/2LW9mfE\" data-v-f87c67ca=\"\">Source<\/a><\/em>","<strong class=\"fg gd\" data-v-f87c67ca=\"\">GCR Contributor Network: An Indepth Look into Crypto Mining&nbsp;<\/strong>with Overview &amp; Landscape of the Mining Industry by Chris McCann.&nbsp;<em data-v-f87c67ca=\"\"><a href=\"http:\/\/bit.ly\/2LRyS5O\" data-v-f87c67ca=\"\">Source<\/a><\/em>","<strong class=\"fg gd\" data-v-f87c67ca=\"\">Singapore\u2019s Stock Exchange&nbsp;<\/strong>Backs New Ethereum Security Token Platform with technical support from ConsenSys.&nbsp;<a href=\"http:\/\/bit.ly\/2LUKHbH\" data-v-f87c67ca=\"\"><em data-v-f87c67ca=\"\">Source<\/em><\/a>","<strong class=\"fg gd\" data-v-f87c67ca=\"\">China hosted a conference called StakingCon<\/strong>&nbsp;with some of the active local players who highlighted the increasing trend shift from POW to POS.&nbsp;<a href=\"http:\/\/bit.ly\/2LOy6GN\" data-v-f87c67ca=\"\"><em data-v-f87c67ca=\"\">Source<\/em><\/a>","<strong class=\"fg gd\" data-v-f87c67ca=\"\">PundiX Wallet<\/strong> app has integrated Telegram chat and enable people to send crypto gift to their Telegram contacts; it has also ported XPOS to Verifone\u2019s latest Android-based point-of-sale terminal.&nbsp;<em data-v-f87c67ca=\"\"><a href=\"http:\/\/bit.ly\/2LRS2IH\" data-v-f87c67ca=\"\">Source<\/a><\/em>","&nbsp;","<strong class=\"fg gd\" data-v-f87c67ca=\"\">GCR\u2019s interview transcript with Arthur Hayes on his debate with Nouriel Roubini, Bitmex&nbsp;<\/strong>at the Asian Blockchain Summit is now available.&nbsp;<em data-v-f87c67ca=\"\"><a href=\"http:\/\/bit.ly\/2LQeySC\" data-v-f87c67ca=\"\">Source<\/a><\/em>","<strong class=\"fg gd\" data-v-f87c67ca=\"\">Polish Crypto Exchange BitMarket<\/strong> Shuts Down Citing Liquidity Loss.&nbsp;<em data-v-f87c67ca=\"\"><a href=\"http:\/\/bit.ly\/2GcFXdM\" data-v-f87c67ca=\"\">Source<\/a><\/em>","<strong class=\"fg gd\" data-v-f87c67ca=\"\">BitMEX operator grants $60,000<\/strong>&nbsp;to bitcoin core developer.&nbsp;<em data-v-f87c67ca=\"\"><a href=\"http:\/\/bit.ly\/2LOMNJP\" data-v-f87c67ca=\"\">Source<\/a><\/em>","<strong class=\"fg gd\" data-v-f87c67ca=\"\">Japan\u2019s Bitpoint suspended all services after&nbsp;<\/strong>losing about $32 million in a hack that involved Ripple and other cryptocurrencies. <em data-v-f87c67ca=\"\"><a href=\"https:\/\/bloom.bg\/2LOWcB9\" data-v-f87c67ca=\"\">Source<\/a><\/em>","<strong class=\"fg gd\" data-v-f87c67ca=\"\">Binance burns $24 million worth of BNB tokens<\/strong> allocated to team; officially launches margin trading this week.&nbsp;<a href=\"http:\/\/bit.ly\/2LSWsiD\" data-v-f87c67ca=\"\"><em data-v-f87c67ca=\"\">Source<\/em><\/a>","&nbsp;","<strong class=\"fg gd\" data-v-f87c67ca=\"\">Hong Kong-based blockchain financial services firm Diginex&nbsp;<\/strong><strong data-v-f87c67ca=\"\">Ltd.<\/strong> is scheduled to go public through a reverse merger with investment holding company 8i Enterprises Acquisition Corp. Subsequently, the firm will be listed on the Nasdaq.&nbsp;<a href=\"https:\/\/bloom.bg\/2LLJ1kF\" data-v-f87c67ca=\"\"><em data-v-f87c67ca=\"\">Source<\/em><\/a>","<strong class=\"fg gd\" data-v-f87c67ca=\"\">Fortress Investment Group is buying bitcoin<\/strong> claims from Mt. Gox creditors at $900 apiece. <em data-v-f87c67ca=\"\"><a href=\"http:\/\/bit.ly\/2XFuU2E\" data-v-f87c67ca=\"\">Source<\/a><\/em>","<strong class=\"fg gd\" data-v-f87c67ca=\"\">UAE is one of the few nations<\/strong>&nbsp;in the world where the local government has placed special emphasis on promoting the use of crypto. In Q1 2019, UAE-based blockchain startups were able to raise a total of $210 million.&nbsp;<a href=\"http:\/\/bit.ly\/2LRN12P\" data-v-f87c67ca=\"\"><em data-v-f87c67ca=\"\">Source<\/em><\/a>","<strong class=\"fg gd\" data-v-f87c67ca=\"\">Jihan Wu\u2019s new company Matrixport\u2019s 3 KYC tiers<\/strong>- KYC1 is an identity authentication system, which can requires nationality and basic information; KYC2 is a non-Chinese user authentication system; and KYC3 is a Chinese user\u2019s video authentication system. The higher the KYC, the more you can withdraw with 200k USDT.&nbsp;<em data-v-f87c67ca=\"\"><a href=\"http:\/\/bit.ly\/2XJZY1d\" data-v-f87c67ca=\"\">Source<\/a><\/em>","<strong class=\"fg gd\" data-v-f87c67ca=\"\">Given the cheap electricity in Iran,&nbsp;<\/strong>Iran crypto miners are scrambling to get a share of Chinese crypto mining machines.<a class=\"bc cg ge gf gg gh\" href=\"http:\/\/bit.ly\/2XGqMiR\" data-v-f87c67ca=\"\">http:\/\/bit.ly\/2XGqMiR<\/a>Additionally, Chinese cryptocurrency miners have made requests to Iran government through official channels for their cryptocurrency mining operations in the country.&nbsp;<em data-v-f87c67ca=\"\"><a href=\"http:\/\/bit.ly\/2XDhBj6\" data-v-f87c67ca=\"\">Source<\/a><\/em>","&nbsp;","<strong class=\"fg gd\" data-v-f87c67ca=\"\">The Stock Exchange of Thailand<\/strong> has floated the idea of launching a digital \u201Cstablecoin\u201D to be used domestically at first before expanding into Cambodia, Laos, Myanmar and Vietnam if the asset takes hold. This is an attempt supposedly to tame Libra.&nbsp;<a href=\"http:\/\/bit.ly\/2YMODhX\" data-v-f87c67ca=\"\"><em data-v-f87c67ca=\"\">Source<\/em><\/a>","<strong class=\"fg gd\" data-v-f87c67ca=\"\">And in response to Libra potentially entering Thailand<\/strong>, legal experts in Thailand claims that Libra may have thorny Thai debut with three possible scenarios-&gt; an outright ban from financial authorities; no regulation in order to facilitate greater financial inclusion or an indirect attempt to support greater acceptance; and regulation through an intermediary.&nbsp;<em data-v-f87c67ca=\"\"><a href=\"http:\/\/bit.ly\/2YQa81q\" data-v-f87c67ca=\"\">Source<\/a><\/em>","<strong class=\"fg gd\" data-v-f87c67ca=\"\">The government of Turkey&nbsp;<\/strong>has included a central bank-issued digital currency in its 2019\u20132023 economic roadmap.&nbsp;<em data-v-f87c67ca=\"\"><a href=\"http:\/\/bit.ly\/2XXJLK0\" data-v-f87c67ca=\"\">Source<\/a><\/em>","<strong class=\"fg gd\" data-v-f87c67ca=\"\">Vanuatu, a Pacific Island country,&nbsp;<\/strong>has extradited six Chinese citizens to the mainland in relation to the Plus Token Pyramid Scheme. <a href=\"http:\/\/bit.ly\/2GbkPV7\" data-v-f87c67ca=\"\"><em data-v-f87c67ca=\"\">Source<\/em><\/a>","<strong class=\"fg gd\" data-v-f87c67ca=\"\">EU Central Bank Won\u2019t Add Bitcoin to Reserves&nbsp;<\/strong>\u2014 refusing to recognize it as currency in a Q&amp;A session.&nbsp;<em data-v-f87c67ca=\"\"><a href=\"http:\/\/bit.ly\/2G7FEke\" data-v-f87c67ca=\"\">Source<\/a><\/em>"],"hashtag":["BNB"]}