{"summary":"HM Treasury, the U.K.\u2019s finance ministry, has opened a consultation on regulating crypto-assets and stablecoins.\nThe Treasury wants to regulate the crypto space like traditional payment services.\nThe consultation is open until March 21.","author":["Yogita Khatri","The Block"],"webName":"theblock.co","link":"https:\/\/www.theblock.co\/post\/90540\/uk-finance-ministry-hm-treasury-opens-consultation-regulating-crypto-stablecoins","publishDate":"2021-01-08T05:35:06","id":2844,"type":null,"title":"UK&#x27;s finance ministry opens consultation on regulating crypto and stablecoins","category":["Regulation"],"content":["Her Majesty's (HM) Treasury, the U.K.'s finance ministry, has opened a consultation on regulating crypto-assets and stablecoins to support innovation and protect consumers.","The Treasury <a href=\"https:\/\/assets.publishing.service.gov.uk\/government\/uploads\/system\/uploads\/attachment_data\/file\/950206\/HM_Treasury_Cryptoasset_and_Stablecoin_consultation.pdf\" data-v-f87c67ca=\"\">said<\/a> the rise of crypto and stablecoins could pose similar financial stability and consumer risks as traditional regulated payment systems, and hence regulating the space is necessary.","\"We will take an agile, risk-led approach to regulation, rooted in the principle of 'same risk, same regulatory outcome,'\" said John Glen, an MP and Economic Secretary to the Treasury. In other words, the government wants to ensure a level playing field and reduce opportunities for regulatory arbitrage.","It also wants to ensure that the regulatory approach focuses on risks and opportunities that are \"most urgent or acute,\" and reflects international discussions given the cross-border nature of crypto and stablecoins.&nbsp;","\"The government is therefore considering an approach in which the use of currently unregulated tokens and associated activities primarily used for speculative investment purposes, such as Bitcoin, could initially remain outside the perimeter for conduct and prudential purposes,\" said the Treasury. \"At the same time, these would be subject to more stringent regulation in relation to consumer communications via the financial promotions regime (if adopted) and AML\/CTF regulation. Utility tokens - those used to access a service - would also remain outside the authorisation perimeter.\"","As for stablecoins, the government has proposed to first introduce a regulatory regime for \"stable tokens\" used as a means of payment. \"This would cover firms issuing stable tokens and firms providing services in relation to them, either directly or indirectly to consumers,\" said the Treasury.","Algorithmic stablecoins remain outside the scope of the proposals as they may not be suitable for retail or wholesale transactions. Security tokens should also be excluded for similar reasons, said the Treasury.","Through appropriate crypto regulations, the UK aims to maintain its \"world-leader in financial technology\" position, said Glen.","Overall, the proposals suggest that the government wants to implement \"a fairly onerous regime\" for stablecoins, <a href=\"https:\/\/www.linkedin.com\/pulse\/new-year-uk-crypto-rules-what-do-say-george-morris\/?trackingId=nw2AA3TQSoGRseh%2FG55DXQ%3D%3D\" data-v-f87c67ca=\"\">said<\/a> George Morris, a partner at London-based law firm Simmons &amp; Simmons.","If the proposals go through, U.K. crypto exchanges listing some stablecoins might have to register with the country's Financial Conduct Authority (FCA).","\"Clearly this is unsustainable \u2014 layering on additional regulation on top of others leads to confusion, conflict, and unnecessary complication,\" said Morris. \"I do hope that this is considered in significant depth before regulations are passed, if nothing else to remove the registration requirement for those businesses that are otherwise regulated by the FCA (or make it automatic for them).\"","Morris says if a crypto firm is based in the EU, then the proposed <a href=\"https:\/\/www.theblockcrypto.com\/linked\/77858\/european-commission-draft-proposal-on-crypto-assets-has-stablecoins-in-its-crosshairs\" data-v-f87c67ca=\"\">Markets in Crypto-assets (MiCA) regime<\/a> would likely be much more simple, with one authorization that could be passported. \"MiCA does regulate exchange and utility tokens, though, which takes it beyond what has been proposed by HMT today, at least for now,\" said Morris.","The consultation is open until March 21, and the Treasury has encouraged stakeholders, especially U.K.'s crypto startups, to share their views on the proposed regulatory approach.","<em data-v-f87c67ca=\"\">Update: This story has been updated to include comments from George Morris, a partner at London-based law firm Simmons &amp; Simmons.<\/em>"],"hashtag":[]}