{"summary":"A summary of the week\u2019s top crypto news in Asia by Global Coin Research","author":["Contributor Network","The Block"],"webName":"theblock.co","link":"https:\/\/www.theblock.co\/post\/29523\/global-coin-research-top-news-in-asia-from-tuesday-to-today-2","publishDate":"2019-06-28T17:35:54","id":2852,"type":null,"title":"Global Coin Research: Top news in Asia from Tuesday to today","category":["Op-Ed"],"content":["<em class=\"markup--em markup--p-em\" data-v-f87c67ca=\"\">This twice-weekly newsletter is republished with permission from Global Coin Research, a global research firm with a focus on Asia blockchain and related technologies. You can find more resources on Asia Cryptocurrency and Blockchain at GlobalCoinResearch.com and on Twitter at @globalcoinrsrch<\/em>","<strong class=\"markup--strong markup--p-strong\" data-v-f87c67ca=\"\">It\u2019s Now Harder to Mine Bitcoin Than Ever.&nbsp;<\/strong>The arrival of the rainy season in China\u2019s southwest has been delayed by nearly a month compared to previous years. <a href=\"http:\/\/bit.ly\/2RH1akD\" data-v-f87c67ca=\"\"><em data-v-f87c67ca=\"\">Source<\/em><\/a>","<strong class=\"markup--strong markup--p-strong\" data-v-f87c67ca=\"\">The Beijing Internet Finance Industry Association (BIFIA)<\/strong>, a self-organized association of China\u2019s internet finance players, just released a notice pointing out that projects such as Algorand and VDS, are vigorously promoting their virtual coins with roadshows and meetups, under the disguise of academic research. BIFIA reiterated the 2017 ICO ban content and other historical warnings, stating that ICO, IFO, IEO and IMO are with extreme risks and these illegal behaviors are strongly deceptive to the investors. <a href=\"http:\/\/bit.ly\/2RH2nbF\" data-v-f87c67ca=\"\"><em data-v-f87c67ca=\"\">Source<\/em><\/a>","<strong class=\"markup--strong markup--p-strong\" data-v-f87c67ca=\"\">Binance in Talks with Facebook Over Listing Libra,<\/strong>&nbsp;may also support the Libra blockchain by acting as a permissioned node that validates transactions.&nbsp; <a href=\"http:\/\/bit.ly\/2RMwlek\" data-v-f87c67ca=\"\"><em data-v-f87c67ca=\"\">Source<\/em><\/a>","<strong class=\"markup--strong markup--p-strong\" data-v-f87c67ca=\"\">South Korean internet company Kakao&nbsp;<\/strong>has rolled out a public network platform called Klatyn. It\u2019s a proof of stake based blockchain with enterprise participants including China\u2019s Wanxiang blockchain, Philippines\u2019 Union Bank, LG, Kakao, and Gaming companies such as Netmarble and PUBG. Here\u2019s a comparison of its governance council vs Libra\u2019s association.&nbsp; <a href=\"http:\/\/bit.ly\/2RECLfg\" data-v-f87c67ca=\"\"><em data-v-f87c67ca=\"\">Source<\/em><\/a>","<strong class=\"markup--strong markup--p-strong\" data-v-f87c67ca=\"\">Global Coin Research did a workshop on STOS with Securitize\u2019s head of Asia&nbsp;<\/strong>Jacqueline Kwok. Securitize has 19 upcoming STOs and more takeaways.&nbsp;<a href=\"http:\/\/bit.ly\/2RHODNS\" data-v-f87c67ca=\"\"><em data-v-f87c67ca=\"\">Source<\/em><\/a>","&nbsp;","<strong class=\"markup--strong markup--p-strong\" data-v-f87c67ca=\"\">Korean exchange Bithumb announces<\/strong> plans to start of EOS blockchain voting. The report says that Koreans own about 10% of EOS tokens and Bithumb owns the most out of all the Korean exchanges. <a href=\"http:\/\/bit.ly\/2YfHl6q\" data-v-f87c67ca=\"\"><em data-v-f87c67ca=\"\">Source<\/em><\/a>","<strong class=\"markup--strong markup--p-strong\" data-v-f87c67ca=\"\">Chris Paik and Jordan Cooper, formerly investors<\/strong>&nbsp;from Thrive Capital and Lerer Hippeau, respectively, have raised a $150 Million vehicle focused on Series A investments including crypto. <a href=\"http:\/\/bit.ly\/2RQ2nWV\" data-v-f87c67ca=\"\"><em data-v-f87c67ca=\"\">Source<\/em><\/a>","<strong class=\"markup--strong markup--p-strong\" data-v-f87c67ca=\"\">GCR highlights from an interview with Binance<\/strong>&nbsp;co-founder He Yi: Binance US coming soon; BTCB challenging USDT.&nbsp;<a href=\"http:\/\/bit.ly\/2RKqiXx\" data-v-f87c67ca=\"\"><em data-v-f87c67ca=\"\">Source<\/em><\/a>","<strong class=\"markup--strong markup--p-strong\" data-v-f87c67ca=\"\">Binance and stablecoin issuer Paxos<\/strong> have collaborated to simplify exchanging of fiat directly for the stablecoin Paxos Standard.&nbsp;<em data-v-f87c67ca=\"\"><a href=\"http:\/\/bit.ly\/2RKNjK6\" data-v-f87c67ca=\"\">Source<\/a><\/em>","<strong class=\"markup--strong markup--p-strong\" data-v-f87c67ca=\"\">Huobi exchange will expand its operations to Turkey<\/strong>, planning to have a crypto-to-fiat onramp for Turkish users by the end of 2019.&nbsp;<em data-v-f87c67ca=\"\"><a href=\"http:\/\/bit.ly\/2ISCQZY\" data-v-f87c67ca=\"\">Source<\/a><\/em>","<strong class=\"markup--strong markup--p-strong\" data-v-f87c67ca=\"\">Exchanges encountering problems around the world:&nbsp;<\/strong>","-Ireland-based cryptocurrency exchange Bitsane disappeared without a trace last week, likely taking hundreds of thousands of users\u2019 assets with it.&nbsp;<em data-v-f87c67ca=\"\"><a href=\"http:\/\/bit.ly\/2RHaGE2\" data-v-f87c67ca=\"\">Source<\/a><\/em>","- Singaporean crypto exchange Bitrue gets hacked, loses $4.3 million in XRP, ADA. <a href=\"http:\/\/bit.ly\/2RIUX7F\" data-v-f87c67ca=\"\"><em data-v-f87c67ca=\"\">Source<\/em><\/a>","-Another top Indian crypto exchange, Koinex, is shutting down amidst regulatory uncertainty.&nbsp;<a href=\"http:\/\/bit.ly\/2RGZPtT\" data-v-f87c67ca=\"\"><em data-v-f87c67ca=\"\">Source<\/em><\/a>","<strong class=\"markup--strong markup--p-strong\" data-v-f87c67ca=\"\">Xinhua News Agency, China\u2019s state-owned media,<\/strong>&nbsp;pointed out that Bitcoin is being treated as a safe asset by investors and is funding a fund. <em data-v-f87c67ca=\"\"><a href=\"http:\/\/bit.ly\/2IvXI9y\" data-v-f87c67ca=\"\">Source<\/a><\/em>","<strong class=\"markup--strong markup--p-strong\" data-v-f87c67ca=\"\">Alex Gladstein on the ongoing Hong Kong protest&nbsp;<\/strong>and Bitcoin As Cash Fades, Will Bitcoin Keep Protest Alive in the Surveillance Age?&nbsp; <a href=\"http:\/\/bit.ly\/2RKpuBZ\" data-v-f87c67ca=\"\"><em data-v-f87c67ca=\"\">Source<\/em><\/a>","<strong class=\"markup--strong markup--p-strong\" data-v-f87c67ca=\"\">China\u2019s G20 spokesmen:&nbsp;<\/strong>\u201CG20 is paying a lot attention on how to use new #technology in traditional finance industry, like #digitalcurrency and digital asset. China is doing pretty good in these areas.\u201D <a href=\"http:\/\/bit.ly\/2RIUTVt\" data-v-f87c67ca=\"\"><em data-v-f87c67ca=\"\">Source<\/em><\/a>","<strong class=\"markup--strong markup--p-strong\" data-v-f87c67ca=\"\">The Monetary Authority of Singapore&nbsp;<\/strong>has spoken to the firm about its new cryptocurrency project\u200A\u2014\u200Averdict is that there are still serious concerns but its early to tell. <a href=\"https:\/\/bloom.bg\/2RPZoOd\" data-v-f87c67ca=\"\"><em data-v-f87c67ca=\"\">Source<\/em><\/a>"],"hashtag":[]}