{"summary":"Coinbase is launching a Visa debit card in the U.S.\nThe card will also offer spending rewards in the form of BTC and XLM.\nThe daily spending limit for Coinbase Card in the U.S. will be $2,500, a Coinbase spokesperson told The Block.\nThe firm has now opened a waitlist for customers. ","author":["Yogita Khatri","The Block"],"webName":"theblock.co","link":"https:\/\/www.theblock.co\/post\/82683\/coinbase-visa-crypto-debit-card-us-launch-bitcoin-2021","publishDate":"2020-10-28T12:00:09","id":2864,"type":null,"title":"Coinbase&#x27;s crypto debit card is launching in the U.S. and lets users earn back bitcoin","category":["Cryptocurrency"],"content":["Crypto exchange Coinbase is launching a Visa debit card in the U.S. next year.&nbsp;","Sharing the news with The Block on Wednesday, Coinbase said it opened up a waitlist for U.S. customers who wish to get the card and will start distributing them \"in the first half of next year.\" Debit cards for Coinbase customers are currently&nbsp;available in the U.K. and EU.","Coinbase Card is a Visa debit card that allows users to spend their cryptocurrency funds directly from their Coinbase accounts. The card is accepted at any retailer that accepts Visa debit cards.","Notably, the card will come with spending rewards \u2014 specifically, U.S. residents can opt to earn 1% back in bitcoin (BTC) or 4% back in Stellar lumens (XLM).&nbsp;","Coinbase said the card's U.S. launch is a \"significant milestone,\" as it would help expand crypto's mainstream adoption.","\"Customers can make everyday purchases like coffee and lunch or can shop online directly with the crypto in their Coinbase accounts,\" a Coinbase spokesperson told The Block. \"The utilities for cryptocurrencies are vast and have so much more potential beyond trading and investing.\"","The card will be available in all U.S. states except Hawaii. Coinbase said that \"the first customers will be approved this winter.\"","<span data-v-f87c67ca=\"\"><strong data-v-f87c67ca=\"\">Spending rewards<\/strong><\/span>","What makes U.S. Coinbase Card different from its U.K. and EU counterparts are the spending rewards it offers.","Coinbase, for the first time, will offer rewards in crypto for spending through Coinbase Card in the U.S. This feature isn't currently available to U.K. and EU residents.","They will also be able to spend stablecoins like USD Coin (USDC) or any other cryptocurrencies and stablecoins that Coinbase supports in the U.S.","Coinbase's U.K. and EU cards, on the other hand, <a href=\"https:\/\/help.coinbase.com\/en\/coinbase\/trading-and-funding\/other\/coinbase-card-faq.html#fees-and-limits\" data-v-f87c67ca=\"\">support<\/a> limited nine cryptocurrencies: BTC, ether (ETH), litecoin (LTC), bitcoin cash (BCH), XRP, Brave's basic attention token (BAT), Augur (REP), 0x (ZRX), and XLM.","Coinbase said it wouldn't charge any fees if U.S. customers spend via USDC. Non-USDC pays, on the other hand, would be charged a 2.49% transaction fee. There are also no sign-up or annual membership fees for Coinbase Card in the U.S.","The daily spending limit for Coinbase Card in the U.S. would be $2,500, the Coinbase spokesperson told The Block. In the U.K. and EU, the card has limits of £10,000 or \u20AC10,000, respectively.","Coinbase Card in the U.S. will be issued by MetaBank, which has a Visa U.S.A. Inc. license to issue debit cards, and the card would be powered by payments processor Marqeta.","Coinbase rival Binance, meanwhile, recently <a href=\"https:\/\/www.theblockcrypto.com\/linked\/71518\/binances-crypto-payments-card-to-debut-in-europe-starting-next-month\" data-v-f87c67ca=\"\">launched<\/a> its own crypto debit card in the U.K. and Europe via its acquisition of crypto card startup Swipe."],"hashtag":["COINBASE"]}