{"summary":"BitMEX\u2019s market share and bitcoin balance have both taken a hit in recent months.\nTwo major events \u2014 the March 2020 sell-off and the October 2020 lawsuits by the U.S. government \u2014 appear to have impacted the exchange.\nBitMEX\u2019s Ben Radclyffe told The Block that the exchange is \u201Cextremely well-positioned to thrive in this emerging era which will be defined by greater mainstream adoption of crypto but also increased regulation.\u201D","author":["Yogita Khatri","The Block"],"webName":"theblock.co","link":"https:\/\/www.theblock.co\/post\/91964\/bitmex-bitcoin-balance-since-march","publishDate":"2021-01-21T14:04:20","id":2887,"type":null,"title":"BitMEX&#x27;s bitcoin balance has dropped more than 60% since March 2020","category":["Bitcoin"],"content":["Crypto derivatives exchange <a href=\"https:\/\/www.theblockcrypto.com\/linked\/3142\/bitmex-ceo-defends-his-firms-integrity\" data-v-f87c67ca=\"\">BitMEX<\/a>, once the dominant player in the futures market, has lost its number one position in recent months.","Two major events \u2014 the March 2020 market sell-off and <a href=\"https:\/\/www.theblockcrypto.com\/linked\/79483\/cftc-bitmex-charges-lawsuit\" target=\"_blank\" rel=\"noopener noreferrer\" data-v-f87c67ca=\"\">the twin lawsuits<\/a> filed against <a href=\"https:\/\/www.theblockcrypto.com\/linked\/36697\/bitmex-extends-access-restrictions-to-3-new-jurisdictions\" data-v-f87c67ca=\"\">BitMEX<\/a> by the U.S. government last October\u2014 appear to have impacted the exchange.","<a href=\"https:\/\/www.theblockcrypto.com\/linked\/35909\/bitmex-hit-by-uks-ad-regulator-for-misleading-bitcoin-graph-in-a-newspaper\" data-v-f87c67ca=\"\">BitMEX\u2019s<\/a> market share, in terms of open interest on bitcoin futures, declined 13% in 2020. Its bitcoin balance has undergone a significant reduction, declining by more than 62% since March of last year.&nbsp;","Those holdings were 117,510 BTC (~$3.8 billion) as of January 17, 2021, according to available data.","Both the March and October events have had a lasting negative impact on <a href=\"https:\/\/www.theblockcrypto.com\/linked\/34152\/bitmex-ventures-invests-in-bahrain-based-licensed-crypto-exchange-rain\" data-v-f87c67ca=\"\">BitMEX<\/a>, as <a href=\"https:\/\/www.theblockresearch.com\/2020-for-bitmex-in-numbers-91595\" data-v-f87c67ca=\"\">The Block Research\u2019s Lars Hoffmann wrote<\/a> in a piece earlier this week.","","","","","Besides the two events, <a href=\"https:\/\/www.theblockcrypto.com\/linked\/37527\/the-bitmex-insurance-fund-is-up-50-since-the-beginning-of-2019-holds-more-than-300-million\" data-v-f87c67ca=\"\">BitMEX\u2019s<\/a> mandatory KYC program announced last October also had an impact on the exchange's Web traffic. In light of that program \u2014 which ended in December \u2014 <a href=\"https:\/\/www.theblockcrypto.com\/linked\/62406\/bitmex-operator-is-donating-2-5m-to-coronavirus-relief-efforts\" data-v-f87c67ca=\"\">BitMEX<\/a> said earlier this month that 100% of its users and volume is verified. As a result, BitMEX\u2019s users now have to go through a KYC process to deposit, trade, or withdraw funds.","When reached, <a href=\"https:\/\/www.theblockcrypto.com\/linked\/50268\/bitmex-adds-native-segwit-support-for-bitcoin-withdrawals-helping-users-save-on-transaction-fees\" data-v-f87c67ca=\"\">BitMEX<\/a> declined to comment on its declining market share and bitcoin balance, but Ben Radclyffe, commercial director at parent company 100x Group told The Block that the exchange has seen \"an uptick in new user sign-ups during and following the implementation of user verification\" and that the exchange is on \"pace for the highest number of new sign-ups to the platform since mid-2019.\"","The crypto market rally has spurred user <a href=\"https:\/\/twitter.com\/paoloardoino\/status\/1331147651006558209\" target=\"_blank\" rel=\"noopener noreferrer\" data-v-f87c67ca=\"\">sign-up<\/a> <a href=\"https:\/\/www.theblockcrypto.com\/linked\/61635\/market-tumult-send-tradingviews-traffic-account-signups-to-new-highs\" target=\"_blank\" rel=\"noopener noreferrer\" data-v-f87c67ca=\"\">growth<\/a> across the ecosystem, according to market participants.","Radclyffe said <a href=\"https:\/\/www.theblockcrypto.com\/linked\/39346\/bitmex-hires-former-bnp-paribas-exec-as-general-counsel\" data-v-f87c67ca=\"\">BitMEX's<\/a> competitive edge is its \"performance, especially in light of the recent high-volume, high volatility period.\"","\"BitMEX is extremely well-positioned to thrive in this emerging era which will be defined by greater mainstream adoption of crypto but also increased regulation,\" said Radclyffe.\u201CWe believe the future of this industry will belong to those who not only provide top-tier liquidity and innovation but also a trading environment that is an even playing field composed of verified users.\""],"hashtag":["BITCOIN","BITMEX"]}