{"summary":"Crypto exchanges OKEx and Bitfinex were both hit by DDoS attacks, but they said no users were impacted\nA DDoS attack is a malicious attempt to disrupt normal traffic of a targeted website with a flood of Internet traffic","author":["Yogita Khatri","The Block"],"webName":"theblock.co","link":"https:\/\/www.theblock.co\/post\/57259\/okex-experienced-a-ddos-attack-last-night-says-no-client-is-impacted","publishDate":"2020-02-28T04:16:15","id":2921,"type":null,"title":"Crypto exchanges OKEx and Bitfinex hit by DDoS attacks, no users impacted","category":["Exchanges"],"content":["Crypto exchanges OKEx and Bitfinex both experienced Distributed Denial-of-Service (DDoS) attacks in the last 24 hours, but say no users are affected.","An OKEx spokesperson told The Block that the attack was a malicious attempt to disrupt normal traffic of the exchange's server with a flood of Internet traffic. OKEx CEO Jay Hao <a href=\"https:\/\/www.weibo.com\/5151188078\/IwcsUh2zP?from=page_1005055151188078_profile&amp;wvr=6&amp;mod=weibotime&amp;type=comment\" data-v-f87c67ca=\"\">described<\/a> the attack as \"large-scale,\" on his Weibo account, saying that competitor(s) was behind it.","OKEx's technical support team spotted the attack and reacted \"quickly\" to resolve the issue, said the spokesperson. \"With our 24\/7 technical support and monitoring, it was properly handled within a short period of time, and no client is impacted.\"<br data-v-f87c67ca=\"\">\n<br data-v-f87c67ca=\"\">\n\"We will continue getting well-prepared in protecting users,\" the spokesperson added.&nbsp;<br data-v-f87c67ca=\"\">\n<br data-v-f87c67ca=\"\">\nCrypto exchange <a href=\"https:\/\/twitter.com\/bitfinex\/status\/1233321316641640448?s=20\" data-v-f87c67ca=\"\">Bitfinex<\/a> also was targeted by a DDoS attack today. Bitfinex CTO Paolo Ardoino <a href=\"https:\/\/twitter.com\/paoloardoino\/status\/1233338032192925697?s=20\" data-v-f87c67ca=\"\">said<\/a> the attack was \"very sophisticated,\" <a href=\"https:\/\/twitter.com\/paoloardoino\/status\/1233339878794055682?s=20\" data-v-f87c67ca=\"\">meaning<\/a> there was a \"deep preparation\" by the attacker.<br data-v-f87c67ca=\"\">\n<br data-v-f87c67ca=\"\">\n","","Several exchanges in the past have been a target of DDoS attack, including <a href=\"https:\/\/www.coindesk.com\/rumours-panic-ddos-attack-huobis-wild-week\" data-v-f87c67ca=\"\">Huobi<\/a> and now-defunct platform <a href=\"https:\/\/www.coindesk.com\/european-bitcoin-exchange-btc-e-back-online-after-reported-ddos-attack\" data-v-f87c67ca=\"\">BTC-e<\/a>. US authorities seized BTC-e in 2017 on money laundering charges and also arrested the exchange's suspected operator Alexander Vinnik. Last month, French officials also <a href=\"https:\/\/www.bloomberg.com\/news\/articles\/2020-01-28\/russian-cyber-suspect-charged-in-france-after-greek-extradition?sref=5REZoVy2\" data-v-f87c67ca=\"\">charged<\/a> Vinnik with multiple counts, including extortion and money laundering.","<em data-v-f87c67ca=\"\">UPDATES (4:35 am and 5:50 am EST): This story has been updated with information from Bitfinex.<\/em>"],"hashtag":[]}