{"summary":"Crypto compliance startup Chainalysis has added four new cryptocurrencies to its blockchain monitoring service, including Gemini dollar, Tether, USD Coin, and Binance Coin. \nThe new offering coincides with whispers of increasing government regulation on cryptocurrencies","author":["Celia Wan","The Block"],"webName":"theblock.co","link":"https:\/\/www.theblock.co\/post\/20706\/chainalysis-extends-its-compliance-service-to-ten-new-cryptocurrencies-citing-high-demand-and-regulatory-pressure","publishDate":"2019-04-24T09:00:09","id":2937,"type":null,"title":"Chainalysis extends its compliance service to four new cryptocurrencies citing high demand and regulatory pressure","category":["Research"],"content":[],"hashtag":[]}