{"summary":"Recruit Holdings, the $50 billion Japanese internet giant behind Glassdoor and Indeed, has made a strategic investment in Blockstack PBC\nThe deal enables Blockstack PBC to leverage the business relationships and expertise of Recruit as it prepares to enter the Asian markets","author":["Steven Zheng","The Block"],"webName":"theblock.co","link":"https:\/\/www.theblock.co\/post\/37344\/japanese-internet-giant-recruit-holdings-makes-strategic-investment-in-blockstack","publishDate":"2019-08-22T13:49:39","id":2956,"type":null,"title":"Japanese internet giant Recruit Holdings makes strategic investment in Blockstack","category":["Layer 1s"],"content":["<span data-v-f87c67ca=\"\">Blockstack PBC, the firm behind the Blockstack computing network and app ecosystem, has received a strategic investment from Recruit Holdings, the $50 billion Japanese tech giant. Recruit Holdings is purchasing Blockstack's STACK tokens as part of the deal. The investment opens Blockstack PBC up to expanding into the Japanese markets and comes shortly after Blockstack PBC<\/span> <a href=\"https:\/\/blog.blockstack.org\/strategic-asian-investors-blockstack\/\" data-v-f87c67ca=\"\">announced<\/a> <span data-v-f87c67ca=\"\">its first round of strategic investments from Asian investors including Hashkey Group and SNZ.&nbsp;<\/span>","<span data-v-f87c67ca=\"\">\"We plan to reach Japanese developers through Recruit's help, and introduce our developer libraries and technology to them. We already have a Japanese version of our whitepaper that accompanied the announcement in Japan,\" Blockstack PBC CEO and Co-founder Muneeb Ali tells The Block.<\/span>","<span data-v-f87c67ca=\"\">According to Ali, U.S. startups typically partner with Japanese firms when entering the market. This enables the startups to leverage the business relationships and expertise of the local firms. As to why Blockstack PBC choose Asia as its next market, Ali tells us that \"Asia is arguably the largest market for crypto,\" adding that \"Japan is a very interesting market for crypto because it has clarity around regulations. It is legal to own and trade crypto assets, but only those whitelisted by the regulators.\"<br data-v-f87c67ca=\"\">\n<\/span>","<span data-v-f87c67ca=\"\">In July, Blockstack PBC conducted the<\/span> <a href=\"https:\/\/www.theblockcrypto.com\/2019\/07\/10\/blockstack-wins-first-ever-sec-approval-for-a-token-offering-under-reg-a-listing\/\" data-v-f87c67ca=\"\">first token offering<\/a> <span data-v-f87c67ca=\"\">approved by the SEC, carrying out a $28M digital token offering under Regulation A+.<\/span>","<span data-v-f87c67ca=\"\">Recruit Holdings has been an active player in the U.S. and blockchain markets. Two of the firm's largest U.S. acquisitions include<\/span> <a href=\"https:\/\/www.inc.com\/john-mcdermott\/indeed.com-sold-for-1-billion.html\" data-v-f87c67ca=\"\">Indeed for $1 billion<\/a> <span data-v-f87c67ca=\"\">in 2012 and<\/span> <a href=\"https:\/\/www.geekwire.com\/2018\/glassdoor-acquired-1-2-billion-japan-based-hr-giant-recruit-holdings\/\" data-v-f87c67ca=\"\">Glassdoor for $1.2 billion<\/a> <span data-v-f87c67ca=\"\">in 2018. Earlier this year, Recruit Holdings also<\/span> <a href=\"https:\/\/techcrunch.com\/2019\/02\/22\/recruit-blockchain-fund\/\" data-v-f87c67ca=\"\">announced<\/a> <span data-v-f87c67ca=\"\">the launch of a $25 million blockchain fund to invest in blockchain and cryptocurrency projects.<\/span>"],"hashtag":[]}