{"summary":"Agatha Bacelar, the 27-year-old challenging House Speaker Nancy Pelosi for her long-held congressional seat, is a blockchain fan \nBacelar has launched a donation initiative with the goal of raising $1 million in crypto\nThe Stanford engineer told The Block that she owns bitcoin and ether herself, and wants to enact \u2018practical\u2019 crypto regulations in the U.S. ","author":["Yogita Khatri","The Block"],"webName":"theblock.co","link":"https:\/\/www.theblock.co\/post\/41786\/nancy-pelosis-27-year-old-challenger-owns-bitcoin-and-wants-practical-crypto-regulations","publishDate":"2019-10-02T12:48:34","id":3019,"type":null,"title":"Nancy Pelosi&#x27;s 27-year-old primary challenger owns bitcoin and wants &#x27;practical&#x27; crypto regulations","category":["Cryptocurrency"],"content":["A 27-year-old Congressional candidate mounting a primary challenge for U.S. House Speaker Nancy Pelosi\u2019s seat is a blockchain fan, and wants to see the meaningful enactment of 'practical' regulation around digital assets.","Earlier this week, Agatha Bacelar <a href=\"https:\/\/www.agathaforcongress.com\/crypto\" data-v-f87c67ca=\"\">launched<\/a> a cryptocurrency initiative, accepting campaign donations in five coins - bitcoin (BTC), bitcoin cash (BCH), ether (ETH), litecoin (LTC) and stablecoin USDC, via Coinbase exchange. The Stanford engineer is trying to raise $1 million in cryptocurrencies via the initiative.","\u201CI have been involved in the blockchain space for years now as one of the founding members of Democracy Earth, I think it's extremely important for representatives to embrace new technologies,\u201D Bacelar told The Block.","Democracy Earth is a blockchain-based open-source governance platform, and its token, Democracy Earth (VOTE), allows network participants to validate or reject candidate identities by staking on \u201Cliquid democracies\u201D that prevent bots. Interestingly, Bacelar\u2019s father, Herb Stephens, is the co-founder of Democracy Earth.","<strong data-v-f87c67ca=\"\">Self-sovereignty and voting<\/strong>","Bacelar told The Block that blockchain can solve a number of issues, including self-sovereignty and voting. \u201CIt's possible to build many elements traditionally associated with a 'state' \/governance on a blockchain: DAOs [decentralized autonomous organizations] can hold money, decentralized court systems without having to get judge or court involved. Our goal should be to allow people to effectively self govern, blockchain enables that,\u201D she said.","On voting, she said: \u201COne of the big problems with digital voting has been privacy and security and verification of votes. While it's not the only solution, blockchains could solve some of these problems.\u201D","Andrew Yang, a candidate seeking the Democratic nomination for the 2020 U.S. presidential election, also wants to modernize voting via blockchain technology. He recently said that it is \u201Cridiculous\u201D that in 2020, Americans are still standing in line \u201Cfor hours\u201D to cast a vote in booths, and that blockchain can solve this issue.","Like Yang, Bacelar also wants to push for clearer and better-defined cryptocurrency regulations. She said the \u201Cmost pressing issue\u201D is to get the government to commit to not banning cryptocurrencies. She further said that \u201Cambiguous laws\u201D need to be addressed that give the U.S. Securities and Exchange Commission (SEC) \u201Ctoo much power\u201D over determining what is a security.","\u201COur current approach to regulating crypto is driving innovation and investment outside of the U.S. to places like Switzerland, Estonia, or Malta. That needs to change,\u201D she said.<br data-v-f87c67ca=\"\">\n<br data-v-f87c67ca=\"\">\n<strong data-v-f87c67ca=\"\">Crypto investments?<\/strong>","Bacelar also personally holds crypto investments. She told The Block that her favorite cryptocurrencies are BTC and ETH as the former is the \u201Cclassic, staple\u201D cryptocurrency, while the latter \u201Cdemocratized the startup fund-raising process and powers smart contracts - which essentially provides inexpensive and accessible \u2018lawyers for the masses.\u2019\u201D","So she owns BTC and ETH, and \u201Cof course\u201D the Democracy Earth (VOTE) token, she said.","Bacelar's crypto donation initiative has so far raised $5,000 but she thinks the numbers will go up. \"The portal has only been live for two days, so we are just getting started. The overall market capitalization falling ~25% in just the past few days hasn't helped, but I think we will see the donation numbers go up,\" she concluded.&nbsp;","Bacelar's primary challenge of the influential House Speaker is no doubt a long-shot, but <a href=\"https:\/\/www.vice.com\/en_us\/article\/3k3j3j\/this-27-year-old-wants-to-lead-a-progressive-rebellion-to-take-down-nancy-pelosi\" data-v-f87c67ca=\"\">insiders told VICE<\/a> a strong showing against Pelosi could put Bacelar in a favorable position in 2022, when Pelosi has said she plans to relinquish her seat.","\u201CI, frankly, don't think she can win because Nancy Pelosi is so formidable, lots of money and name recognition,\u201D says Mark Van Landuyt, vice chairman of the California Democratic Party\u2019s Progressive Caucus. \u201CBut this is her last term. So if [Bacelar] does extraordinarily well, then she will be the front-runner for 2022.\u201D"],"hashtag":[]}