{"summary":"Crypto derivatives exchange BitMEX is set to block all Ontario-based users from its platform starting next month.\nA BitMEX spokesperson told The Block that the restrictions have been \u201Cmandated\u201D by the Ontario Securities Commission (OSC), which \u201Crecently clarified the application of its regulatory regime to cryptocurrencies.\u201D","author":["Yogita Khatri","The Block"],"webName":"theblock.co","link":"https:\/\/www.theblock.co\/post\/75826\/bitmex-block-ontario-users-securities-laws","publishDate":"2020-08-24T06:05:33","id":3042,"type":null,"title":"BitMEX to block Ontario users from next month to avoid securities laws issues","category":["Exchanges"],"content":["Cryptocurrency derivatives exchange BitMEX is set to block all Ontario-based users from its platform starting next month.","A BitMEX spokesperson told The Block that the <a href=\"https:\/\/blog.bitmex.com\/notice-to-ontario-canada-residents\/\" data-v-f87c67ca=\"\">restrictions<\/a> have been \"mandated\" by the Ontario Securities Commission (OSC), which \"recently clarified the application of its regulatory regime to cryptocurrencies.\"","In January, the OSC <a href=\"https:\/\/www.osc.gov.on.ca\/documents\/en\/Securities-Category2\/csa_20200116_21-327_trading-crypto-assets.pdf\" data-v-f87c67ca=\"\">published additional guidance<\/a>, clarifying whether securities laws apply to crypto exchanges. At the time, the regulator said securities legislation might apply to crypto exchanges that facilitate the trading of crypto assets that are commodities, because users' contractual right to crypto-assets may itself constitute a derivative, a security or both.<br data-v-f87c67ca=\"\">\n<br data-v-f87c67ca=\"\">\n\"Platforms would not generally be subject to securities legislation if each of the following apply: \u2022 the underlying crypto asset itself is not a security or derivative; and \u2022 the contract or instrument for the purchase, sale or delivery of a crypto asset,\" the OSC said at the time.&nbsp;","BitMEX said it supports regulatory efforts, but it is blocking Ontario users from accessing its platform from September 1.&nbsp; Existing customers won't be able to place orders with BitMEX that would open a new position or increase a current open position. Existing open positions must be closed by January 4, 2021, said BitMEX, or else the exchange will force-close them.","The BitMEX spokesperson confirmed to The Block that the restrictions apply only to Ontario, and not the rest of Canada.","BitMEX appears to be making efforts to win over regulators. Earlier this month, the exchange <a href=\"https:\/\/www.theblockcrypto.com\/post\/74871\/bitmex-kyc-bitcoin-derivatives\" data-v-f87c67ca=\"\">said<\/a> it would launch a new user verification program on August 28. At the time, BitMEX's commercial director Ben Radclyffe told The Block that adding the new program would help in the long-term by making things \"more transparent, accurate when discussing things with regulators and supporting those regulators.\"","In April, BitMEX <a href=\"https:\/\/www.theblockcrypto.com\/linked\/63262\/bitmex-restrict-japan-users-laws\" data-v-f87c67ca=\"\">blocked<\/a> Japan-based users from accessing its platform, and last August, the exchange <a href=\"https:\/\/blog.bitmex.com\/ensuring-the-continued-compliance-of-the-bitmex-platform-19-august-2019\/\" data-v-f87c67ca=\"\">blocked<\/a> traders in Hong Kong, Bermuda and Seychelles.&nbsp; U.S.-based users, on the other hand, are barred from accessing BitMEX since 2015.&nbsp; The exchange's other <a href=\"https:\/\/www.bitmex.com\/app\/terms\" data-v-f87c67ca=\"\">restricted jurisdictions<\/a> include the Québec province in Canada, China, North Korea and Iran, among others."],"hashtag":["BITMEX"]}