{"summary":"Crypto exchange Binance has enabled U.K.\u2019s Faster Payments Scheme for GBP transfers\nThe exchange has also added support for the Australian dollar for direct fiat-to-crypto buying \nThe new features are being provided via fiat on-ramp solutions provider Banxa","author":["Yogita Khatri","The Block"],"webName":"theblock.co","link":"https:\/\/www.theblock.co\/post\/52358\/binance-enables-uks-faster-payments-scheme-for-gbp-transfers-adds-support-for-aud","publishDate":"2020-01-08T03:15:15","id":3107,"type":null,"title":"Binance enables UK&#x27;s Faster Payments Scheme for GBP transfers; adds support for AUD","category":["Exchanges"],"content":["Cryptocurrency exchange Binance has added two new features on its platform.","First, the exchange has enabled the U.K.\u2019s Faster Payments Scheme (FPS) for British pound (GBP) transfers. Second, it has added support for the Australian dollar (AUD) for its direct fiat-to-crypto buying facility.","The new features are being provided via Australian fiat-onramp solutions provider Banxa, according to an <a href=\"https:\/\/www.binance.com\/en\/blog\/421499824684900353\/Binance-Adds-GBP-Faster-Payments-Service-and-Australian-Dollar-OnRamp-With-Global-Fiat-Solution-Banxa\" data-v-f87c67ca=\"\">announcement<\/a> Wednesday.&nbsp;","The FPS facility will allow Binance users to make \"near-instantaneous low-fee\" GBP bank transfers. FPS is a U.K. <a href=\"https:\/\/www.theblockcrypto.com\/post\/51072\/as-brexit-looms-blockchain-coms-crypto-exchange-adds-support-for-gbp-with-uk-faster-payments-scheme\" data-v-f87c67ca=\"\">banking initiative<\/a> that reduces payment times between different banks' customer accounts from 3 working days to a few seconds. Currently, only a small set of cryptocurrency exchanges have enabled the scheme, such as Coinbase, Blockchain.com\u2019s The Pit, CEX.IO and Coinfloor.","The support for AUD, on the other hand, will <a href=\"https:\/\/www.binance.com\/en\/support\/articles\/360038192712\" data-v-f87c67ca=\"\">allow<\/a> Binance users to buy bitcoin (BTC) and ether (ETH) directly via bank transfers, as well as debit and credit cards. Banxa also supports euro (EUR) payments for Binance.","\u201CBanxa allows crypto exchanges, wallets and other crypto platforms to offer instant fiat to crypto conversions. With only one integration, our partners benefit from both local and global payment options while Banxa takes care of all regulation, compliance and chargebacks,\u201D said Holger Arians, CEO of Banxa.","Founded in 2014, Banxa currently also serves Hong Kong-based KuCoin exchange and U.S-based cryptocurrency wallet Edge, according to its <a href=\"https:\/\/banxa.com\/partners\/\" data-v-f87c67ca=\"\">website<\/a>.","Binance <a href=\"https:\/\/www.theblockcrypto.com\/post\/50281\/binance-paxful-partner-to-bring-bitcoin-to-masses-as-the-latter-supports-over-300-payment-methods\" data-v-f87c67ca=\"\">continues to expand<\/a> its fiat gateways and partners. The exchange currently supports over 20 fiat currencies via eight partners - Simplex, Koinal, Paxful, AdvCash, Papara, Flutterwave, Latamex and Banxa.","Binance CEO Changpeng \u201CCZ\u201D Zhao said: \u201CWe believe fiat will co-exist with crypto for a long time to come. More than 99.9% of the global money supply is still in fiat and we need to continue building bridges to enable easier flow into crypto. In 2020, we aim to add support for all 180 fiat currencies.\"","Looking ahead, Binance and Banxa plan to add more currencies \u201Cover the coming months,\u201D per the announcement."],"hashtag":["BINANCE"]}