{"summary":"Chainalysis has brought on Michael Mosier, who has worked at numerous U.S. regulatory bodies, to work on compliance in the crypto space in the wake of FATF regulation\nThe travel rule found in the final guidance presents challenges for VASPs, posing the question of how to securely share the necessary information","author":["Aislinn Keely","The Block"],"webName":"theblock.co","link":"https:\/\/www.theblock.co\/post\/29176\/chainalysis-brings-in-former-leader-at-fincen-to-balance-compliance-with-innovation","publishDate":"2019-06-26T18:29:16","id":3127,"type":null,"title":"Chainalysis brings in former leader at FinCEN to balance compliance with innovation","category":["Regulation"],"content":["<span data-v-f87c67ca=\"\">Michael Mosier has worked in numerous government positions combating financial malfeasance, but as Chainalysis\u2019 newly minted Chief Technical Counsel, the company announced today, he\u2019ll be helping the blockchain investigations firm navigate the ever-changing regulatory minefield.<br data-v-f87c67ca=\"\">\n<\/span>","<span data-v-f87c67ca=\"\">His primary concern in the wake of recently released Financial Action Task Force (FATF) guidance, which includes the much-debated travel rule, is ensuring solutions don\u2019t come at the price of innovation.&nbsp;<\/span>","<span data-v-f87c67ca=\"\">\u201CWe need to have solutions that have a technical aspect that are going to maintain the positive advances of cryptocurrency, like the censorship resistance and financial inclusion,\u201D said Mosier.<\/span>","<span data-v-f87c67ca=\"\">Mosier worked with U.S. Government regulatory bodies like the Department of Justice and the Financial Crimes Enforcement Network (FinCEN), as well as the Office of Foreign Assets Control (OFAC) and the National Security Council before heading to Chainalysis. Within the government, he said Chainalysis is seen as a body working to map out risks and take in blockchain data while maintaining privacy.<\/span>","<span data-v-f87c67ca=\"\">But FATF\u2019s inclusion of the travel rule poses some problems to maintaining that privacy, since it requires exchanges to collect and share customer information during transactions. While cryptocurrency is by design faster and more private than traditional banking, Mosier said maintaining these advantages while sharing the required information is not as simple as sending a separate message.<\/span>","<span data-v-f87c67ca=\"\">While it will be challenging, according to Mosier, the present difficulties are similar to what traditional banks experienced when FinCEN issued its travel rule in the 1990s, forcing banks to share such information. It took time for all to get on board and implement a technologically feasible solution.<\/span>","<span data-v-f87c67ca=\"\">\u201CI think this is going to take time as well because the point is that this isn't the traditional banking sector and we can't just go back to that,\u201D he said. \u201CWe want to maintain these advances.\u201D&nbsp;<\/span>","<span data-v-f87c67ca=\"\">Banks solved this problem with the Society for Worldwide Interbank Financial Telecommunications (SWIFT) system, which allows banks to securely transmit transaction information. However, Mosier said this likely won\u2019t be the answer for crypto.<\/span>","<span data-v-f87c67ca=\"\">\u201CThat may not be technically feasible or it might be in a way that we lose a lot of the advances of cryptocurrencies,\u201D he said.<\/span>","<span data-v-f87c67ca=\"\">Exchanges are tinkering with solutions of how to collect and share that information securely, and Mosier said he\u2019s in discussions daily with customers and other industry leaders on how to implement a solution and what it might look like, but an effective, low cost, quickly implementable solution will take a lot of brainstorming.&nbsp;<\/span>","<span data-v-f87c67ca=\"\">Indeed, while the answer needs to not only be secure and technologically feasible without compromising crypto\u2019s virtues, it also needs to come fast. While there is a grace period for players to comply, countries will soon have to begin holding their virtual asset providers (VASPs) compliant to FATF regulations.&nbsp;<\/span>","<span data-v-f87c67ca=\"\">\u201CI think this is something that the industry as a whole, as including Chainalysis, is coming together quickly on,\u201D said Mosier. \u201CSo I'm hoping that by sort of crowdsourcing the thinking on this, that it'll be as quick as possible.\u201D<\/span>","<span data-v-f87c67ca=\"\">One place this information will be crowdsourced is at the V20 Summit in Osaka, Japan, in the shadow of the G20. Exchange leaders are slated to discuss the possibility of an overarching solution. However, Chainalysis won\u2019t be in attendance. The company said it was already in talks about a technical solution with the majority of those attending.<\/span>"],"hashtag":[]}