{"summary":"A state appeals court on Thursday sided with the New York Office of the Attorney General as it seeks documents from crypto exchange Bitfinex and stablecoin operator Tether amid an ongoing investigation\n\u201CThe trial court properly rejected the attempts by respondents to limit petitioner\u2019s lawful authority to protect New York residents,\u201D the ruling stated.\nBitfinex told The Block: \u201CWe have read the decision issued today by the Appellate Division of the New York Supreme Court, First Department. As we have at all times in this process, we will respect the court\u2019s order. We have no further comment on this matter at this time.\u201D","author":["Michael McSweeney","Aislinn Keely","The Block"],"webName":"theblock.co","link":"https:\/\/www.theblock.co\/post\/67348\/new-york-appeals-ag-bitfinex-tether","publishDate":"2020-07-09T15:51:04","id":3131,"type":null,"title":"NY sides with NYOAG; seeks documents from Bitfinex and Tether","category":["Legal"],"content":["A state appeals court sided with the New York Office of the Attorney General on Thursday as it seeks documents from crypto exchange Bitfinex and stablecoin operator Tether amid an ongoing investigation.","The NYOAG and Bitfinex and Tether parent company iFinex have been locked in legal proceedings since April of last year, when the NYOAG <a href=\"https:\/\/www.theblockcrypto.com\/post\/20978\/ny-attorney-general-sues-bitfinex-and-tether\" target=\"_blank\" rel=\"noopener noreferrer\" data-v-f87c67ca=\"\">brought allegations<\/a> that iFinex commingled funds, using Tether to cover up an $850 million loss for Bitfinex. At the time, Bitfinex <a href=\"https:\/\/www.bitfinex.com\/posts\/356\" target=\"_blank\" rel=\"noopener noreferrer\" data-v-f87c67ca=\"\">blasted<\/a> the AG's efforts and vowed to fight them.","Ultimately, the AG's office obtained <a href=\"https:\/\/www.theblockcrypto.com\/post\/36744\/court-rules-it-has-jurisdiction-over-bitfinex-allowing-nyag-to-continue-investigation\" target=\"_blank\" rel=\"noopener noreferrer\" data-v-f87c67ca=\"\">a court order<\/a>&nbsp;from the New York Supreme Court that compelled the crypto companies to produce documents related to the case, which Bitfinex initially refused to supply. The order also sought to compel Bitfinex to halt any activities to prevent further cash reserve depletion.","Bitfinex later moved to appeal the initial court ruling, arguing the NYOAG did not have the power to investigate the company and demand documents since the exchange didn't have sufficient contacts in the state. In September, the Supreme Court's appellate arm granted a request for a stay of that order, setting the stage for additional back and forth between the two sides.&nbsp;","<a href=\"http:\/\/www.courts.state.ny.us\/courts\/AD1\/calendar\/appsmots\/2020\/July\/2020_07_09_dec.pdf\" target=\"_blank\" rel=\"noopener noreferrer\" data-v-f87c67ca=\"\">In Thursday's ruling<\/a>, the appeals court judges said:","When reached for comment, Bitfinex general counsel Stuart Hoegner told The Block: \"We have read the decision issued today by the Appellate Division of the New York Supreme Court, First Department. As we have at all times in this process, we will respect the court's order. We have no further comment on this matter at this time.\"","The ruling, included below, shot down the argument that the NYAOG lacked the proper jurisdiction to request the documents in question.","The NYAOG had previously filed a response through the appellate court in December, <a href=\"https:\/\/www.theblockcrypto.com\/post\/50492\/nyag-continues-pushing-for-its-case-against-bitfinex-calling-its-argument-forfeited-and-meritless\" target=\"_blank\" rel=\"noopener noreferrer\" data-v-f87c67ca=\"\">arguing<\/a> it had broad powers to investigate under New York's Martin Act. The Martin Act broadly empowers investigators in cases of potential securities and commodities fraud.","<em data-v-f87c67ca=\"\">The full court ruling can be found below (beginning on page 98):<\/em>","<a title=\"View 2020_07_09_dec on Scribd\" href=\"https:\/\/www.scribd.com\/document\/468603929\/2020-07-09-dec#from_embed\" data-v-f87c67ca=\"\">2020_07_09_dec<\/a> by <a title=\"View MichaelPatrickMcSweeney's profile on Scribd\" href=\"https:\/\/www.scribd.com\/user\/265494999\/MichaelPatrickMcSweeney#from_embed\" data-v-f87c67ca=\"\">MichaelPatrickMcSweeney<\/a> on Scribd","<iframe id=\"doc_91772\" class=\"scribd_iframe_embed\" title=\"2020_07_09_dec\" src=\"https:\/\/www.scribd.com\/embeds\/468603929\/content?start_page=1&amp;view_mode=scroll&amp;access_key=key-tvLhpRrYWI5JajVkFUPB\" width=\"100%\" height=\"600\" frameborder=\"0\" scrolling=\"no\" data-auto-height=\"false\" data-aspect-ratio=\"0.7729220222793488\" data-v-f87c67ca=\"\"><\/iframe>"],"hashtag":["TETHER"]}