{"summary":"Authereum was launched on Wednesday following a $1.1 million seed round \nThe platform aims to make it easier for non-technical users to get on Ethereum applications\nAuthereum makes use of contract-based accounts to enable additional key management functionalities","author":["Yilun Cheng","The Block"],"webName":"theblock.co","link":"https:\/\/www.theblock.co\/post\/55607\/user-onboarding-platform-authereum-goes-live-today-following-a-1-1m-seed-round","publishDate":"2020-02-12T09:54:57","id":3146,"type":null,"title":"Dapp onboarding platform Authereum goes live on Ethereum network","category":["Ethereum"],"content":["<span data-v-f87c67ca=\"\">Authereum, a platform for onboarding users to decentralized apps or dapps, has gone live on the Ethereum network following a $1.1 million seed round from investors including Coinbase Ventures and Synapse Capital.<\/span>","<span data-v-f87c67ca=\"\">After eight months of development, the team announced on Wednesday the launch of the Authereum platform. The startup closed its seed round in mid-January, according to its co-founder Chris Whinfrey, when it raised $1.1 million from 1confirmation, Coinbase Ventures, Republic Labs, Synapse Capital, as well as a group of angel investors.&nbsp;<\/span>","<span data-v-f87c67ca=\"\">Authereum aims to make the DApp onboarding process more intuitive for non-technical users, Whinfrey said. Users hold control of their own keys, but instead of managing a seed phrase, they can log in with their username and password, and start using DApps with no download required and zero transaction fees. The built-in fiat on-ramp support makes sure that users can convert fiat into crypto<\/span><span data-v-f87c67ca=\"\">&nbsp;without leaving the wallet or having to complete a Know Your Customer (KYC) verification. <\/span>","<span data-v-f87c67ca=\"\">\u201CWe're trying to abstract away as much of the hard-to-understand concepts that you only see in crypto as we can and try to make it feel more like a web 2 kind of application,\u201D Whinfrey said.<\/span>","<span data-v-f87c67ca=\"\">Whinfrey believes that Authereum\u2019s use of contract-based accounts is what sets the platform apart. A regular externally-owned account only has a private key and a public address. As a result, one can either have total control over the account or lose access to it completely. With a contract-based account, on the other hand, Authereum can program the smart contract to enable a wider range of keys and functionalities.<\/span>","<span data-v-f87c67ca=\"\">\u201CWe saw an opportunity to break into this market because of the development of contract-based accounts. And we\u2019ll be the only contract-based accounts on Ethereum that don\u2019t require downloads,\" he said. \"I think we\u2019ll see the Ethereum space go through this shift from just externally-owned accounts to contract-based accounts.\"<\/span>","<span data-v-f87c67ca=\"\">Right now, the startup has integrated with payments provider Wyre to provide services to U.S. customers. However, according to Whinfrey, the team is looking to expand its fiat on and off ramp support to include other jurisdictions.<\/span>","<span data-v-f87c67ca=\"\">Other features that Authereum are looking to add include batched transactions, which allows DApps to eliminate unnecessary steps like approving tokens, and native app support, which lets developers build out DApps through Authereum\u2019s system. <\/span>","<span data-v-f87c67ca=\"\">Moreover, the startup plans to release its own native App, likely within the next six months, to offer additional usability, Whinfrey said.<\/span>"],"hashtag":[]}