{"summary":"According to Overstock\u2019s 2019 annual report, the online retailer received two more subpoenas from the Securities Exchange Commission (SEC) in Dec. 2019, as follow-ups to the agency\u2019s investigation efforts that started in 2018\nThe most recent subpoenas requested Overstock produce documents related to the troublesome GSR deal, the alternative trading system run by its blockchain subsidiary tZERO, as well as the company\u2019s insider trading policies and employment agreements\nOverstock\u2019s net revenue declined by almost 20% from $1.82 billion in 2018 to $1.46 million, which the company attributed partly to the costly nature of handling litigations.","author":["Yilun Cheng","The Block"],"webName":"theblock.co","link":"https:\/\/www.theblock.co\/post\/58976\/online-retail-giant-overstock-receives-two-further-subpoenas-from-the-sec-at-the-end-of-last-year","publishDate":"2020-03-17T11:38:25","id":3166,"type":null,"title":"Online retail giant Overstock received two further subpoenas from the SEC at the end of last year","category":["Legal"],"content":["<span data-v-f87c67ca=\"\">Overstock, an online retailer and the parent company of tZERO, has received two more subpoenas from the Securities Exchange Commission (SEC) in Dec. 2019.&nbsp;<\/span>","<span data-v-f87c67ca=\"\">According to Overstock\u2019s <\/span><a href=\"https:\/\/www.sec.gov\/Archives\/edgar\/data\/1130713\/000113071320000014\/ostk-20191231x10k.htm\" data-v-f87c67ca=\"\"><span data-v-f87c67ca=\"\">2019 annual report<\/span><\/a><span data-v-f87c67ca=\"\">, filed on March 3, the SEC\u2019s investigation into Overstock first started in Feb. 2018, when the agency requested the online retail giant voluntarily provide information on tZERO and its security token offering. As first reported by <a href=\"https:\/\/www.coindesk.com\/overstock-hit-by-two-more-sec-subpoenas-in-december\" data-v-f87c67ca=\"\">CoinDesk<\/a>, Overstock received further requests from the SEC to turn in documents concerning its Series A-1 preferred stock dividend, Chinese private equity firm GSR Capital and its communications with former CEO Patrick Bryne.&nbsp;<\/span>","<span data-v-f87c67ca=\"\">As disclosed by the annual report, in Dec. 2019, Overstock was given two more subpoenas, one \u201Crelated to the GSR transaction and the alternative trading system run by tZERO ATS, LLC.,\u201D and the other \u201Crequesting [Overstock\u2019s] insider trading policies as well as certain employment and consulting agreements.\u201D<\/span>","<span data-v-f87c67ca=\"\">The fresh investigation efforts followed a strange sequence of events featuring a troublesome investment deal between tZERO and Chinese private equity firm GSR and a $90 million sell-off of company stock by its ex-CEO Patrick Byrne.<\/span>","<span data-v-f87c67ca=\"\">GSR Capital <\/span><a href=\"https:\/\/www.theblockcrypto.com\/linked\/22738\/gsr-capital-closes-investment-in-tzero-invests-5-million-instead-of-400-million\" data-v-f87c67ca=\"\"><span data-v-f87c67ca=\"\">originally planned <\/span><\/a><span data-v-f87c67ca=\"\">to invest over $400 million in tZERO when the two firms signed the initial agreement. However, it lowered the projected amount of funding to $100 million in March 2019 and then to $30 million a month later. When the deal finally closed in May, tZERO only received a $5 million investment commitment, missing its fundraising target by 98.7%. Following such a change, Makara Capital, which initially planned to invest $100 million in tZERO along with GSR Capital, decided to back off from the deal.&nbsp;<\/span>","<span data-v-f87c67ca=\"\">In another turn of events, Overstock\u2019s CEO and CFO at the time, Patrick Byrne and Gregory Iverson respectively, resigned in Aug. and Sep. 2019. A month after his resignation, Byrne <\/span><a href=\"https:\/\/www.theblockcrypto.com\/linked\/40310\/former-overstock-ceo-patrick-byrne-sells-all-his-shares-will-invest-in-gold-silver-and-cryptocurrency\" data-v-f87c67ca=\"\"><span data-v-f87c67ca=\"\">sold<\/span><\/a><span data-v-f87c67ca=\"\"> his entire 13.6% stake in the company for approximately $90 million. Shortly after Bryne\u2019s sell-off, Overstock announced a lowered guidance for 3Q19, which led investors to question whether the ex-CEO sold his shares using insider information, The Block previously <\/span><a href=\"https:\/\/www.theblockcrypto.com\/daily\/41429\/overstocks-wild-ride-continues\" data-v-f87c67ca=\"\"><span data-v-f87c67ca=\"\">reported<\/span><\/a><span data-v-f87c67ca=\"\">.<\/span>","<span data-v-f87c67ca=\"\">In fact, an investor filed a <\/span><a href=\"https:\/\/www.courthousenews.com\/wp-content\/uploads\/2019\/09\/Overstock.pdf\" data-v-f87c67ca=\"\"><span data-v-f87c67ca=\"\">class-action lawsuit<\/span><\/a><span data-v-f87c67ca=\"\"> against Overstock as well as the two former executives in late Sept., accusing them of publishing false and misleading statements regarding the company\u2019s financial performance.&nbsp;<\/span>","<span data-v-f87c67ca=\"\">According to the annual report, Overstock\u2019s net revenue declined by almost 20% from $1.82 billion in 2018 to $1.46 million. The company attributed its unsatisfactory financial performance to the costly nature of handling litigations.&nbsp;<\/span>","<span data-v-f87c67ca=\"\">\u201CSuch litigation could be costly and time consuming and could divert or distract our management and key personnel from our business operations,\u201D said the annual report. \u201CDue to the uncertainty of litigation and depending on the amount and the timing, an unfavorable resolution of some or all of such matters could materially affect our business, results of operations, financial position, or cash flows.\u201D<\/span>"],"hashtag":["SEC"]}