{"summary":"Wanted Terraform Labs founder Do Kwon tweeted light heartedly about authorities seeking his arrest.\n\nDo Kwon said he is making no effort to hide but declined to disclose his exact whereabouts.","author":["Jeremy Nation","The Block"],"webName":"theblock.co","link":"https:\/\/www.theblock.co\/post\/172886\/terraform-labs-founder-do-kwon-says-hes-making-zero-effort-to-hide","publishDate":"2022-09-26T14:10:09","id":318,"type":null,"title":"Terraform Labs Founder Do Kwon says he&#x27;s &#x27;making zero effort to hide&#x27;","category":["Legal"],"content":["Do Kwon doesn't seem too stressed that he's wanted by authorities.","\u201CI\u2019m writing code in my living room hbu,\u201D the Terraform Labs founder <a href=\"https:\/\/twitter.com\/stablekwon\/status\/1574444990209695745?s=20&amp;t=yxdblvgDNATmY4pXIvLzEA\" data-v-f87c67ca=\"\">replied<\/a> to a user on Twitter. When asked about his thoughts on a recently <a href=\"https:\/\/www.theblock.co\/post\/172739\/south-korea-says-interpol-has-issued-a-red-notice-for-do-kwon-bloomberg-says\" data-v-f87c67ca=\"\">reported<\/a> Interpol red notice on the heels of a <a href=\"https:\/\/www.theblock.co\/post\/169825\/south-korean-court-issues-warrant-for-do-kwons-arrest\" data-v-f87c67ca=\"\">warrant<\/a> issued by a South Korean court, the founder again <a href=\"https:\/\/twitter.com\/stablekwon\/status\/1574447199169019908?s=20&amp;t=yxdblvgDNATmY4pXIvLzEA\" data-v-f87c67ca=\"\">responded<\/a> in a way that seemed to make light of his situation:","","","<span data-v-f87c67ca=\"\">Although his current location remains undisclosed, Do Kwon <a href=\"https:\/\/twitter.com\/stablekwon\/status\/1574448432793538560?s=20&amp;t=yxdblvgDNATmY4pXIvLzEA\" data-v-f87c67ca=\"\">stated<\/a> he is \u201Cmaking zero effort to hide,\u201D and added, that he goes on walks and to malls. <br data-v-f87c67ca=\"\">\n<br data-v-f87c67ca=\"\">\n\"No<\/span><span data-v-f87c67ca=\"\">&nbsp;way none of CT [hasn\u2019t] run into me the past couple weeks,\u201D said Do Kwon. However when pressed on where one might visit him, the founder apologized for any confusion and said he hadn\u2019t issued a \u201Ctwitter wide invitation.\u201D&nbsp;<\/span>","<span data-v-f87c67ca=\"\">South Korean officials are seeking the founder-turned-fugitive and fellow Terraform Labs executives for allegedly breaking capital market laws, following the $40 billion collapse of luna and terraUSD.<\/span>"],"hashtag":["DO KWON"]}