{"summary":"The Energy and Commerce Oversight Subcommittee has released its memorandum for a hearing on Thursday. \nDespite the tone towards crypto mining\u2019s track record in the memorandum, Congress is clearly interested in the industry\u2019s plans for its future, judging by the witness list.","author":["Kollen Post","The Block"],"webName":"theblock.co","link":"https:\/\/www.theblock.co\/post\/130633\/congressional-committee-releases-witness-list-in-advance-of-crypto-mining-hearing","publishDate":"2022-01-18T15:25:19","id":3189,"type":null,"title":"Congressional committee releases witness list in advance of crypto mining hearing","category":["Congress"],"content":["A hearing before Congress on Thursday seems set to be less hostile to proof-of-work crypto mining, especially Bitcoin, than has been the case traditionally.&nbsp;","On January 17, the House Energy and Commerce Subcommittee on Oversight and Investigations released its memorandum and witness list for the hearing, entitled \"Cleaning Up Cryptocurrency: The Energy Impacts of Blockchains.\"","The Block initially <a href=\"https:\/\/www.theblockcrypto.com\/linked\/129336\/congress-is-preparing-an-oversight-hearing-on-bitcoin-minings-environmental-impact-sources\" data-v-f87c67ca=\"\">broke the news<\/a> of the coming hearing at the beginning of January. It follows on the emergence over 2021 of the US as the <a href=\"https:\/\/www.theblockcrypto.com\/post\/120372\/us-lead-bitcoin-hash-rate-cambridge\" data-v-f87c67ca=\"\">number one source of Bitcoin's hashrate<\/a> in the world after a <a href=\"https:\/\/www.theblockcrypto.com\/news+\/120475\/china-crypto-mining-crackdown\" data-v-f87c67ca=\"\">nation-wide crackdown in China.<\/a>&nbsp;","<a href=\"https:\/\/energycommerce.house.gov\/sites\/democrats.energycommerce.house.gov\/files\/documents\/Briefing%20Memo_OI%20Hearing_2022.01.20.pdf\" target=\"_blank\" rel=\"noopener\" data-v-f87c67ca=\"\">The memorandum<\/a> itself references controversial <a href=\"https:\/\/digiconomist.net\/bitcoin-energy-consumption\" data-v-f87c67ca=\"\">figures<\/a> of the energy use of Ethereum and Bitcoin, putting them at more than eight and 70 days of the power demands of a US house per transaction, respectively.&nbsp;","The committee's current baseline document is dismissive of the claimed economic advantages of cryptocurrencies based on PoW, running through a number of cases of mining firms causing local energy prices to rise, failing to produce the number of local jobs initially advertised, and\/or <a href=\"https:\/\/www.theblockcrypto.com\/linked\/110335\/bitcoin-mining-council-sustainable-energy-survey\" data-v-f87c67ca=\"\">overestimating their usage of reusable energy<\/a>.&nbsp;","The announcement further seems much more optimistic about Ethereum's long-delayed transition from PoW to Proof of Stake (PoS):","The witnesses are from diverse professional backgrounds, but broadly speaking, their selection seems more favorable to crypto mining than the actual memorandum that the subcommittee has released. The roster suggests at least serious interest in hearing the ways that cryptocurrency is adapting in response to the energy issue.&nbsp;","Likely the most familiar to the crypto industry is Brian Brooks, a former regulator turned CEO of Binance.US and, more recently, of <a href=\"https:\/\/www.theblockcrypto.com\/linked\/123284\/former-occ-leader-and-binance-us-ceo-brian-brooks-joins-bitfury-as-chief-executive\" data-v-f87c67ca=\"\">mining services firm Bitfury<\/a>.&nbsp;&nbsp;","Another industry player on the list is John Belizaire, CEO of Soluna. Not to be confused with layer-one project Solana, Soluna builds modular data centers to send to stranded renewable energy sources, which it then makes profitable by using that energy on computational tasks like crypto mining.","On the day that news of the hearing first broke, Belizaire put out a blog post <a href=\"https:\/\/medium.com\/clean-integration\/bitcoins-energy-consumption-is-a-feature-not-a-bug-a43c41dcea74\" data-v-f87c67ca=\"\">defending<\/a> Bitcoin's energy use. When the Oversight Subcommittee formally announced the hearing, he tweeted a comparison of that energy use to data centers.&nbsp;","","Also set to appear is Ari Juels, who teaches courses on Blockchain at Cornell Tech, in Manhattan. A video featuring Belizaire and Juels in conversation can be found <a href=\"https:\/\/www.youtube.com\/watch?v=WRkXVcCytuU\" data-v-f87c67ca=\"\">here<\/a>, during which Juels notes: \"The question is, can we improve their performance to where they can compete with global transaction systems like the Visa network? And there's certainly reason to believe that we can improve their performance considerably.\"","Like Brooks, Gregory Zerzen was a Trump-era regulatory player and has more recently been involved in lobbying. In October he <a href=\"https:\/\/www.realclearpolitics.com\/articles\/2021\/10\/20\/why_governments_hate_cryptocurrency_146598.html\" data-v-f87c67ca=\"\">published<\/a> commentary decrying government attacks on crypto as an effort to lock citizens into the debasement of the dollar via quantitative easing.&nbsp;","Steve Wright, formerly of the Chelan County Public Utility District and Bonneville Power Administration in Washington State, is also set to appear. Chelan County is among the US locations that have attracted bitcoin miners for its cheap hydropower resources, and Wright himself was&nbsp;at the helm of public utilities who had to cope with the bankruptcy of Giga Watt, a crypto mining firm that <a href=\"https:\/\/www.theblockcrypto.com\/linked\/7556\/giga-watt-shuts-down-daily-operations-following-bankruptcy-filing\" data-v-f87c67ca=\"\">filed for bankruptcy<\/a> after a public burnout that left customers on the hook for $7 million in debt. The committee cited the Giga Watt case in its memorandum, adding that the firm left $700,000 in outstanding debt to public utility suppliers.&nbsp;"],"hashtag":["MINING"]}