{"summary":"U.S. Treasury Secretary Mnuchin held a press conference on crypto\nMnuchin focused on the importance of rooting out bad actors in crypto\nHe also touched on Facebook\u2019s Libra and the high standards the crypto will have to comply with","author":["Aislinn Keely","The Block"],"webName":"theblock.co","link":"https:\/\/www.theblock.co\/post\/31540\/u-s-treasury-secretary-says-bad-actors-utilizing-crypto-is-national-security-issue","publishDate":"2019-07-15T14:27:31","id":3280,"type":null,"title":"U.S. Treasury Secretary says bad actors utilizing crypto is &quot;national security issue&quot;","category":["Regulation"],"content":["The U.S. Department of the Treasury Secretary Steven Mnuchin called concerns surrounding crypto a \u201Cnational security issue\u201D in a news briefing on cryptocurrencies today, stressing that the administration's \"number one issue\" is keeping bad actors from utilizing crypto for nefarious activity.&nbsp;","\"We will not allow digital asset service providers to operate in the shadows,\" said Mnuchin.","<span data-v-f87c67ca=\"\">He pointed out that the cryptocurrency market is still prone to the exploitation of bad actors for money laundering, privacy invasion and frauds. Mnuchin said the speculative nature of bitcoin makes it challenging to protect U.S. investors from frauds, and called for more caution when making regulatory decisions on cryptocurrency projects, one of which is Facebook\u2019s Libra project.&nbsp;<\/span>","<span data-v-f87c67ca=\"\">Mnuchin said that the tech giant\u2019s cryptocurrency plan has triggered the Treasury Department to express \u201Cvery serious concerns.\u201D The department has had multiple meetings with regulators FSAC and Facebook \u201CTo the extent that Facebook can do this correctly...they\u2019ve got a lot of work to do to get it to that place.\u201D<\/span>","<span data-v-f87c67ca=\"\">Mnuchin\u2019s public comments on cryptocurrencies echo lawmakers' increasing attention on the rising asset class. The House and Senate both have Libra hearings scheduled for this week. Members of Congress have called for a moratorium on Libra development until relevant questions can be answered.&nbsp;<\/span>","<span data-v-f87c67ca=\"\">Last week, United States President Donald J. Trump expressed his view on cryptocurrencies and blockchain, <\/span><span data-v-f87c67ca=\"\"><a href=\"https:\/\/www.theblockcrypto.com\/tiny\/president-donald-trump-comments-on-facebooks-libra-bitcoin-and-cryptocurrencies-for-the-first-time\/\" data-v-f87c67ca=\"\">saying that he is \u201Cnot a fan of cryptocurrencies,\" and that they are \"not money.\"&nbsp;<\/a><\/span>","However, while lawmakers have approached crypto with caution, some also say crypto is the future of finance. Representative Darren Soto, co-head of the blockchain caucus told The Block that the U.S. needs to embrace crypto, and it's part of the future.","\"Right now the dollar is the main economic foundation of the world economy,\" he said. \"Soon we could see cryptocurrency forming a greater share of that.\"","Soto said progress like that in the crypto space can't be stopped.","\"You can only embrace and regulate it,\" said Soto.&nbsp;","&nbsp;"],"hashtag":[]}