{"summary":"Crypto trading app provider Coinseed is closing down following a recent lawsuit by the New York State Attorney General.\nCoinseed CEO Delgerdalai Davaasambuu says the firm made a \u201Cfatal mistake\u201D by living in New York until 2019.","author":["Yogita Khatri","The Block"],"webName":"theblock.co","link":"https:\/\/www.theblock.co\/post\/107549\/crypto-coinseed-shutting-down-nyag-lawsuit","publishDate":"2021-06-08T07:22:32","id":3310,"type":null,"title":"Crypto trading platform Coinseed is shutting down following NYAG lawsuit","category":["Legal"],"content":["Crypto trading app provider Coinseed announced Tuesday that it is shutting down following a recent lawsuit by the New York State Attorney General (NYAG) Letitia James.","In February, James <a href=\"https:\/\/www.theblockcrypto.com\/linked\/95182\/new-york-attorney-general-coinseed-lawsuit-crypto\" data-v-f87c67ca=\"\">accused<\/a> Coinseed and its executives of defrauding investors of more than $1 million and breaking U.S. registration laws. Later in May, the NYAG <a href=\"https:\/\/www.theblockcrypto.com\/linked\/104216\/new-york-attorney-general-sues-to-halt-the-operations-of-crypto-app-company-coinseed\" data-v-f87c67ca=\"\">filed a court motion<\/a> to freeze Coinseed\u2019s trading activity and halt all its operations. Finally, on Monday, the NYAG <a href=\"https:\/\/ag.ny.gov\/press-release\/2021\/attorney-general-james-secures-appointment-court-receiver-protect-investors-money\" data-v-f87c67ca=\"\">secured a court order<\/a> to block Coinseed\u2019s activities and put in place a receiver to ensure the protection of investors\u2019 money going forward.","Delgerdalai Davaasambuu, CEO of Coinseed and a defendant in the case, <a href=\"https:\/\/www.coinseed.co\/\" data-v-f87c67ca=\"\">said<\/a> it is \"immensely mournful and frustrating to shut down the business.\" He maintains no wrongdoing and says Coinseed made a \"fatal mistake\" by living in New York <a href=\"https:\/\/www.theblockcrypto.com\/linked\/95182\/new-york-attorney-general-coinseed-lawsuit-crypto\" data-v-f87c67ca=\"\">until 2019<\/a>.","Coinseed was founded in 2017 and <a href=\"https:\/\/icoholder.com\/en\/coinseed-ico-17190\" data-v-f87c67ca=\"\">raised<\/a> $1 million via an initial coin offering (ICO) in 2018. According to the NYAG, Coinseed conducted an unregistered securities offering in the form of the ICO by issuing its CSD token and never registered to trade any cryptocurrency within or from the New York state.","Davaasambuu says Coinseed raised the ICO money from non-U.S. investors. \"Our ICO excluded US investors and we\u2019ve paid back more than twice the ICO amount to the ICO investors as rewards so far,\" he said, adding that there hasn\u2019t been any, \"not even a single one,\" complaint about its ICO or its token from investors.","The NYAG says it has received more than 170 complaints from investors who were concerned about protecting their assets due to Coinseed\u2019s allegedly fraudulent conduct.","It has appointed Michelle Gitlitz, the global head of Crowell &amp; Moring LLP\u2019s blockchain and digital assets practice, as a court-appointed receiver with special powers to safeguard investments already made on Coinseed.","The NYAG has also accused Coinseed of operating as an unregistered commodities broker-dealer. Davaasambuu says \"it\u2019s very laughable since no other cryptocurrency exchanges have become a registered broker-dealer.\" He says the only difference between Coinseed and other exchanges is that \"they have enough money to fight in the court.\"","\"We can\u2019t spend millions of dollars in legal fights,\" he said.","As for user funds, they \"will be returned soon and we\u2019re interviewing law firms to hire for the matter,\" said Davaasambuu.","Davaasambuu has also created a free token called FLJ (\"F*** Letita James\") in frustration. \"It\u2019ll be listed on various DeFi platforms soon and will be available for trading,\" he said."],"hashtag":[]}