{"summary":"Bitcoin mining startup Layer1 has started mining in its West Texas site\nThe site expects to scale to 200MW within a few months, and aims to capture 30% of total network hashrate by the end of 2021\nLayer1 raised $50 million from Peter Thiel, Shasta Ventures, and others in November ","author":["Celia Wan","The Block"],"webName":"theblock.co","link":"https:\/\/www.theblock.co\/post\/56337\/peter-thiel-texas-bitcoin-mine-goes-live","publishDate":"2020-02-19T10:51:35","id":3347,"type":null,"title":"Layer1 begins mining bitcoin at its West Texas facility","category":["Mining"],"content":["<span data-v-f87c67ca=\"\">Layer1 Technology, a Peter Thiel-backed bitcoin mining startup, has officially launched its operation in West Texas, four months after the firm <\/span><a href=\"https:\/\/www.theblockcrypto.com\/post\/43253\/thiel-crypto-investors-pour-50-million-into-new-bitcoin-miner-aimed-in-us\" data-v-f87c67ca=\"\"><span data-v-f87c67ca=\"\">announced<\/span><\/a><span data-v-f87c67ca=\"\"> its plans.&nbsp;<\/span>","<span data-v-f87c67ca=\"\">The San Francisco-based firm has brought online several mining containers, each has 2.5-megawatt (MW) capacity and deploys the liquid cooling technology to combat high temperatures in the region.&nbsp;<\/span>","<span data-v-f87c67ca=\"\">Although the firm declined to disclose the exact capacity of its current mining site, it expects to scale the mining facility up to 100 MW within the next few months, capturing more than 2% of the total Bitcoin network hashrate, per a statement shared with The Block.&nbsp;<\/span>","<span data-v-f87c67ca=\"\">Notably, Layer1 CEO Alexander Liegl said they hope to eventually encompass 30% of the total Bitcoin hashrate by the end of 2021 with the existing site and several others that they have acquired. This number, if realized, would overshadow the network hashrate shares of all Bitcoin mining pools, with the leading pools like F2Pool and Poolin currently providing<\/span> <a href=\"https:\/\/www.blockchain.com\/en\/pools\" data-v-f87c67ca=\"\"><span data-v-f87c67ca=\"\">around 18%<\/span><\/a><span data-v-f87c67ca=\"\"> of the total network hashpower, respectively.&nbsp;<\/span>","<span data-v-f87c67ca=\"\">In 2014, mining pool GHash.io controlled over 50% of the network hashrate, which <\/span><a href=\"https:\/\/www.coindesk.com\/bitcoin-mining-detente-ghash-io-51-issue\" data-v-f87c67ca=\"\"><span data-v-f87c67ca=\"\">enabled<\/span><\/a><span data-v-f87c67ca=\"\"> it to potentially initiate a 51% attack \u2013 hence triggering widespread anxiety within the Bitcoin community. <\/span><span data-v-f87c67ca=\"\">When asked whether one entity controlling around one-third of the total network hashrate could jeopardize the network security and stability, Liegl said:<\/span>","<span data-v-f87c67ca=\"\">Aiming at \u201Crepatriating U.S. Bitcoin mining,\u201D Layer1 chose to locate its mining farm in Texas, in an attempt to counterbalance Chinese <a href=\"https:\/\/www.theblockcrypto.com\/post\/50274\/chinese-bitcoin-miners-control-65-of-the-crypto-networks-processing-power-bitmains-market-share-continues-to-decline\" data-v-f87c67ca=\"\">miners\u2019 65% control<\/a> over the network. The firm also designed and manufactured its own mining equipment, instead of directly purchasing them from mining rig makers \u2013 most of which, such as Bitmain and MicroBT, are based in China as well.&nbsp;<\/span>","<span data-v-f87c67ca=\"\">According to Liegl, the firm will use 10nm computer chips from Korea-based Samsung Foundry for its equipment, but these will be \u201Cas performing as TSMC\u2019s 7nm,\u201D he said. In general, the smaller the computer chips are, the more can be packed onto the same chipboard, boosting the overall computing power.&nbsp;<\/span>","<span data-v-f87c67ca=\"\">However, Layer1\u2019s custom mining equipment won\u2019t be ready until mid-2020 and it is currently using third-party machines, according to Liegl.&nbsp;<\/span>","<span data-v-f87c67ca=\"\">As The Block previously reported, both existing miners and new investors <\/span><a href=\"https:\/\/www.theblockcrypto.com\/post\/54462\/genesis-capital-saw-surge-in-q4-outstanding-loans-expecting-strong-cash-loan-demand-and-international-growth-in-2020\" data-v-f87c67ca=\"\"><span data-v-f87c67ca=\"\">are looking to scale<\/span><\/a> <span data-v-f87c67ca=\"\">their position in mining as the subsidy halving looms, when Bitcoin mining reward drops from 12.5 BTC to 6.25 BTC. The halving is expected to occur sometime in May.<\/span>","<span data-v-f87c67ca=\"\">Texas\u2019s high temperature presents a challenge to maintaining mining machines, which generate substantial heat when in operation. Yet two other mining giants, Bitmain and Northern Data AG (formerly Northern Bitcoin), have also recently launched mining operations in the Lone Star State to take advantage of its cheap electricity.&nbsp;<\/span>","<span data-v-f87c67ca=\"\">Bitmain <\/span><a href=\"https:\/\/www.theblockcrypto.com\/linked\/43950\/bitmain-opens-a-large-crypto-mining-farm-in-texas\" data-v-f87c67ca=\"\"><span data-v-f87c67ca=\"\">launched<\/span><\/a><span data-v-f87c67ca=\"\"> a 50 MW mining site in Rockdale, Texas and expects to expand to more than 300MW. Meanwhile, Northern Data recently <\/span><a href=\"https:\/\/www.theblockcrypto.com\/post\/47717\/two-firms-merge-to-open-100-acre-bitcoin-mining-farm-in-texas-with-a-capacity-of-one-gigawatt\" data-v-f87c67ca=\"\"><span data-v-f87c67ca=\"\">merged<\/span><\/a><span data-v-f87c67ca=\"\"> with Louisiana-based data center developer Whinstone to open a 1,000 MW mining site.&nbsp;<\/span>","<span data-v-f87c67ca=\"\">If Layer1 were to make up 30% of the total network hash rate, its capacity will reach over 1,000 MW, exceeding its two competitors in Texas. It has raised $52.1 million in total funding from Digital Currency Group, Peter Thiel, Shasta Ventures, and others.<\/span>","Like Layer1, many <a href=\"https:\/\/www.theblockcrypto.com\/daily\/54853\/china-bitcoin-mining-coronavirus-hardware-delays\" data-v-f87c67ca=\"\">new miners are hoping to<\/a> start mining as soon as possible to keep up total network hash power, which is expected to climb due to BTC's price upswing and the fact that many miners are upgrading their equipment in preparation of the halving.","However, the spread of coronavirus <a href=\"https:\/\/www.coindesk.com\/bitcoins-mining-difficulty-stagnates-as-coronavirus-outbreak-delays-new-equipment?utm_source=hootsuite&amp;utm_medium=twitter&amp;utm_term=Events&amp;utm_content=Register&amp;utm_campaign=FATF\" data-v-f87c67ca=\"\">has forced<\/a> some Chinese mining facilities to temporarily shut down, slowing down the recent network hashrate growth.&nbsp;"],"hashtag":[]}