{"summary":"JPMorgan is reportedly in talks to merge its blockchain unit Quorum with ConsenSys\nThe deal could formally be announced within the next six months\nA JPMorgan spokesperson declined to provide additional details to The Block","author":["Yogita Khatri","The Block"],"webName":"theblock.co","link":"https:\/\/www.theblock.co\/post\/55477\/jpmorgan-said-to-be-in-talks-to-merge-its-blockchain-unit-with-consensys","publishDate":"2020-02-11T06:51:04","id":3384,"type":null,"title":"JPMorgan said to be in talks to merge its blockchain unit with ConsenSys ","category":["Startups"],"content":["Investment banking giant JPMorgan is reportedly in discussions to merge its blockchain unit Quorum with Ethereum development studio <a href=\"https:\/\/www.theblockcrypto.com\/linked\/6984\/inside-sources-predict-a-rocky-road-ahead-for-consensys-2-0\" data-v-f87c67ca=\"\">ConsenSys<\/a>.","Reuters <a href=\"https:\/\/www.reuters.com\/article\/us-jp-morgan-blockchain-exclusive\/exclusive-jpmorgan-in-talks-to-merge-blockchain-unit-quorum-with-startup-consensys-sources-idUSKBN2051AW?utm_source=Twitter&amp;utm_medium=Social\" data-v-f87c67ca=\"\">reported<\/a> the news on Tuesday, citing \u201Cpeople familiar with the plans.\u201D The deal could formally be announced within the next six months. Notably, Quorum is an Ethereum-based blockchain network.<br data-v-f87c67ca=\"\">\n<br data-v-f87c67ca=\"\">\nA JPMorgan spokesperson declined to provide additional details to The Block.&nbsp;","\"Will hopefully be able to share more details soon, but for now, the details in the Reuters story are all we are sharing,\" a spokesman for <a href=\"https:\/\/www.theblockcrypto.com\/post\/55511\/consensys-codefis-activate-chooses-skale-as-the-first-project-to-launch-a-token-on-its-platform\" data-v-f87c67ca=\"\">ConsenSys<\/a> told The Block.","The investment bank has reportedly been considering spinning-off Quorum for around two years. The Quorum brand, however, could remain after the merger.","A merger with <a href=\"https:\/\/www.theblockcrypto.com\/linked\/71894\/canadian-startup-accuses-consensys-of-stealing-code-for-recurring-payments-system\" data-v-f87c67ca=\"\">ConsenSys<\/a> would also have no impact on JPMorgan's Interbank Information Network (IIN) and other projects running on Quorum, per the report. IIN was <a href=\"https:\/\/www.theblockcrypto.com\/linked\/49876\/over-80-japanese-banks-plan-to-join-jpmorgans-blockchain-payments-network\" data-v-f87c67ca=\"\">launched<\/a> in 2017 and allows member banks to exchange information related to international payments on Quorum. Some of the notable banks on the network include Deutsche Bank, Royal Bank of Canada and Australia and New Zealand (ANZ) Banking Group, among others.<br data-v-f87c67ca=\"\">\n<br data-v-f87c67ca=\"\">\nJPMorgan's stablecoin-like digital token, <a href=\"https:\/\/www.theblockcrypto.com\/post\/11689\/jp-morgan-launches-its-own-cryptocurrency-the-first-for-a-major-us-bank\" data-v-f87c67ca=\"\">JPM Coin<\/a>, is also built on Quorum and enables instant payment transfers between institutional accounts.&nbsp;<br data-v-f87c67ca=\"\">\n<br data-v-f87c67ca=\"\">\nThere are currently around 25 people working for Quorum and it remains unclear whether they will join <a href=\"https:\/\/www.theblockcrypto.com\/post\/53129\/nbas-sacramento-kings-partner-with-consensys-to-launch-sports-gear-auctions-on-ethereum\" data-v-f87c67ca=\"\">ConsenSys<\/a> after the merger, per the report.&nbsp;&nbsp;<br data-v-f87c67ca=\"\">\n<br data-v-f87c67ca=\"\">\nThe relationship between JPMorgan and <a href=\"https:\/\/www.theblockcrypto.com\/post\/238\/consensys-ethereums-hub\" data-v-f87c67ca=\"\">ConsenSys<\/a> isn\u2019t new. In 2016, both the companies supported <a href=\"https:\/\/www.theblockcrypto.com\/post\/11869\/j-p-morgan-is-using-ethereum-to-launch-a-digital-u-s-dollar-heres-what-it-means-for-blockchain\" data-v-f87c67ca=\"\">Project Ubin<\/a>, a collaborative industry project in which the Monetary Authority of Singapore, the country\u2019s central bank, and other institutional banks prototyped a real-time gross settlement solution using Quorum.","Today\u2019s news follows a <a href=\"https:\/\/www.theblockcrypto.com\/post\/54898\/ethereum-consensys-software-investment-200-million-raise-layoffs\" data-v-f87c67ca=\"\">major restructuring<\/a> that <a href=\"https:\/\/www.theblockcrypto.com\/post\/26724\/lex-sokolin-joins-consensys-as-global-head-of-fintech-expanding-london-team-and-hinting-at-payments-focus\" data-v-f87c67ca=\"\">ConsenSys<\/a> announced last week. The firm is dividing its software development and investment businesses, and as part of the move, it laid off 14% of its staff.","\u201CSeparating the core software business from investment activity means the shape and size of ConsenSys will change,\u201D the firm said at the time. With the changes in place, <a href=\"https:\/\/www.theblockcrypto.com\/post\/57672\/consensys-and-ey-announces-new-enterprise-targeted-protocol-in-collaboration-with-microsoft\" data-v-f87c67ca=\"\">ConsenSys<\/a> is eyeing a $200 million raise, a source told The Block at the time."],"hashtag":["JPMORGAN"]}