{"summary":"Bybit has announced the launch of the BTC Brawl competition with with registration open between November 18th and November 28th.\nThe competition commences November 28th, with a total prize pool of up to 100BTC depending on the number of participants.\nThe competition will follow a team format with the winning team chosen by calculating the total \u201CRealized Profit and Loss\u201D of each team\u2019s participants.\nBybit is a cryptocurrency derivatives trading platform servicing retail and professional derivatives traders across North America, Europe, Russia, Japan, South Korea and Southeast Asia.","author":["Sponsored","The Block"],"webName":"theblock.co","link":"https:\/\/www.theblock.co\/post\/46668\/bybit-launches-btc-brawl-competition","publishDate":"2019-11-18T00:00:21","id":3392,"type":null,"title":"Bybit launches \u2018BTC Brawl\u2019 competition","category":["Startups"],"content":["<span data-v-f87c67ca=\"\">Cryptocurrency derivatives exchange Bybit announced the launch of the <a href=\"https:\/\/www.bybit.com\/globalContest\/?contestId=4&amp;utm_source=BTCBrawl&amp;utm_medium=article&amp;utm_campaign=theblock\" data-v-f87c67ca=\"\">BTC Brawl competition<\/a>, which has been dubbed the \u201Cbiggest global team trading competition the world has ever seen!\u201D<\/span>","<span data-v-f87c67ca=\"\">The competition will see traders from all over the world pit themselves against each other to see who can come out as the top BTC brawler.&nbsp;<\/span>","<span data-v-f87c67ca=\"\">Bybit\u2019s recent achievement of surpassing $4 Billion USD in daily trading volume establishes it as one of the most prominent crypto derivatives exchanges in the world.&nbsp;&nbsp;&nbsp;&nbsp;<\/span>","<span data-v-f87c67ca=\"\">The competition will follow a team format, with registration opening on November 18th, 2019. Team leaders will aim to recruit the best traders for their respective teams.&nbsp;<\/span>","<span data-v-f87c67ca=\"\">The competition will begin on November 28th, with a prize pool of up to 100 BTC. The more participants, the more BTC will be up for grabs! For example: With 3,000 participants there will be a pool of 10 BTC. 7,000 participants will have a pool of 50 BTC, and 10,000 participants will have a pool of 100 BTC.<\/span>","<span data-v-f87c67ca=\"\">The winners will be chosen by calculating the total \u201CRealized Profit and Loss\u201D of each team\u2019s participants. Despite competing in teams, both the top ten performing teams and individuals overall will win prizes.&nbsp;<\/span>","<b data-v-f87c67ca=\"\">Competition info&nbsp;<\/b>","<span data-v-f87c67ca=\"\">There is a required minimum of 0.05 BTC per individual in order to compete. To qualify, traders must ensure that they have a minimum of 0.05BTC in their exchange wallet. We strongly encourage participants to ensure they have the minimum amount of funds in their accounts when the competition begins to avoid any potential negative returns in the competition.&nbsp;<\/span>","<span data-v-f87c67ca=\"\">As soon as you register, visit the event page and select the team you wish to join. Once you have joined a team you will be unable to switch.&nbsp;<\/span>","<span data-v-f87c67ca=\"\">Registration will be open between November 18th and November 28th, 2019 The competition will kick off on November 28th at 9 am (UTC), running up till 9 am (UTC) on December 13th, 2019.&nbsp;<\/span>","<b data-v-f87c67ca=\"\">Prize Pool &amp; Bonuses<\/b>","<span data-v-f87c67ca=\"\">The total prize pool of The BTC Brawl can reach up to 100BTC depending on the amount of competitors. As part of Bybit\u2019s commitment to giving back to society, 5% of the total prize pool (including team and individual awards) will be donated to charity.&nbsp;<\/span>","<span data-v-f87c67ca=\"\">Participants who successfully register during the stipulated registration period will receive a one-time participation bonus. Participants will receive a registration bonus of either $10, $30 or $50 depending on when they sign up.&nbsp;<\/span>","<b data-v-f87c67ca=\"\">About Bybit<\/b>","<span data-v-f87c67ca=\"\">Bybit is a cryptocurrency derivatives trading platform established in March 2018 and registered in the BVI. It is headquartered in Singapore and has offices in Hong Kong and Taiwan. Bybit has a global user base that spans North America, Europe, Russia, Japan, South Korea and Southeast Asia. Bybit services retail clients and professional derivatives traders alike. Their current trading pair offerings include: BTC\/USD, ETH\/USD, XRP\/USD and EOS\/USD perpetual contracts.<\/span>","<b data-v-f87c67ca=\"\">Find more about Bybit on the <a href=\"https:\/\/bybit.com\" data-v-f87c67ca=\"\">official website<\/a><\/b>","<span data-v-f87c67ca=\"\">Contact by email: <a href=\"\/cdn-cgi\/l\/email-protection\" class=\"__cf_email__\" data-cfemail=\"feb39f8c959b8a979099be9c879c978ad09d9193\">[email&nbsp;protected]<\/a><\/span>","<span data-v-f87c67ca=\"\">Connect on <a href=\"https:\/\/www.linkedin.com\/company\/bybit-fintech-limited\" data-v-f87c67ca=\"\">LinkedIn<\/a><\/span>","<span data-v-f87c67ca=\"\">Follow Bybit on <a href=\"https:\/\/www.linkedin.com\/company\/bybit-fintech-limited\" data-v-f87c67ca=\"\">Twitter<\/a><\/span>","&nbsp;"],"hashtag":[]}