{"summary":"The Biden administration has formally nominated its pick for the Office of the Comptroller of the Currency.\nSaule Omarova has been the administration\u2019s heir apparent for over a month. In that time, she has become the subject of a squall in the Senate, primarily focusing on her relationship to banks.\nHer existing public statements on crypto fall well into the party line that Democratic senators like Sherrod Brown and Elizabeth Warren have been promulgating recently, to the dismay of the crypto industry itself. ","author":["Kollen Post","The Block"],"webName":"theblock.co","link":"https:\/\/www.theblock.co\/post\/123154\/biden-formalizes-nominee-to-lead-the-us-national-bank-regulator-what-does-she-think-about-crypto","publishDate":"2021-11-03T13:00:21","id":3412,"type":null,"title":"Biden formalizes nominee to lead the US national bank regulator. What does she think about crypto?","category":["Regulation"],"content":["<span data-v-f87c67ca=\"\">On Nov. 2, the Biden administration formalized Saule Omarova, a professor at Cornell\u2019s Law School, as its nominee to lead the U.S. Office of the Comptroller of the Currency.<\/span>","<span data-v-f87c67ca=\"\">Omarova will still need to face confirmation, which will entail a series of hearings and a vote in a tightly locked Senate, none of which have been scheduled yet. While the administration announced its plan for the nomination in September, the formal process has now begun. Omarova's confirmation has, in the interval, become the epicenter of something of a political storm. <\/span>","<span data-v-f87c67ca=\"\">Republicans on the Senate Banking Committee have, in particular, been sounding the alarm as to tendencies they call \u201Canti-bank.\u201D <\/span><span data-v-f87c67ca=\"\">Sen. Pat Toomey, who leads the Senate Banking Committee\u2019s Republicans, has <\/span><a href=\"https:\/\/www.banking.senate.gov\/newsroom\/minority\/toomey-on-senate-floor-ive-never-seen-a-more-radical-regulatory-nominee-than-saule-omarova\" data-v-f87c67ca=\"\"><span data-v-f87c67ca=\"\">publicly called<\/span><\/a><span data-v-f87c67ca=\"\"> Omarova a radical candidate.&nbsp;<\/span>","<span data-v-f87c67ca=\"\">Omarova, who grew up in Kazakhstan and finished her undergrad at Moscow State University in 1989, shortly before the fall of the Soviet Union, authored a thesis titled \u201CKarl Marx\u2019s Economic Analysis and the Theory of Revolution in The Capital,\u201D which Toomey has called on Omarova to publicize. Elsewhere, Sen. Sherrod Brown, chairman of the Senate Banking Committee, came to Omarova\u2019s defense.&nbsp;<\/span>","<span data-v-f87c67ca=\"\">\u201CBefore today, I thought, red scare McCarthyism was rightly relegated to the dustbin of history,\u201D said Brown, in a statement. \u201CAny American citizen who fled communist repression \u2014 whether it be FDIC Chair Jelena McWilliams or OCC nominee Saule Omarova \u2014 should be lauded for their courage and conviction.\u201D&nbsp;<\/span>","<span data-v-f87c67ca=\"\">But Toomey is not alone in his concerns. The Wall Street Journal\u2019s editorial board <\/span><a href=\"https:\/\/www.wsj.com\/articles\/a-regulator-who-hates-banks-saule-omarova-socialist-central-bank-11635101487\" data-v-f87c67ca=\"\"><span data-v-f87c67ca=\"\">subsequently called<\/span><\/a><span data-v-f87c67ca=\"\"> Omarova \u201Ca banking regulator who hates banks.\u201D&nbsp;<\/span>","In a statement to The Block, a White House official said \"Saule Omarova is eminently qualified and was nominated for this role given her strong track record on regulation and strong academic credentials. The White House continues to strongly support this historic nomination.\"","<span data-v-f87c67ca=\"\">But what is the intersection between that role and crypto? Currently, under Acting Comptroller Michael Hsu, the OCC is the leading regulator of national banks. It took on a starring role within the crypto industry under the tenure of Brian Brooks, who pushed forward policies favorable to crypto\u2019s role within the banking system. Critics accused Brooks of unilaterally undermining bank oversight.&nbsp;<\/span>","<span data-v-f87c67ca=\"\">In many ways, it was Brooks who first got the crypto industry\u2019s attention on the OCC. Omarova\u2019s thoughts on crypto will, consequently, be critical, both for the OCC\u2019s independent ability to regulate the authorization of new national banking charters and for its roles in the President\u2019s Working Group and the Financial Stability Oversight Board, which will be <\/span><a href=\"https:\/\/www.theblockcrypto.com\/post\/122890\/us-treasury-releases-long-awaited-report-on-stablecoin-risk-features-request-for-new-laws\" data-v-f87c67ca=\"\"><span data-v-f87c67ca=\"\">determining the fate of stablecoins<\/span><\/a><span data-v-f87c67ca=\"\">.&nbsp;<\/span>","A spokesperson for Sen. Toomey wrote to The Block: \u201CProfessor Omarova has described cryptocurrencies as being \u2018effectively untethered from . . . any productive activity in the real economy\u2019 and \u2018benefitting mainly the dysfunctional financial system we already have.\u2019 This tells us everything we need to know about how she will seek to regulate digital assets if confirmed.\u201D","<span data-v-f87c67ca=\"\">In 2019 <a href=\"https:\/\/papers.ssrn.com\/sol3\/papers.cfm?abstract_id=3224393\" data-v-f87c67ca=\"\">research<\/a> she wrote for Cornell, Omarova sought to demonstrate: <\/span>","<span data-v-f87c67ca=\"\">While that was research published back in 2019 \u2014 and therefore conducted well before \u2014 it\u2019s a sentiment she <\/span><a href=\"https:\/\/twitter.com\/STOmarova\/status\/1390751410606723084\" data-v-f87c67ca=\"\"><span data-v-f87c67ca=\"\">re-upped<\/span><\/a><span data-v-f87c67ca=\"\"> on Twitter in May in response to Goldman Sachs\u2019 new cryptocurrency trading team. In June, she tweeted a line that <\/span><a href=\"https:\/\/www.theblockcrypto.com\/linked\/116692\/sen-elizabeth-warren-says-crypto-is-the-new-shadow-bank\" data-v-f87c67ca=\"\"><span data-v-f87c67ca=\"\">Senator Elizabeth Warren would later paraphrase<\/span><\/a><span data-v-f87c67ca=\"\">, writing: \u201CCrypto was bound to become new 'shadow banking.'\u201D<\/span>","","<span data-v-f87c67ca=\"\">In addition to suspicion towards crypto trading, Omarova\u2019s views on a central bank digital currency line up more closely with proposals for FedAccounts that appeared in early versions of last year's pandemic-era stimulus legislation. <\/span>","<span data-v-f87c67ca=\"\">Just weeks ago, Vanderbilt Law Review published work by Omarova called \u201C<\/span><a href=\"https:\/\/vanderbiltlawreview.org\/lawreview\/2021\/10\/the-peoples-ledger-how-to-democratize-money-and-finance-the-economy\/\" data-v-f87c67ca=\"\"><span data-v-f87c67ca=\"\">The People\u2019s Ledger<\/span><\/a><span data-v-f87c67ca=\"\">\u201D that pushes a vision of the Federal Reserve as a central public payment platform. It ruminates on the ability of CBDCs to disintermediate commercial banks \u2014 a prospect that obviously worries banks as well as those skeptical of the Fed\u2019s ability to manage such a system.<\/span>","<span data-v-f87c67ca=\"\">In that article, Omarova points to the rise in cryptocurrencies as well as Reddit-fueled trading of so-called meme stocks as examples of a \u201Cbroader quest for more equitable and inclusive <\/span><span data-v-f87c67ca=\"\">modes of finance.\u201D<\/span>","<span data-v-f87c67ca=\"\">Omarova\u2019s takeaway: \u201CUltimately, however, it takes a system to beat a system.\u201D<\/span>","The OCC declined to comment on this article. Staffers for Senator Brown declined to go on the record when reached.&nbsp;"],"hashtag":["OCC","TRADFI BANKS"]}