{"summary":"Facebook\u2019s Libra cryptocurrency plans are already facing regulatory concerns\nCentral banks and politicians around the world have called for oversight on the social network\u2019s crypto plans\nThe Block has compiled their reactions","author":["The Block","The Block"],"webName":"theblock.co","link":"https:\/\/www.theblock.co\/post\/28280\/global-regulators-and-politicians-react-to-facebooks-libra-cryptocurrency-initiative","publishDate":"2019-06-20T11:08:23","id":3465,"type":null,"title":"Global regulators and politicians react to Facebook\u2019s Libra cryptocurrency initiative","category":["Cryptocurrency"],"content":["<a href=\"https:\/\/www.theblockcrypto.com\/linked\/33939\/libra-crypto-may-never-launch-due-to-regulatory-scrutiny-warns-facebook\" data-v-f87c67ca=\"\">Facebook's<\/a> plans for its upcoming Libra cryptocurrency are already facing regulatory scrutiny as central banks and politicians around the world have called for oversight on the social network\u2019s crypto project. The Block has compiled their reactions:","<strong data-v-f87c67ca=\"\">France\u2019s finance minister Bruno Le Maire<\/strong> <a href=\"https:\/\/www.theblockcrypto.com\/tiny\/facebooks-cryptocurrency-libra-decried-by-french-finance-minister-saying-it-must-not-happen\/\" data-v-f87c67ca=\"\">said<\/a> that Libra \u201Ccan\u2019t and...must not happen\u201D and that \u201Cit is out of question\u2019\u2019 for the cryptocurrency to \u201Cbecome a sovereign currency.\u201D He has reportedly called on the Group of Seven (G7) central bank governors and guardians of the global monetary system to review the social media giant\u2019s upcoming cryptocurrency and submit a report next month.","<strong data-v-f87c67ca=\"\">Markus Ferber, a German member of the European Parliament,<\/strong> warned that <a href=\"https:\/\/www.theblockcrypto.com\/linked\/33736\/huawei-ceo-thinks-china-has-more-power-than-facebook-when-it-comes-to-issuing-cryptocurrencies\" data-v-f87c67ca=\"\">Facebook<\/a> could become a \u201Cshadow bank\u201D and said regulators should be vigilant.","<strong data-v-f87c67ca=\"\">U.S. Rep. Patrick McHenry, senior Republican on the House Financial Services Committee<\/strong>, first <a href=\"https:\/\/www.theblockcrypto.com\/tiny\/u-s-lawmakers-are-calling-for-facebook-to-halt-libra-development\/\" data-v-f87c67ca=\"\">asked<\/a> for a hearing on Project Libra in a letter to committee <strong data-v-f87c67ca=\"\">Chairwoman, U.S. Rep. Maxine Waters<\/strong>. Later, Waters, a Democrat, called for a halt to Facebook's development of its cryptocurrency.","\"Regulators should see this as a wake-up call to get serious about the privacy and national security concerns, cybersecurity risks, and trading risks that are posed by cryptocurrencies,\" Waters said, adding, \"Given the company's troubled past, I am requesting that Facebook agree to a moratorium on any movement forward on developing a cryptocurrency until Congress and regulators have the opportunity to examine these issues and take action.\"<br data-v-f87c67ca=\"\">\n<br data-v-f87c67ca=\"\">\n<strong data-v-f87c67ca=\"\">Ohio U.S. Senator Sherrod Brown, the top Democrat on the Senate Banking Committee,<\/strong> reportedly <a href=\"https:\/\/www.reuters.com\/article\/us-facebook-crypto-congress\/u-s-lawmaker-calls-for-hearing-into-facebooks-cryptocurrency-idUSKCN1TJ2SJ\" data-v-f87c67ca=\"\">said<\/a>: \u201CFacebook is already too big and too powerful, and it has used that power to exploit users\u2019 data without protecting their privacy. We cannot allow Facebook to run a risky new cryptocurrency out of a Swiss bank account without oversight.\"","<strong data-v-f87c67ca=\"\">U.S. Federal Reserve chairman Jerome Powell<\/strong> <a href=\"https:\/\/www.theblockcrypto.com\/tiny\/fed-chair-powell-says-central-bank-has-spoken-with-facebook-about-libra\/\" data-v-f87c67ca=\"\">said<\/a> that the central bank has spoken to <a href=\"https:\/\/www.theblockcrypto.com\/linked\/32651\/consumer-protection-groups-ask-libra-association-members-to-withdraw-from-facebook-crypto\" data-v-f87c67ca=\"\">Facebook<\/a> about Libra. \"Facebook has made rounds with regulators around the world to discuss its plans [Libra], including us. There are benefits...but also risks we're watching, and echo the statement [Bank of England] Governor Carney issued.\"","<strong data-v-f87c67ca=\"\">Bank of England governor Mark Carney<\/strong> <a href=\"https:\/\/www.theblockcrypto.com\/tiny\/bank-of-englands-mark-carney-sees-potential-in-libras-free-and-instant-payments-but-says-regulators-will-not-give-it-an-open-door\/\" data-v-f87c67ca=\"\">said<\/a> he is open-minded about Libra, but warned mass adoption would force it \"to be subject to the highest standards of regulation.\u201D He also said that Libra would not launch with an \u201Copen door\u201D from regulators.<br data-v-f87c67ca=\"\">\n<br data-v-f87c67ca=\"\">\n<strong data-v-f87c67ca=\"\">Australia\u2019s central bank chief Philip Lowe<\/strong> reportedly <a href=\"https:\/\/www.bloomberg.com\/news\/articles\/2019-06-20\/rba-s-lowe-isn-t-friending-facebook-s-cryptocurrency-just-yet\" data-v-f87c67ca=\"\">said<\/a>: \u201CThere\u2019s a lot of water under the bridge before <a href=\"https:\/\/www.theblockcrypto.com\/linked\/32714\/germanys-central-bank-chief-in-favor-of-facebooks-libra-crypto\" data-v-f87c67ca=\"\">Facebook\u2019s<\/a> proposal becomes something we\u2019re using all the time.\u201D He added: \u201CThere are a lot of regulatory issues that need to be addressed and they\u2019ve got to make sure there\u2019s a solid business case, so we\u2019ve got to be careful before we jump to conclusions.\u201D","<strong data-v-f87c67ca=\"\">Swiss Financial Market Supervisory Authority<\/strong> is also reportedly <a href=\"https:\/\/www.france24.com\/en\/20190620-swiss-watchdog-contact-with-facebook-cryptocurrency-backers\" data-v-f87c67ca=\"\"><span data-v-f87c67ca=\"\">in contact<\/span><\/a> with the \"initiators\" of <a href=\"https:\/\/www.theblockcrypto.com\/linked\/33179\/politico-facebook-enlists-legion-of-lobbyists-to-sell-washington-on-libra\" data-v-f87c67ca=\"\">Facebook's<\/a> crypto project, and is to determine \"whether the planned services require approval under Swiss supervisory law and, if so, which.\"","<a href=\"https:\/\/www.theblockcrypto.com\/linked\/33216\/visa-ceo-no-member-has-officially-joined-facebook-libra-project-yet\" data-v-f87c67ca=\"\">Facebook<\/a> officially <a href=\"https:\/\/www.theblockcrypto.com\/2019\/06\/18\/facebook-libra-cryptocurrency-calibra-launch\/\" data-v-f87c67ca=\"\"><span data-v-f87c67ca=\"\">unveiled<\/span><\/a> its cryptocurrency plans earlier this week, with an aim to serve the unbanked and facilitate low-fee money transfers globally. The cryptocurrency Libra is expected to go live next year.&nbsp;"],"hashtag":[]}