{"summary":"South Korean crypto exchange UPbit has been hacked, losing nearly $50 million worth of ether (ETH) cryptocurrency\nThe exchange said it will cover the losses via its assets \nIt will take \u201Cat least two weeks\u201D for deposit and withdrawal services to resume ","author":["Yogita Khatri","The Block"],"webName":"theblock.co","link":"https:\/\/www.theblock.co\/post\/48578\/south-korean-crypto-exchange-upbit-gets-hacked-loses-nearly-50m-worth-of-ether","publishDate":"2019-11-27T04:40:12","id":3469,"type":null,"title":"UPbit gets hacked; loses nearly $50M worth of ether","category":["Exchanges"],"content":["South Korean cryptocurrency exchange UPbit has been hacked, losing nearly $50 million worth of ether (ETH) cryptocurrency.","Announcing the news on Wednesday, UPbit <a href=\"https:\/\/upbit.com\/service_center\/notice?id=1085\" data-v-f87c67ca=\"\">said<\/a> 342,000 ETH (currently worth nearly $50 million) were transferred from its ethereum \u201Chot\u201D wallet to an unknown wallet, adding: \u201CUnknown <a href=\"https:\/\/etherscan.io\/address\/0xa09871AEadF4994Ca12f5c0b6056BBd1d343c029\" data-v-f87c67ca=\"\">wallet address<\/a> is 0xa09871AEadF4994Ca12f5c0b6056BBd1d343c029\u201D","As a result, UPbit has now transferred \u201Call\u201D cryptocurrencies from its hot wallet to a \u201Ccold\u201D wallet and said it will cover the losses via its assets.","Before releasing the hack details, UPbit suspended cryptocurrency deposits and withdrawals due to service checks. In the updated announcement, the exchange said it will take \u201Cat least two weeks\u201D for deposit and withdrawal services to resume. <br data-v-f87c67ca=\"\">\n<br data-v-f87c67ca=\"\">\nEarlier today, Whale Alert, a Twitter service that monitors blockchain transactions, <a href=\"https:\/\/twitter.com\/whale_alert\/status\/1199540095126257664\" data-v-f87c67ca=\"\">did mention<\/a>: \"342,000 #ETH (49,848,273 USD) transferred from #Upbit to unknown wallet.\"&nbsp;The massive withdrawal alerts did raise suspicions, with several people on social media calling it a hack.<br data-v-f87c67ca=\"\">\n<br data-v-f87c67ca=\"\">\nWhale Alert, in fact, <a href=\"https:\/\/twitter.com\/whale_alert?lang=en\" data-v-f87c67ca=\"\">noted<\/a> several withdrawals taking place via UPbit, involving other cryptocurrencies and tokens as well - Tron (TRX) and BitTorrent (BTT), among others. But the exchange said only ether holdings were affected.<br data-v-f87c67ca=\"\">\n<br data-v-f87c67ca=\"\">\nUPbit's hack marks this year\u2019s eighth breach, and the total amount stolen from cryptocurrency exchanges to date now stands at around $1.44 billion, according to The Block\u2019s research.<br data-v-f87c67ca=\"\">\n<br data-v-f87c67ca=\"\">\nEarlier this month, Vietnam-based little-known crypto exchange VinDAX<a href=\"https:\/\/www.theblockcrypto.com\/post\/46408\/little-known-asian-crypto-exchange-vindax-got-hacked-lost-half-a-million-usd-worth-of-tokens\" data-v-f87c67ca=\"\"> got hacked<\/a> and lost at least $500,000 worth of cryptocurrencies. In July, Japanese crypto exchange Bitpoint got <a href=\"https:\/\/www.theblockcrypto.com\/linked\/31043\/japanese-crypto-exchange-bitpoint-hacked-lost-32-million\" data-v-f87c67ca=\"\">breached<\/a>&nbsp;and lost about $32 million in cryptocurrencies, including XRP. A month prior to that, Singapore-based crypto exchange Bitrue<a href=\"https:\/\/www.theblockcrypto.com\/2019\/06\/27\/singaporean-crypto-exchange-bitrue-gets-hacked-loses-4-3-million-in-xrp-ada\/\" data-v-f87c67ca=\"\"> suffered<\/a> a hack, losing about $4.3 million in XRP and Cardano (ADA) tokens. Other exchanges include <a href=\"https:\/\/www.theblockresearch.com\/skeptics-lens-binance-suffered-the-sixth-largest-hack-in-history-but-it-will-take-less-than-2-months-to-earn-it-back-22478\" data-v-f87c67ca=\"\">Binance<\/a>,&nbsp;<a href=\"https:\/\/www.theblockcrypto.com\/linked\/17815\/bithumb-hacked-for-20-million-funds-already-sent-to-exchanges\" data-v-f87c67ca=\"\">Bithumb<\/a>,&nbsp;<a href=\"https:\/\/www.theblockcrypto.com\/linked\/17243\/dragonex-crypto-exchange-hacked\" data-v-f87c67ca=\"\">DragonEX<\/a>&nbsp;and&nbsp;<a href=\"https:\/\/www.theblockcrypto.com\/linked\/9462\/cryptopia-hacker-still-not-done-after-pulling-off-a-16m-heist\" data-v-f87c67ca=\"\">Cryptopia<\/a>.&nbsp;"],"hashtag":["HACKS"]}