{"summary":"The Blockchain Association commissioned a research report on human capital trends in the digital asset and blockchain space\n85% of professionals in the digital assets industry are employed by exchanges, development firms, or mining businesses\nHuobi is the largest employer, followed by Coinbase and OKEx\n67% of the largest employers are domiciled outside of the U.S.\nSingapore increased its market share and became the jurisdiction of choice for companies with utility tokens with nearly 40% of launches based there in 2019","author":["The Block","The Block"],"webName":"theblock.co","link":"https:\/\/www.theblock.co\/post\/53685\/research-report-employment-trends-in-the-digital-asset-industry-commissioned-by-the-blockchain-association","publishDate":"2020-01-23T10:22:47","id":3490,"type":null,"title":"Research report - employment trends in the digital asset industry commissioned by the Blockchain Association","category":["Startups"],"content":["The <a href=\"https:\/\/www.scribd.com\/document\/444039395\/Digital-Asset-Human-Capital-Trends-Report\" target=\"_blank\" rel=\"noopener noreferrer\" data-v-f87c67ca=\"\">Digital Asset Human Capital Trends Report<\/a> was commissioned by the Blockchain Association, an association of industry leaders advocating for the innovation and collaboration necessary to support American leadership of the digital assets industry. Read the <a href=\"https:\/\/www.scribd.com\/document\/444039569\/Digital-Asset-Human-Capital-Trends-Brief\" target=\"_blank\" rel=\"noopener noreferrer\" data-v-f87c67ca=\"\">brief here.<\/a> For the avoidance of doubt, the firms included in the sample were independent of the Blockchain Association\u2019s membership base.","<span data-v-f87c67ca=\"\">The digital asset industry grew from a nascent cluster of startups in 2016 to a high growth, professional space with 20,000 employees in 2019. <\/span>Research found that t<span data-v-f87c67ca=\"\">he growth has been concentrated, with 85% of professionals employed by exchanges, development firms, or mining firms.<\/span><span data-v-f87c67ca=\"\"><br data-v-f87c67ca=\"\">\n<\/span>","There are currently 48 firms with 100 or more employees. The largest employer is an Asian exchange, Huobi Global, followed by two other exchanges, OKEx and Coinbase. Nearly 46% of employers with more than 100 employees are digital asset exchanges.","","","<span data-v-f87c67ca=\"\">Source: The Block<\/span>","About 67% <span data-v-f87c67ca=\"\">of the largest employers are <\/span>domiciled outside of the U.S., while t<span data-v-f87c67ca=\"\">wo of the five largest employers are domiciled inside. Coinbase is the largest company by headcount in the U.S., followed by ConsenSys, the Ethereum venture studio and development firm.<\/span>","Singapore established itself amongst the go-to jurisdictions for companies with utility tokens in 2019. Nearly 40% of projects that launched a token sale in 2019 were based in Singapore. <span data-v-f87c67ca=\"\">This could be a result of Singapore being known for its business-friendly practices as well as its progressive government. The 37 companies that launched tokens raised more than $160 million from investors, of which many were retail.<\/span>","","","<span data-v-f87c67ca=\"\">Source: The Block<\/span>","<span data-v-f87c67ca=\"\">According to The Block\u2019s survey findings, a majority of firms believe that regulatory uncertainty constrains their ability to operate in the U.S. Singapore stands to gain additional market share and become a top hub for industry employment, investment, and corresponding revenue if the trend continues.<\/span>","The survey shows that 91% of firms believe unclear regulations and guidelines in the U.S. regarding the operation of digital asset and blockchain businesses are barriers to entry. About 43% of the firms said that regulatory uncertainty impose burdensome legal costs to their operations and 91% of respondents want regulatory clarity from U.S. policymakers.","The full report can be <a href=\"https:\/\/www.scribd.com\/document\/444039395\/Digital-Asset-Human-Capital-Trends-Report\" target=\"_blank\" rel=\"noopener noreferrer\" data-v-f87c67ca=\"\">viewed and download here<\/a> and the brief <a href=\"https:\/\/www.scribd.com\/document\/444039569\/Digital-Asset-Human-Capital-Trends-Brief\" target=\"_blank\" rel=\"noopener noreferrer\" data-v-f87c67ca=\"\">here<\/a>."],"hashtag":[]}