{"summary":"Tax provisions for the budget bill have left the committee responsible for them.\nThe new provisions will apply some limits on tax-loss harvesting familiar to traditional assets to digital assets.\nThese provisions are unlikely to change in the House given the compressed timelines to which the Democratic majority has committed. ","author":["Kollen Post","The Block"],"webName":"theblock.co","link":"https:\/\/www.theblock.co\/post\/117800\/house-committee-approves-crypto-tax-provisions-as-budget-reconciliation-package-advances","publishDate":"2021-09-15T17:41:56","id":3536,"type":null,"title":"House committee approves crypto tax provisions as budget reconciliation package advances","category":["Legal"],"content":["The tax section of the $3.5 trillion \"Build Back Better\" reconciliation package has left the House of Representatives committee responsible for ensuring revenue, with new rules for cryptocurrency attached.&nbsp;","Wednesday afternoon, the Ways and Means Committee voted to transmit its <a href=\"https:\/\/waysandmeans.house.gov\/legislation\/markups\/markup-build-back-better-act\" data-v-f87c67ca=\"\">draft<\/a> to the Budget Committee. The vote was 24-19, with Democratic Representative Stephanie Murphy being the sole member to break party ranks.&nbsp;","The House Ways and Means Committee is responsible for legislation that touches on taxation. It is, consequently, an extremely powerful sub-group of Congress. Given Democrats' determination to push the budget bill through intact, the current language is unlikely to change without serious upheaval in the Senate.","Before transmitting the broader provisions to the Budget Committee, the Ways and Means Committee voted to approve an <a href=\"https:\/\/waysandmeans.house.gov\/sites\/democrats.waysandmeans.house.gov\/files\/documents\/NEAL_032_xml.pdf\" data-v-f87c67ca=\"\">amendment including a new subsection<\/a> that adds digital assets to rules on wash sales and so-called constructive trades.","As&nbsp;<a href=\"https:\/\/www.theblockcrypto.com\/linked\/117512\/house-democrats-eye-wash-sale-rule-for-cryptocurrencies-as-part-of-trillion-dollar-spending-plan-report\" data-v-f87c67ca=\"\">The Block reported earlier<\/a> this week, Democrats on the committee floated the new rules as means of reducing tax-loss harvesting among crypto trades \u2014 part of the overall effort to expand revenue to fund the provisions of the broader agenda.&nbsp;","\"If this version of the bill were to pass, crypto holders will have to wait 30 days before (and after) buying the same coin he\/she sold at a loss. If you buy the same coin without waiting for 30 days, the IRS would not allow you to deduct the loss as a capital loss in the tax year. That said, note that the taxpayer will not completely lose the tax benefit of the loss. It will be deferred. The loss would be added to the basis of the coin. So, when you later dispose of the coin, it will result in lower capital gains,\" Cointracker's Shehan Chandrasekera told The Block in an email.","The component parts of the \"Build Back Better\" budget bill have been shifting between Democrats of the House and Senate for weeks, ever since the <a href=\"https:\/\/www.theblockcrypto.com\/linked\/115578\/to-pass-budget-house-speaker-pelosi-commits-to-finalizing-infrastructure-bill-by-sept-27\" data-v-f87c67ca=\"\">House approved a framework<\/a> for the budget at the end of August. Coordination between the House and Senate is critical, as Democrats are trying to tie this legislation to the infrastructure bill, which has more bipartisan support.&nbsp;","Republicans of the Ways and Means Committee submitted an extended list of amendments on Wednesday, most of which lost votes along strict party lines of 25-18.","Indeed, Republicans on the committee lamented not being able to see the language of the bill until recently, with one staffer commenting on the extended amendment process: \"Don't blame us, this is the first time we're getting to work on this bill.\"","Elsewhere, Democratic Senator Joe Manchin <a href=\"https:\/\/apnews.com\/article\/joe-biden-business-kamala-harris-bills-joe-manchin-4db2dd036fb62400dde2b7131dda4f8b\" data-v-f87c67ca=\"\">has come out against<\/a> the scope of the Build Back Better Agenda, threatening the narrow majority that the party holds in the Senate. Speaking to reporters after Wednesday's mark-up, Ways and Means Chairman Richard Neal noted the importance of working with the Senate Finance Committee, whose remit will include the provisions approved today. Neal said that he has \"talked to Senator Wyden as much as anyone can,\" referring to the chair of that committee.&nbsp;","The budget is due by October, though Congress has stalled that process in the past.&nbsp;","<i data-stringify-type=\"italic\" data-v-f87c67ca=\"\">For more breaking stories like this, make sure to subscribe to The Block on&nbsp;<\/i><i data-stringify-type=\"italic\" data-v-f87c67ca=\"\"><a class=\"c-link\" href=\"https:\/\/t.me\/the_block_crypto\" target=\"_blank\" rel=\"noopener noreferrer\" data-sk=\"tooltip_parent\" data-v-f87c67ca=\"\">Telegram<\/a><\/i><i data-stringify-type=\"italic\" data-v-f87c67ca=\"\">.<\/i>"],"hashtag":["CONGRESS"]}