{"summary":"Binance has acquired Beijing-based blockchain data startup DappReview \nThe acquisition is aimed at helping Binance further develop its existing dapps and create new blockchain use cases\nThis is Binance\u2019s fourth publicly announced acquisition; DappReview will continue to operate as an independent unit after the acquisition ","author":["Yogita Khatri","The Block"],"webName":"theblock.co","link":"https:\/\/www.theblock.co\/post\/49010\/binance-acquires-chinese-blockchain-data-startup-dappreview-for-undisclosed-sum","publishDate":"2019-12-03T01:45:19","id":3577,"type":null,"title":"Binance acquires Chinese blockchain data startup DappReview for undisclosed sum","category":["Exchanges"],"content":["Cryptocurrency exchange Binance has acquired Beijing-based blockchain data startup DappReview, which tracks nearly 4,000 decentralized applications (dapps) built on over 10 public blockchains, including Ethereum and Tron.","The two firms did not disclose the price of the acquisition, according to an <a href=\"https:\/\/www.binance.com\/en\/blog\/408465322496008192\/Binance-Acquires-Leading-Decentralized-Application-Platform-DappReview-to-Further-Blockchain-Adoption\" data-v-f87c67ca=\"\">announcement<\/a> Tuesday. Viktor Radchenko, founder of Binance's Trust Wallet, <a href=\"https:\/\/www.coindesk.com\/binance-acquires-beijing-based-blockchain-data-startup-dappreview?utm_source=twitter&amp;utm_medium=coindesk&amp;utm_term=&amp;utm_content=&amp;utm_campaign=Organic%20\" data-v-f87c67ca=\"\">told<\/a> CoinDesk that the acquisition will help the exchange further develop its existing dapps and create new blockchain use cases.","\"In the near future, Trust Wallet will integrate DappReview APIs [application programming interfaces] to provide easy access to explore new dapps and crypto games, as well as more insight into DeFi [decentralized finance] services, analytics and usage,\" said Radchenko.","The acquisition means Binance will now have a wholly-owned unit based in China. The exchange recently <a href=\"https:\/\/www.theblockcrypto.com\/post\/47922\/binances-shanghai-office-shut-down-following-police-raid-sources-say\" data-v-f87c67ca=\"\">denied<\/a> having offices in Shanghai, as well as declined rumors that a Beijing office was upcoming.&nbsp;<br data-v-f87c67ca=\"\">\n<br data-v-f87c67ca=\"\">\n<strong data-v-f87c67ca=\"\">Blockchain adoption&nbsp;<\/strong><br data-v-f87c67ca=\"\">\n<br data-v-f87c67ca=\"\">\nFounded last year, DappReview is a well-funded startup, having <a href=\"https:\/\/mp.weixin.qq.com\/s\/ux-ufWJnSXXrH57zv5u0FA\" data-v-f87c67ca=\"\">raised<\/a> \u201Cmillions of yuan\u201D in a Series A round in June. \"Next step, DappReview will expand its footprint on the global market, on which Binance will provide all needed support in terms of marketing and branding,\" Niu told CoinDesk.","The acquisition took \u201Cabout 2 to 3 months to finalize,\" Niu <a href=\"https:\/\/www.theblockbeats.com\/news\/6235\" data-v-f87c67ca=\"\">told<\/a> Chinese news outlet Block Beats, adding that DappReview will continue to operate as an independent brand. \"After the completion of the acquisition, DappReview's original business will continue to be cultivated, and the entire management team will remain unchanged,\u201D he said.","Overall, DappReview plans to boost blockchain adoption with the acquisition. \u201CThe DApp penetration rate of currency holders is only about 2%... Expansion is not easy. The addition of Binance can expose DApps to more users holding coins, helping these users to become DApp users,\u201D Niu told Block Beats. The firm is also expected to release a new suite of products in Q1 of 2020.&nbsp;<br data-v-f87c67ca=\"\">\n<br data-v-f87c67ca=\"\">\nBinance appears to be on an acquisition-spree. Just last month, Binance <a href=\"https:\/\/www.theblockcrypto.com\/post\/47852\/binance-acquires-indian-crypto-exchange-wazirx-to-serve-over-1-billion-people-of-the-country\" data-v-f87c67ca=\"\">acquired<\/a> Indian cryptocurrency exchange WazirX, reportedly in a $5-$10 million price range. In September, it <a href=\"https:\/\/www.theblockcrypto.com\/post\/38204\/binance-acquires-cryptocurrency-trading-platform\" data-v-f87c67ca=\"\">bought out<\/a> little-known Seychelles-based derivatives platform JEX and rebranded it to Binance JEX to offer cryptocurrency futures, options, and perpetual contracts. Last year in July, Binance also <a href=\"https:\/\/techcrunch.com\/2018\/07\/31\/crypto-exchange-binance-buys-trust-wallet-in-first-acquisition-deal\/\" data-v-f87c67ca=\"\">snapped up<\/a> U.S.-based mobile wallet company Trust Wallet as its first acquisition ever.&nbsp;<br data-v-f87c67ca=\"\">\n<br data-v-f87c67ca=\"\">\n<strong data-v-f87c67ca=\"\">Industry consolidation&nbsp;<br data-v-f87c67ca=\"\">\n<br data-v-f87c67ca=\"\">\n<\/strong>Mergers and acquisitions (M&amp;A) activity in the cryptocurrency and blockchain sector may be reaching an inflection point, The Block's research analyst Ryan Todd <a href=\"https:\/\/www.theblockcrypto.com\/daily\/47313\/research-insight-crypto-ma-might-seem-quiet-but-it-may-be-reaching-an-inflection-point?utm_source=newsletter&amp;utm_medium=email&amp;utm_campaign=2019-11-15\" data-v-f87c67ca=\"\">wrote<\/a>&nbsp;in a note last month. Both the number of deals and dollars spent is up ~50% in 2019 vs. 2017 levels.&nbsp;<br data-v-f87c67ca=\"\">\n<br data-v-f87c67ca=\"\">\nLast year was an outlier year though, with the top 10 largest M&amp;A deals seeing an estimated $1.2 billion worth of activity, led by: Poloneix ($400 million), Bitstamp ($400 million) Earn.com ($120 million), and CryptoGlobal ($80.7 million). So far this year has only seen ~$300 million worth as the bear market impacted the mining business particularly hard, which was one of the larger beneficiaries of crypto M&amp;A last year. \"Assuming the <a href=\"https:\/\/www.theblockcrypto.com\/daily\/47289\/tagomi-and-coinbase-have-held-acquisition-talks-and-insiders-say-its-a-perfect-match?utm_source=newsletter&amp;utm_medium=email&amp;utm_campaign=2019-11-15\" data-v-f87c67ca=\"\">Coinbase\/Tagomi deal<\/a> ends up going through, we can't help but wonder if 2020 is setting up for increased M&amp;A action as custody and exchange providers look to consolidate and aggregate deposits\/flow,\" wrote Todd.&nbsp;<strong data-v-f87c67ca=\"\"><br data-v-f87c67ca=\"\">\n<\/strong>"],"hashtag":["BINANCE"]}