{"summary":"100x Group, the holding company of BitMEX, has invested in Cadenza Capital Management, a fund focused on digital finance\nCadenza is run by the same people who used to run 100x Ventures, the company\u2019s venture wing","author":["Ryan Weeks","The Block"],"webName":"theblock.co","link":"https:\/\/www.theblock.co\/post\/93787\/bitmex-backs-new-investment-fund-cadenza","publishDate":"2021-02-04T13:06:58","id":3613,"type":null,"title":"BitMEX&#x27;s holding company backs new investment fund Cadenza","category":["Exchanges"],"content":["100x Group, the holding company connected to derivatives exchange <a href=\"https:\/\/www.theblockcrypto.com\/linked\/26826\/bitmex-says-unauthorized-attempts-to-access-user-accounts-on-the-rise-mandates-email-withdrawal-verifications\" data-v-f87c67ca=\"\">BitMEX<\/a>, has backed a new investment fund named Cadenza Capital Management.","The fund is run by managing partners Kumar Dandapani and Max Shapiro, who used to manage <a href=\"https:\/\/www.theblockcrypto.com\/daily\/2727\/bitmex-joins-its-rivals-in-launching-its-own-vc-arm\" data-v-f87c67ca=\"\">BitMEX\u2019s venture capital arm 100x Ventures<\/a>. Dandapani was head of ventures at 100x Group from 2018 until 2020, while Shapiro served as an investment manager for the same period.&nbsp;","A 100x Group spokesperson told The Block its own venture arm remains active despite the departures of Dandapani and Shapiro, who appear to have taken up roles at Cadenza at the start of this year.&nbsp;","\u201C100x Group continues to actively pursue strategic investments and acquisitions within the crypto ecosystem. The group is also an investor in funds, including Cadenza Capital Management,\u201D said 100x's spokesperson.","While Cadenza is separate to the 100x, its management team continues to provide support to the group, according to a person familiar with the matter.","In October, the U.S. Department of Justice and the Commodity Futures Trading Commission&nbsp;<a href=\"https:\/\/www.theblockcrypto.com\/linked\/79483\/cftc-bitmex-charges-lawsuit\" data-v-f87c67ca=\"\">filed charges<\/a>&nbsp;against <a href=\"https:\/\/www.theblockcrypto.com\/linked\/29834\/bitmex-to-launch-bitcoin-zero-coupon-bond-in-the-next-few-weeks\" data-v-f87c67ca=\"\">BitMEX<\/a> \u2013 which 100x describes as its \u201Ccornerstone\u201D \u2013 and its owner-operators, including chief executive Arthur Hayes.&nbsp;","<a href=\"https:\/\/www.theblockcrypto.com\/linked\/29590\/bitmex-has-clocked-in-1-trillion-in-volumes-over-the-last-year\" data-v-f87c67ca=\"\">BitMEX\u2019s<\/a> founders were accused of operating an unregistered trading platform, as well as of violating anti-money laundering and know-your-customer rules. Later in October, a 100x spokesperson <a href=\"https:\/\/www.theblockcrypto.com\/linked\/79504\/bitmex-operator-to-fight-charges\" data-v-f87c67ca=\"\">called the DoJ\u2019s charges heavy-handed<\/a> and vowed to fight them.","A <a href=\"https:\/\/www.linkedin.com\/company\/cadenza-vc\/\" data-v-f87c67ca=\"\">LinkedIn profile<\/a> for Cadenza Capital Management describes it as a San Francisco-based investment firm with a focus on digital finance. Crypto lending business BlockFi and Bahrain-based crypto exchange Rain are listed among its noteworthy investments.","According to their own LinkedIn profiles, both Dandapani and Shapiro took up their posts at Cadenza in 2021, suggesting its formation is recent. The Block contacted both Dandapani and Shapiro by LinkedIn but did not receive responses by the time of publication.","On February 3, crypto security startup Casa announced that Cadenza Ventures had <a href=\"https:\/\/www.theblockcrypto.com\/linked\/93597\/bitcoin-casa-4m-seed-round\" data-v-f87c67ca=\"\">contributed to its $4m seed round<\/a>.","<em data-v-f87c67ca=\"\"><strong data-v-f87c67ca=\"\">Correction:&nbsp;<\/strong>This report has been updated to reflect that Casa recently closed a seed round, not a Series A round.<\/em>"],"hashtag":["BITMEX"]}