{"summary":"Digital Assets Data has raised another $3.2 million in an equity funding round to scale its institutional-focused crypto data platform\nThe round brings the firm\u2019s total funding to $9.2 million","author":["Yogita Khatri","The Block"],"webName":"theblock.co","link":"https:\/\/www.theblock.co\/post\/33392\/with-3-2-million-in-new-funding-digital-assets-data-looks-to-expand-its-institutional-platform","publishDate":"2019-07-25T09:00:06","id":3629,"type":null,"title":"With $3.2M in new funding, Digital Assets Data looks to expand its institutional platform","category":["Investments"],"content":["Digital Assets Data - the startup that aims to be the Bloomberg and Github of cryptocurrency data - has raised another $3.2 million in equity funding, according to an announcement on Thursday.","The investment is led by tech-focused venture capital firm North Island, Silver Lake co-founder Glenn Hutchins and his son James Hutchins, with participation from previous investors Morgan Creek Digital, Digital Currency Group and Vestigo Ventures, among others.","Mike Alfred, co-founder and CEO of Digital Assets Data, told The Block that the funding will be utilized for hiring \u201Ca larger team\u201D of engineers and data scientists to further build its cryptocurrency data platform. The startup currently employs 25 people, and over 90% of its staff holds technical roles across engineering and data science, Alfred said.","\u201CData is the heart of any investment process and without an institutional-quality data platform, it is very difficult to allocate significant resources to any asset class,\u201D said investor James Hutchins, who previously worked as head of research at tech sector-focused hedge fund Coatue Management.","Digital Assets Data\u2019s platform, launched earlier this year after raising <a href=\"https:\/\/www.theblockcrypto.com\/2019\/04\/30\/digital-assets-data-raises-6-million-to-be-the-bloomberg-and-github-of-cryptocurrency-data\/\" data-v-f87c67ca=\"\">$6 million<\/a> in seed funding, provides access to analytical tools for cryptocurrency data. It collects large quantities of on-chain, market, and reference data related to cryptocurrencies and hosts them in a development environment, meaning customers can also code various analytical tools on it to tailor it to their specific needs.","The platform mainly serves to hedge funds, banks and venture capital firms, among others. \u201CWe are fast approaching 20 enterprise customers,\u201D Alfred said. He did not comment on the startup\u2019s valuation with the latest round, except that the business has grown \u201Csignificantly\u201D since launching the platform.","At the time of the seed funding round, Alfred told The Block that the vision of Digital Assets Data is to be \u201Cthe primary place\u201D for crypto businesses and that to achieve that vision, the firm would need \u201Ctens of millions of dollars more in the short term.\u201D","He now told us that Digital Assets Data will \u201Calmost certainly raise another equity round next year,\u201D to continue scaling its business and bring new customers.","<em data-v-f87c67ca=\"\">Disclosure: Digital Assets Data is an investor in The Block.<\/em>"],"hashtag":[]}