{"summary":"Kraken has acquired an Australian crypto exchange\nThe purchase of Bit Trade brings Kraken\u2019s total number of public acquisitions to 5 for 2019 and 2020 ","author":["Frank Chaparro","The Block"],"webName":"theblock.co","link":"https:\/\/www.theblock.co\/post\/52949\/kraken-acquires-australian-cryptocurrency-exchange","publishDate":"2020-01-14T12:18:04","id":3652,"type":null,"title":"Kraken acquires Australian cryptocurrency exchange","category":["Asia"],"content":["San Francisco-based cryptocurrency exchange <a href=\"https:\/\/www.theblockcrypto.com\/linked\/14560\/crypto-facilities-trading-volume-is-up-500-since-kraken-acquired-it\" data-v-f87c67ca=\"\">Kraken<\/a> is expanding into Australia via the acquisition of a domestic crypto exchange, the firm confirmed to The Block.&nbsp;","The exchange announced Tuesday that it acquired Australia-based Bit Trade, one of the longest-running crypto companies in the country. The deal follows Kraken's acquisition of Circle Trade, which closed at the end of 2019.&nbsp;","Together, the two acquisitions will allow <a href=\"https:\/\/www.theblockcrypto.com\/linked\/14887\/kraken-expands-leadership-team-with-5-new-hires\" data-v-f87c67ca=\"\">Kraken<\/a> to expand its presence into the Asia-Pacific regions of the crypto world.","Bit Trade operates a so-called multi-exchange aggregator, which combines liquidity from several exchanges into one interface.&nbsp;","","","As such, the deal will enable <a href=\"https:\/\/www.theblockcrypto.com\/linked\/17340\/kraken-makes-2fa-obligatory-forms-kraken-security-labs\" data-v-f87c67ca=\"\">Kraken<\/a> to offer its customers a more robust trading experience, enabling them to route orders to various pools of liquidity, according to Kraken.&nbsp;&nbsp;","Coinbase <a href=\"https:\/\/www.theblockcrypto.com\/daily\/47289\/tagomi-and-coinbase-have-held-acquisition-talks-and-insiders-say-its-a-perfect-match\" data-v-f87c67ca=\"\">held acquisition talks<\/a> with Tagomi, a prime brokerage firm, in what would have been a similar deal, as The Block first reported.&nbsp;","The Bit Trade deal brings Kraken's total number of public acquisitions to five for 2019 and 2020. Last year, in a \"nine-figure deal,\" <a href=\"https:\/\/www.theblockcrypto.com\/linked\/24726\/over-a-quarter-of-kraken-employees-get-paid-in-bitcoin\" data-v-f87c67ca=\"\">Kraken<\/a> acquired <a href=\"https:\/\/www.reuters.com\/article\/us-kraken-cryptofacilities\/u-s-crypto-exchange-kraken-buys-index-provider-crypto-facilities-idUSKCN1PT1P3\" data-v-f87c67ca=\"\">Crypto Facilities<\/a>, which it rebranded as <a href=\"https:\/\/www.theblockcrypto.com\/linked\/90227\/kraken-billion-staking-crypto-customers\" data-v-f87c67ca=\"\">Kraken<\/a> Futures. In total, the firm has publicized 10 acquisitions since its founding.","<em data-v-f87c67ca=\"\">Following are Kraken's deals from 2019 and 2020:<\/em>","","","As part of the Bit Trade acquisition, <a href=\"https:\/\/www.theblockcrypto.com\/linked\/24037\/kraken-is-offering-itself-to-customers-in-chunks-as-small-as-1000-for-its-fundraising-round\" data-v-f87c67ca=\"\">Kraken<\/a> is bringing on Jonathon Miller as a managing director for <a href=\"https:\/\/www.theblockcrypto.com\/linked\/23779\/kraken-opposes-canadian-regulators-proposed-changes-to-crypto-asset-laws\" data-v-f87c67ca=\"\">Kraken<\/a> in Australia.&nbsp;","Kraken sees $126 million trade on its venue during a <a href=\"https:\/\/www.bitcointradevolume.com\/\" data-v-f87c67ca=\"\">24-hour period<\/a>.&nbsp;","<i data-v-f87c67ca=\"\"><strong data-v-f87c67ca=\"\">Editor's note<\/strong>: This post has been updated to reflect that Kraken made 10 of its acquisitions public, not 5. &nbsp;<\/i>"],"hashtag":[]}