{"summary":"The Financial Action Task Force has released new guidance laying out standards to combat money laundering and terrorism\nA piece of the proposed guidance that drew concern, the \u201Ctravel rule,\u201D remains in the final version","author":["Aislinn Keely","The Block"],"webName":"theblock.co","link":"https:\/\/www.theblock.co\/post\/28521\/fatf-retains-travel-rule-in-new-guidance-compelling-exchanges-to-share-customer-data","publishDate":"2019-06-21T13:33:24","id":3721,"type":null,"title":"FATF retains &#x27;travel rule&#x27; in new guidance, compelling exchanges to share customer data","category":["Regulation"],"content":["<span data-v-f87c67ca=\"\">The Financial Action Task Force (FATF) has released its latest standards combating money laundering and terrorism, and it includes the much-debated \u201Ctravel rule,\u201D requiring exchanges to collect and transfer customer information during transactions.<\/span>","<span data-v-f87c67ca=\"\">In its February proposal, FATF said virtual asset providers (VASPs) may be required to obtain, hold and transmit both originator and beneficiary information. Now, the finalized guidance requires exchanges to gather and transfer originator name, originator account number (the VA wallet), originator\u2019s location information, beneficiary name and beneficiary account number (their VA wallet).<\/span>","<span data-v-f87c67ca=\"\">Ahead of the guidance, exchange leaders discussed the feasibility of these requirements, with groups like Chainalysis and Global Digital Finance sending letters with feedback. Adhering to these guidelines globally would require unprecedented collaboration and could be costly to implement, <a href=\"https:\/\/www.theblockcrypto.com\/2019\/06\/12\/fatfs-proposed-travel-rule-could-force-unprecedented-collaboration-among-exchanges\/\" data-v-f87c67ca=\"\">according to leaders<\/a> at Circle, Coinbase and Chainalysis.<\/span>","<span data-v-f87c67ca=\"\">Michael Harris, Director Financial Crime Compliance and Reputational Risk at LexisNexis Risk Solutions, said even with the finalized guidance, questions remain.<\/span>","<span data-v-f87c67ca=\"\">\u201CWith all regulation, the devil will be in the detail, and whilst the guidance being published is very much welcomed, there are many unresolved issues,\u201D Harris said. \u201CBy its very nature, blockchain technology makes it difficult to identify the parties involved in payments made via these platforms, and it\u2019s this lack of transparency which is in direct conflict with the successful monitoring of illicit activity.\u201D <\/span>","<span data-v-f87c67ca=\"\">While the guidance isn\u2019t binding, it could have widespread influence since nations that don\u2019t comply could isolate themselves from their peers; the G20 nations already affirming their intention to hold to FATF guidelines.<\/span>"],"hashtag":[]}