{"summary":"Blockholding attacks have been long discussed where someone (often from a competing pool) joins a mining pool that pays out based on the average hashrate of the pool but withholds valid blocks, so the pool misses out on earnings and potentially becomes unprofitable\nF2pool a mining pool, recently mentioned that this sort of attack is actually happening quite often\nIncreasing decentralization at the mining pool level, like implementing Matt Corralo\u2019s BetterHash can go a long way for Bitcoin ","author":["Eric Meltzer","The Block"],"webName":"theblock.co","link":"https:\/\/www.theblock.co\/post\/28564\/proof-of-work-improving-upon-bitcoins-mining-pools-can-go-a-long-way-for-decentralization","publishDate":"2019-06-23T12:00:59","id":3737,"type":null,"title":"Proof of Work: Improving upon Bitcoin&#x27;s mining pools can go a long way for decentralization","category":["Bitcoin"],"content":[],"hashtag":[]}