{"summary":"JPMorgan has filed a patent application that describes a distributed ledger-based version of floorplan financing to improve efficiency in the lending process\nThe proposed project plans to register every car onto a blockchain registry so that all lenders, dealers, and automakers can access important real-time information such as GPS location\nBlockchain can be a \u201Cdisruptive force\u201D in the automotive industry within the next three years, an IBM report shows","author":["Yilun Cheng","The Block"],"webName":"theblock.co","link":"https:\/\/www.theblock.co\/post\/48199\/jpmorgan-to-finance-a-ledger-based-inventory-system-to-remove-information-asymmetry-in-the-automobile-industry","publishDate":"2019-11-22T18:32:09","id":375,"type":null,"title":"JPMorgan to finance a ledger-based inventory system to remove information asymmetry in the automobile industry","category":["Layer 1s"],"content":["JPMorgan's auto financing arm revealed its plan to finance the creation of a blockchain-based automobile inventory system to digitize floor plan financing and bring efficiency to the commercial lending process. The project came out of the company\u2019s <a href=\"http:\/\/appft1.uspto.gov\/netacgi\/nph-Parser?Sect1=PTO1&amp;Sect2=HITOFF&amp;d=PG01&amp;p=1&amp;u=\/netahtml\/PTO\/srchnum.html&amp;r=1&amp;f=G&amp;l=50&amp;s1=20190347605.PGNR.&amp;OS=DN\/20190347605&amp;RS=DN\/20190347605\" data-v-f87c67ca=\"\">patent-pending<\/a> distributed ledger-based floorplanning methods.","Floor plan financing is commonly used by car dealerships to purchase inventory, and the unethical practice of misreporting sales to the bank has been a major challenge plaguing the automotive supply chain. Currently, an auditor has to physically travel through a dealer\u2019s lot to gather information on vehicles and make sure that the inventory being financed is actually there. It is a capital-intensive and time-consuming business, and Chase\u2019s new DLT application tries to offer a more efficient alternative.","In the U.S., every car is assigned a vehicle identification number (VIN) that stays with the car from release to scrapping. JPMorgan sees an opportunity to combine the use of VIN with smart contracts and anchor it to a blockchain, which would allow for real-time identification of the state of the vehicle including its geolocation, age, and battery life.&nbsp;","\u201CThere is the ability to register this unique identifier onto a shared blockchain registry shared by auto manufacturers, finance banks and companies, and dealerships to enable easier tracking and association with floor plan contracts and key attributes related to collateral audit like GPS location,\u201D JPMorgan told The Block.","The proposed DLT also aims to prevent double flooring, which is when a dealership pledges one vehicle as collateral for floor plan contracts to more than one bank.&nbsp;","JPMorgan has completed a pilot project using the patent-pending technology and is confident about the overall prospect of the project, according to Christine Moy, JPMorgan\u2019s blockchain lead.","The bank plans to finance 100% of the inventory system, but it also needs a number of counterparts\u2014lenders, dealers, and automakers\u2014to agree on having a ledger within their environment. The bank is currently having conversations with automobile manufacturers, she said, to negotiate making this technology a built-in capacity for all new vehicles.","JPMorgan identifies \u201Ca broad interest in the ecosystem in testing the use of blockchain to track auto or equipment parts as part of supply chain tracking and finance.\u201D Indeed, a&nbsp;report by <a href=\"https:\/\/www.ibm.com\/downloads\/cas\/WN5RKW2D\" data-v-f87c67ca=\"\">IBM<\/a> shows that 62% of its surveyed automotive executives claim that blockchain will be a \u201Cdisruptive force\u201D in the automotive industry within three years. But the industry is still in an early stage of developing blockchain networks, the report says, and most suppliers and manufacturers are only considering or experimenting with the technology. &nbsp;"],"hashtag":["JPMORGAN"]}