{"summary":"The International Olympic Committee is partnering with nWay, a subsidiary of Animoca Brands, to launch a collection of Olympic-themed NFTs. \nThe tokenized physical badges celebrate posters, mascots and more from the Games\u2019 125-year history. \nThe collection will be available for sale starting June 17. ","author":["Saniya More","The Block"],"webName":"theblock.co","link":"https:\/\/www.theblock.co\/post\/107175\/animoca-brands-subsidiary-to-launch-collection-of-olympics-themed-nfts","publishDate":"2021-06-04T06:19:05","id":3795,"type":null,"title":"Animoca Brands subsidiary to launch collection of Olympics-themed NFTs","category":["NFTs"],"content":["<span data-v-f87c67ca=\"\">The International Olympic Committee (IOC) is partnering with popular blockchain gaming company <a href=\"https:\/\/www.theblockresearch.com\/animoca-brands-the-lesser-known-firm-in-the-blockchain-gaming-nft-space-79822\" data-v-f87c67ca=\"\">Animoca Brands<\/a> to launch a collection of Olympic-themed non-fungible tokens (NFTs).&nbsp;<\/span>","<span data-v-f87c67ca=\"\">nWay, a subsidiary of Animoca Brands, developed the collection, which consists of digital versions of past Olympic pins \u2014 physical badges that are worn on lapels \u2014 as well as cross-play multiplayer video games. For many, the original Olympic pins are meant to be badges of honor which represent different aspects of the games.<\/span>","<span data-v-f87c67ca=\"\"><a href=\"https:\/\/www.theblockresearch.com\/nft-ecosystem-map-research-78736\" data-v-f87c67ca=\"\">Non-fungible tokens<\/a> are collectibles stored on the blockchain which can represent items like photos, videos, audio and other digital files. The NFT collection is part of a new licensing agreement the San Francisco-based game developer, publisher and tech platform has established with the International Olympic Committee.&nbsp;<\/span>","<span data-v-f87c67ca=\"\">According to a statement, the Olympic Pins, which will be available for sale on June 17, have different properties and levels of scarcity. The collection of pins commemorates the art and design of past Olympic Games, including posters, pictograms, mascots and more from the Olympics\u2019 125-year history.&nbsp;<\/span>","<span data-v-f87c67ca=\"\">\u201COlympic pins started as a way to identify athletes, judges and officials, but over the past 125 years it has become an Olympic Games tradition, where everyone from athletes to event staff, journalists and spectators all take part to collect and trade pins in the Olympic Village and beyond,\u201D said Timo Lumme, managing director of the IOC Television and Marketing Services.&nbsp;<\/span>","<span data-v-f87c67ca=\"\">\u201CThey can now connect with the excitement of the Games in a whole new way and own a piece of Olympic history,\u201D he added.<\/span>","<span data-v-f87c67ca=\"\">Collectors can purchase the pins in three main ways: by buying the pins directly from nWay\u2019s website, by purchasing pins from other collectors on the NWayPlay marketplace, or for free by playing an Olympic-themed video game connected to nWayPlay.&nbsp;<\/span>"],"hashtag":["ANIMOCA BRANDS"]}