{"summary":"Bitcoin\u2019s daily mining revenue per TH\/s has recovered to $0.27 \u2014 the same level when bitcoin was around $45,000 in mid-May.\nThe global hash rate is unlikely to bounce back to its all-time-high anytime soon, meaning there is less competition among miners who are still online.","author":["Wolfie Zhao","The Block"],"webName":"theblock.co","link":"https:\/\/www.theblock.co\/post\/110666\/bitcoin-mining-revenue-recover-may-level","publishDate":"2021-07-08T04:23:35","id":3812,"type":null,"title":"Bitcoin\u2019s mining revenue per TH\/s recovers to mid-May levels","category":["Bitcoin"],"content":["Thanks to the record difficulty drop, bitcoin's mining revenue per terahashes second (TH\/s) of computing power has recovered to the same level when bitcoin's price was around $45,000 in mid-May.","The Block's Data Dashboard <a href=\"https:\/\/www.theblockcrypto.com\/data\/on-chain-metrics\/bitcoin\/bitcoin-miner-revenue-per-th-s-7dma\" data-v-f87c67ca=\"\">shows<\/a> that the daily mining revenue per TH\/s has climbed up to $0.27, after bitcoin's mining difficulty recorded its largest ever drop by nearly 28% on July 3.","Data from <a href=\"https:\/\/bitinfocharts.com\/comparison\/bitcoin-mining_profitability.html#3m\" data-v-f87c67ca=\"\">Bitinfocharts<\/a> has a slightly different estimate on the daily mining revenue per TH\/s, putting it at around $0.30. But it's showing a similar trend.","Bitcoin's <a href=\"https:\/\/www.theblockcrypto.com\/post\/110425\/bitcoin-largest-difficulty-drop-ever\" data-v-f87c67ca=\"\">record difficulty drop<\/a> was a direct result of China <a href=\"https:\/\/www.theblockcrypto.com\/daily\/110499\/a-timeline-of-chinas-bitcoin-mining-crackdown-and-how-it-goes-beyond-environmental-concerns\" data-v-f87c67ca=\"\">ordering<\/a> power plants to cut off the energy supply to bitcoin mining facilities over the last month. About 90 million TH\/s of computing power on the bitcoin network had gone offline since mid-May, accounting for about 50% of the network's total hash rate.","<iframe frameborder=\"0\" height=\"420\" src=\"https:\/\/www.theblock.co\/data\/on-chain-metrics\/bitcoin\/bitcoin-miner-revenue-per-th-s-7dma\/embed\" title=\"Bitcoin Miner Revenue per TH\/s (7DMA)\" width=\"100%\" data-v-f87c67ca=\"\"><\/iframe>","But for bitcoin miners who have been able to stay online all the while, it means their daily shares of Bitcoin's block rewards have increased proportionately to the difficulty drop.&nbsp;","When China materialized the efforts to crack down on bitcoin mining early June, The Block <a href=\"https:\/\/www.theblockcrypto.com\/daily\/107104\/china-bitcoin-miners-state-council-crackdown\" data-v-f87c67ca=\"\">explained<\/a> that the total vacant capacity offered by bitcoin mining hosting firms outside China is insufficient to fulfill all the demands from Chinese bitcoin miners who will be looking for hosting spots.","Following the shutdown orders in China's Xinjiang and Sichuan provinces, the secondhand market has been flooded with a spiking supply of millions of bitcoin ASIC miners that have been unplugged in recent weeks. The crackdown order has also affected Ethereum and other crypto miners, who have been dumping used <a href=\"https:\/\/www.theblockcrypto.com\/post\/110638\/chinese-crypto-miners-dump-gpu\" data-v-f87c67ca=\"\">graphic processing units<\/a> on secondhand market places.","Therefore, industry experts <a href=\"https:\/\/www.theblockcrypto.com\/post\/109752\/bitcoin-mining-difficulty-record-drop-china-miners\" data-v-f87c67ca=\"\">are not expecting<\/a> bitcoin's hash rate to recover to its all-time-high around 180 million TH\/s anytime soon, giving more leeway to current miners in the months ahead."],"hashtag":["BITCOIN"]}