{"summary":"Ethereum\u2019s Shapella upgrade will happen on April 12.\nShapella is the upgrade that will enable staked ether withdrawals for the first time.","author":["Osato Avan-Nomayo","The Block"],"webName":"theblock.co","link":"https:\/\/www.theblock.co\/post\/223363\/ethereum-core-devs-confirm-april-12-date-for-shapella-upgrade","publishDate":"2023-03-28T11:43:37","id":3853,"type":null,"title":"Ethereum core devs confirm April 12 date for Shapella upgrade","category":["Crypto Ecosystems"],"content":["The Shapella network upgrade will be activated on the Ethereum mainnet on April 12, following an official consensus reached by core developers.","The Shapella upgrade will happen at network epoch 194,048, <a href=\"https:\/\/blog.ethereum.org\/2023\/03\/28\/shapella-mainnet-announcement\" data-v-f87c67ca=\"\">according<\/a> to a blog post by the Ethereum Foundation on Tuesday. An epoch in Ethereum is a bundle of 32 blocks on the network and this epoch is expected to happen at 6:27 pm EDT on April 12. Tuesday\u2019s statement <a href=\"https:\/\/www.theblock.co\/post\/220582\/ethereums-next-big-upgrade-shapella-expected-to-hit-mainnet-on-april-12\" data-v-f87c67ca=\"\">confirms previous estimates<\/a> for the upgrade.","Shapella is a portmanteau of Shanghai and Capella. These are two network upgrades that will happen simultaneously. The Shanghai upgrade is for the consensus layer and Capella is for the execution layer.","The Shapella upgrade as a whole will introduce EIP-4895 to the Ethereum network. This EIP will enable the withdrawal of staked ether for the first time ever. Shapella also has other network improvements aimed at optimizing transaction fees for certain activities. These upgrades have been tested on multiple testnets.","Tuesday\u2019s upgrade confirmation also stated that the bug bounty program for Shapella vulnerabilities will run until April 5. The Ethereum Foundation recently <a href=\"https:\/\/www.theblock.co\/post\/222561\/ethereum-shapella-shanghai-capella-foundation-doubles-bug-bounty\" data-v-f87c67ca=\"\">doubled the bug bounty<\/a> reward to $500,000."],"hashtag":["ETHEREUM"]}