{"summary":"Tiffany\u2019s CryptoPunk NFTs are already being \u2018flipped\u2019 just days after the launch. ","author":["Anushree Dave","The Block"],"webName":"theblock.co","link":"https:\/\/www.theblock.co\/post\/161536\/tiffany-cryptopunk-nfts-are-already-being-flipped","publishDate":"2022-08-04T14:45:19","id":3873,"type":null,"title":"Tiffany CryptoPunk NFTs are already being &#x27;flipped&#x27;","category":["Companies"],"content":["At a time when non-fungible token trading (NFT) has hit record lows, Tiffany's NFTs, known as NFTiffs, are already being flipped for profit, according to <a href=\"https:\/\/dune.com\/cat\/cryptopunks-nftiff\" data-v-f87c67ca=\"\">on chain data<\/a>.&nbsp;","One user appears to <a href=\"https:\/\/opensea.io\/assets\/ethereum\/0xe8f88d16f24255fcfab25959705d724406d67d9d\/90\" data-v-f87c67ca=\"\">have resold<\/a> a Tiffany x Punk NFT at 55 ETH, a more than an 80% increase from the price at mint.&nbsp;","<a href=\"https:\/\/www.theblock.co\/post\/160284\/tiffany-co-announces-nft-backed-limited-edition-cryptopunk-pendants\" data-v-f87c67ca=\"\">Earlier this week,<\/a> Tiffany's unveiled its NFTiff collection, exclusively for the CryptoPunk NFT community, powered by blockchain solutions company Chain. Alexandre Arnault, son of billionaire LVMH chairman Bernard Arnault, is a CryptoPunk holder himself and had helped spearhead the project.&nbsp;","There are 250 of these tokens, which CryptoPunk holders can use to get a custom pendant of NFT artwork. The passes cost 30 Ethereum, or $50,000. Customers can <a href=\"https:\/\/nft.tiffany.com\/faq\/\" data-v-f87c67ca=\"\">purchase<\/a> up to 3 passes per one wallet.","The company invited 100 Punks to buy their passes early, though how that was determined is unknown. When The Block contacted Chain, media representatives declined to comment.&nbsp;","According to data compiled via Dune, the most common trait NFTiff-holding Punks have is an earring, with seven NFTs out of the 100 minted sporting that trait.&nbsp;","The remaining 150 NFTiffs go on sale tomorrow.&nbsp;"],"hashtag":["ETHEREUM"]}