{"summary":"Ankr is set to launch the Neura blockchain for AI startups \u2014 offering access to decentralized GPU resources, crypto-based crowdfunding and on-chain AI operations.\nNeura is designed to enable companies to deploy, train and operate AI models on-chain.","author":["James Hunt","The Block"],"webName":"theblock.co","link":"https:\/\/www.theblock.co\/post\/284803\/web3-infrastructure-provider-ankr-unveils-neura-blockchain-for-ai-startups","publishDate":"2024-03-26T12:01:05","id":41,"type":null,"title":"Web3 infrastructure provider Ankr unveils Neura blockchain for AI startups","category":["Infrastructure"],"content":[],"hashtag":[]}