{"summary":"Several OpenSea users saw their NFTs getting sold way below market prices this week due to a UI issue.\nThe NFT marketplace is now reimbursing affected users and improving elements of its UI design.","author":["Yogita Khatri","The Block"],"webName":"theblock.co","link":"https:\/\/www.theblock.co\/post\/131443\/opensea-reimburses-users-sold-nfts-below-market-value-ui-issue","publishDate":"2022-01-25T08:05:50","id":436,"type":null,"title":"OpenSea is reimbursing users who sold NFTs below market value","category":["NFTs"],"content":["Earlier this week, some OpenSea users were shocked to find that their precious NFTs had been sold for next to nothing. And many, understandably, were devastated.","\"I just lost an ape guys\u2026. I'm crying\u2026. How did this just happen????\" <a href=\"https:\/\/twitter.com\/T_BALLER6\/status\/1485524535075954690?s=20\" data-v-f87c67ca=\"\">tweeted<\/a> an OpenSea user who goes by TBALLER on Monday, adding 15 crying emojis.","TBALLER saw their Bored Ape Yacht Club (BAYC) NFT <a href=\"https:\/\/twitter.com\/T_BALLER6\/status\/1485523314621632514?s=20\" data-v-f87c67ca=\"\">get sold<\/a> for around $1,800 on OpenSea \u2014 99% below <a href=\"https:\/\/opensea.io\/collection\/boredapeyachtclub\" data-v-f87c67ca=\"\">the floor price<\/a> \u2014 due to a user interface (UI) issue on the NFT marketplace. The buyer who poached the NFT then resold it immediately for nearly $200,000, making a profit of $198,000 within an hour.","The issue, while not new, resurfaced in a big way this week. Blockchain analytics firm Elliptic <a href=\"https:\/\/www.elliptic.co\/blog\/bug-allows-nfts-worth-over-1-million-to-be-stolen\" data-v-f87c67ca=\"\">identified<\/a> at least three attackers who purchased more than eight NFTs worth over $1 million for much less than their market value on Monday. Those NFTs were from collections such as BAYC, Mutant Ape Yacht Club, Cool Cats, and CyberKongz. One attacker <a href=\"https:\/\/twitter.com\/PeckShieldAlert\/status\/1485547426467364864?t=YCoLlJsjak2DlYaya2Pmaw&amp;s=19\" data-v-f87c67ca=\"\">gained<\/a> 332 ether (worth over $800,000) by purchasing NFTs below market value due to the issue, according to blockchain security firm PeckShield.","An OpenSea spokesperson told The Block that the company is \"actively reaching out to and reimbursing affected users\" who saw their NFTs get sold below market value due to the \"confusing UI\" issue. At the same time, the marketplace is trying its best to solve the problem by increasing awareness of it and giving users more visibility and control when managing their NFTs.","Here's the root of the problem. Say an OpenSea user has an offer to sell their NFT at a certain price. But instead of canceling the offer and paying gas fees to do so, they chose to move the NFT to a different wallet. This shows that the offer is no longer there on OpenSea. But the problem occurs if they move the NFT back to the same wallet \u2014 the offer still exists and is still valid, and anyone can accept it.","This issue is a much bigger deal when the NFT in question has shot up in value between the times of the original offer and when it's moved back to the same wallet. While the user now believes their NFT to be worth hundreds of thousands of dollars (in the case of BAYC), the NFT gets sold for their original price, which might be as low as a thousand dollars. And it's this discrepancy that's causing such misfortune.","The only way to cancel a sell offer on OpenSea is to do an on-chain transaction, which is often costly due to high gas fees on Ethereum. This is why OpenSea users choose to move their NFTs to a different wallet instead of canceling their sell offer.","\"Gas price evasion is driving bad design and bad behavior from users,\" Ledger CTO Charles Guillemet told The Block. \"The challenge of scalability has never been so actual, and the solutions are Layer 2 [networks] and not off-chain logic tricks.\"","OpenSea has had this UI design since its launch. But the flaw has only been noticed by attackers in the last few months. The OpenSea spokesperson said the company has not communicated broadly about this issue \"because we did not want to risk bringing it to the attention of bad actors who could abuse it at scale before we had mitigations in place.\"","\"This is not an exploit or a bug \u2014 it's an issue that arises because of the nature of the blockchain,\" said the spokesperson. \"OpenSea cannot cancel listings on behalf of users. Instead, users must cancel their own listings.\"","OpenSea said it has taken the UI issue \"incredibly seriously\" and is working on several product improvements.","First, the platform has <a href=\"https:\/\/twitter.com\/opensea\/status\/1485757970017230848\" data-v-f87c67ca=\"\">launched<\/a> a new listings manager that allows users to easily see and cancel their listings.","Second, OpenSea is changing its default listing duration from six months to one month so that if an NFT is transferred back into a wallet after one month, the listing will have expired, said the spokesperson.","OpenSea will further provide notifications to users when they transfer an NFT that has an active listing associated with it out of their wallet and ask them if they want to cancel it. If OpenSea has the user's email address associated with their OpenSea profile, it will also send them an email in that regard, said the spokesperson.","This is not the first time OpenSea users have gone through issues. In September, a bug in the NFT marketplace accidentally <a href=\"https:\/\/www.theblockcrypto.com\/post\/116924\/opensea-bug-destroys-100000-worth-of-nfts-including-historical-ens-name\" data-v-f87c67ca=\"\">destroyed<\/a> at least 42 NFTs, worth a minimum of $100,000. Early last year, an OpenSea user named Tom Kuennen saw his NFT <a href=\"https:\/\/www.vice.com\/en\/article\/pkdj79\/peoples-expensive-nfts-keep-vanishing-this-is-why\" data-v-f87c67ca=\"\">vanish<\/a> from his wallet because the platform did not support ERC-1155 tokens at the time.","OpenSea is a market leader in the NFT space with over 60% market share currently \u2014 down significantly this month due to the increase in activity on LooksRare, which has largely been driven by wash trading. OpenSea recently <a href=\"https:\/\/www.theblockcrypto.com\/linked\/129250\/opensea-eyeing-raise-that-would-value-it-at-13-billion-with-backing-from-coatue-and-paradigm-sources\" data-v-f87c67ca=\"\">raised<\/a> $300 in a Series C funding round that brought its valuation to $13.3 billion.","<iframe frameborder=\"0\" height=\"420\" src=\"https:\/\/www.theblock.co\/data\/nft-non-fungible-tokens\/marketplaces\/nft-marketplace-monthly-volume\/embed\" title=\"NFT Marketplace Monthly Volume\" width=\"100%\" data-v-f87c67ca=\"\"><\/iframe>"],"hashtag":["BAYC","OPENSEA"]}