{"summary":"Cathie Wood\u2019s Ark Invest sold another 204,469 Coinbase shares on Wednesday \u2014 worth $48.8 million.\nThe firm has offloaded over $100 million worth of Coinbase shares so far this week.","author":["James Hunt","The Block"],"webName":"theblock.co","link":"https:\/\/www.theblock.co\/post\/281051\/ark-invest-coinbase-shares-price-surge","publishDate":"2024-03-07T05:16:06","id":457,"type":null,"title":"Ark Invest offloads more Coinbase shares, bringing total COIN sales to over $100 million this week","category":["Funds"],"content":["Cathie Wood\u2019s Ark Invest sold 204,469 Coinbase shares across three of its exchange-traded funds on Wednesday, worth $48.8 million, according to the company\u2019s latest trade filing.","Of the nearly $50 million worth of COIN sold, Ark Invest offloaded the most from its Innovation ETF \u2014 some 174,326 shares worth $41.6 million at current prices. Ark also offloaded 13,490 shares ($3.2 million) from its Next Generation Internet ETF and 16,653 shares ($4 million) from its Fintech Innovation ETF yesterday.","In addition to the <a href=\"https:\/\/www.theblock.co\/post\/280571\/ark-invest-coinbase-shares-coin-price-surge\" data-v-f87c67ca=\"\">$31 million<\/a> worth of Coinbase shares Ark sold on Monday and $24 million of the stock it sold on Tuesday, the investment management firm has offloaded over $100 million worth of Coinbase shares so far this week.","Ark Invest also sold <a href=\"https:\/\/www.theblock.co\/post\/280285\/cathie-wood-ark-invest-coinbase-robinhood-offloads\" data-v-f87c67ca=\"\">$45 million<\/a> worth of Coinbase stock last week as it continues to rebalance its fund weightings amid a surge in COIN\u2019s price.","Coinbase stock traded at $238.55 at market close on Wednesday, up more than 10% for the day to reach its highest level since December 2021, <a href=\"https:\/\/www.tradingview.com\/symbols\/NASDAQ-COIN\/\" data-v-f87c67ca=\"\">according to<\/a> TradingView. COIN is up 85% over the past month and 280% over the past year. However, it remains 30% down from an all-time high of $342.98, set in the November 2021 bull market peak.","Coinbase is currently valued at $44.4 billion, according to The Block\u2019s <a href=\"https:\/\/www.theblock.co\/data\/crypto-markets\/public-companies\/coinbase-pre-ipo-stock-price\" data-v-f87c67ca=\"\">data dashboard<\/a>.","<iframe frameborder=\"0\" height=\"420\" src=\"https:\/\/www.theblock.co\/data\/crypto-markets\/public-companies\/coinbase-pre-ipo-stock-price\/embed\" title=\"Coinbase Valuation\" width=\"100%\" data-v-f87c67ca=\"\"><\/iframe>","Earlier this week, Coinbase surged back into the <a href=\"https:\/\/www.theblock.co\/post\/280578\/coinbase-app-store-surge\" data-v-f87c67ca=\"\">Apple App Store top 100<\/a> for the first time in two years as bitcoin\u2019s price approached <a href=\"https:\/\/www.theblock.co\/post\/280357\/bitcoin-price-breaks-above-previous-all-time-high-of-69000-after-846-days\" data-v-f87c67ca=\"\">all-time highs<\/a> \u2014 despite encountering temporary <a href=\"https:\/\/www.theblock.co\/post\/280475\/coinbase-glitch-shows-0-balances-again-amid-soaring-bitcoin-prices-and-trading-volume\" data-v-f87c67ca=\"\">zero balance glitches<\/a>."],"hashtag":["COINBASE","INVESTMENT FIRMS"]}