{"summary":"Decentralized P2P crypto trading platform SIBEX has raised $1.8 million in a seed funding round \nFenbushi Capital, SIX and Accomplice VC participated in the round, among others \nSIBEX CEO Daniel Haudenschild told The Block that centralized OTC desks have issues such as frontrunning, which SIBEX helps eliminate ","author":["Yogita Khatri","The Block"],"webName":"theblock.co","link":"https:\/\/www.theblock.co\/post\/44557\/decentralized-p2p-crypto-trading-platform-sibex-raises-1-8m-aiming-to-drive-institutional-participation","publishDate":"2019-10-24T14:15:40","id":512,"type":null,"title":"Decentralized P2P crypto trading platform SIBEX raises $1.8M, aiming to drive institutional participation","category":["Cryptocurrency"],"content":["SIBEX AG, a decentralized peer-to-peer (P2P) cryptocurrency trading platform, has raised 1.78 million Swiss francs (~$1.8 million) in a seed funding round.","Notable investors, including Chinese venture firm Fenbushi Capital, Swiss stock exchange group SIX and blockchain-focused investment firm Accomplice VC participated in the round, among others, according to an announcement Thursday.","Switzerland-based SIBEX said it will utilize the new capital to further expand its blockchain-based P2P cryptocurrency trading platform, aiming to increase institutional participation in the over-the-counter (OTC) market.","\u201CWe\u2019re reaching a tipping point for institutional investor interest in digital assets trading. The right infrastructure for securely and privately trading large block orders is a vital piece of the puzzle,\u201D said Bo Shen, founding partner of Fenbushi Capital, on investing in SIBEX.&nbsp;","SIBEX CEO Daniel Haudenschild told The Block that \u201Cthere is currently no OTC infrastructure in digital asset trading, and this creates scenarios where large block orders can influence the market price considerably.\u201D","He explained: \u201CFor instance, on Sept. 25, there were relatively small orders (2,000 bitcoin), which sent the market down by 15%;\u201D this issue is known as frontrunning. Haudenschild said, \u201CFrontrunning is a common and even expected practice as all OTC desks today are run by centralized exchanges. As a result, this behavior amplifies large block trades.\u201D","SIBEX, on the other hand, is \u201Cfully\u201D decentralized, Haudenschild said, meaning traders interact among themselves directly on blockchain and trades don\u2019t have to be broadcast. \u201CThere is also no order prioritization or price smoothing, which happens on central exchanges,\u201D the CEO said, who has previously held leadership roles at EY and SAP Financial Services.","SIBEX is also non-custodial, meaning traders using the platform maintain custody of their assets during trades, according to the announcement. It currently allows trading in bitcoin (BTC), ether (ETH), Tether (USDT) and ERC20 tokens.","SIBEX will be raising more funds in a Series A \u201Cearly next year,\u201D Haudenschild, who is also the CEO of Swisscom Blockchain AG and president of Swiss-based Crypto Valley Association, told The Block.","He did not disclose the range it is looking to raise in its Series A, but it's looking to build infrastructure beyond crypto trades, to include commodities such as gold and oil.","SIBEX currently employs engineers based on a grant award process, Haudenschild told The Block, as it allows the firm to choose \u201Cthe best developers for any particular functional module\u201D it needs. Overall, there are four teams working on six grants at the moment for SIBEX, with an average of 22 FTEs (full-time equivalents) at work, Haudenschild said, adding that SIBEX is headquartered in Switzerland and has main offices in Hong Kong and China."],"hashtag":[]}