{"summary":"PayPal\u2019s stablecoin could boost crypto adoption while also threatening the \u201Cprinciples of decentralization that underpin\u201D the digital assets market, argue some builders in the space.","author":["RT Watson","The Block"],"webName":"theblock.co","link":"https:\/\/www.theblock.co\/post\/243766\/paypal-stablecoin-threatens-basic-crypto-tenets-but-also-poses-upside","publishDate":"2023-08-08T16:07:08","id":524,"type":null,"title":"PayPal stablecoin threatens basic crypto tenets, but also poses upside","category":["Stablecoins"],"content":["<span data-v-f87c67ca=\"\">PayPal's new <a href=\"https:\/\/www.theblock.co\/post\/243569\/paypal-launches-stablecoin\" data-v-f87c67ca=\"\">stablecoin<\/a> was celebrated as a show of crypto might on Monday, with the promise of a large American payments firm entering the space seen as a positive omen in a sector plagued with regulatory uncertainty and ongoing bear market. It's also reigniting the age-old <a href=\"https:\/\/www.theblock.co\/post\/243647\/paypal-stablecoin\" data-v-f87c67ca=\"\">debate<\/a> over centralization.&nbsp;&nbsp;<br data-v-f87c67ca=\"\">\n<\/span>","<span data-v-f87c67ca=\"\">While a well-established fintech with deep web2 roots creating the PYUSD stablecoin could be a long-term, net positive<\/span><span data-v-f87c67ca=\"\"> in terms of driving widespread adoption of digital currencies, PayPal's initiative could also simultaneously be a threat to what many crypto evangelists hold dear.<\/span>","<span data-v-f87c67ca=\"\">\u201CPayPal will indeed bolster the perception and acceptance of cryptocurrencies,\u201D zkLend co-Founder Jane Ma told The Block, arguing that PayPal\u2019s reputation for transparency and experience navigating the regulatory landscape automatically lends its PYUSD stablecoin a degree of credibility.<\/span>","<span data-v-f87c67ca=\"\">But it\u2019s a bit more complicated than that, she also said. <\/span>","<span data-v-f87c67ca=\"\">\u201CAs part of a prominent U.S. financial organization, PYUSD will inherently operate with centralized administrative functions,\u201D said Ma. \u201CThis preference from regulators and institutions for stablecoins designed with regulation in mind could lead to a diminished market share for decentralized stablecoins, threatening the very principles of decentralization that underpin the crypto space.\u201D<\/span>","<span data-v-f87c67ca=\"\">While decentralized stablecoins have yet to prove as popular as centralized stablecoins like Tether\u2019s USDT or Circle\u2019s USDC \u2014 both of which have market caps in the tens of billions of dollars \u2014 they are fundamentally more aligned with crypto\u2019s decentralized roots.<\/span>","<span data-v-f87c67ca=\"\">Guy Young<\/span><span data-v-f87c67ca=\"\">, CEO and founder of <\/span><span data-v-f87c67ca=\"\">Ethena<\/span><span data-v-f87c67ca=\"\"> Labs<\/span><span data-v-f87c67ca=\"\">, expects competition among centralized stablecoins to intensify with PayPal joining the fray, especially with a lack of alternatives. <\/span>","<span data-v-f87c67ca=\"\">\u201CWe are yet to see any legitimately scalable decentralized alternatives. That is where the real opportunity lies,\u201D he said, adding that PYUSD is a product<\/span><span data-v-f87c67ca=\"\">&nbsp;\"built on centralized rails, with code embedded to freeze funds at their discretion.\"<\/span>","<span data-v-f87c67ca=\"\">An initial contributor to the popular Core DAO, Rich Rines, echoed some of Young's skepticism.<\/span>","<span data-v-f87c67ca=\"\">\"This move doesn't represent true decentralization,\" he said. \"Advocates of decentralization champion a financial ecosystem free from any centralized authority or control.\"<\/span>","<span data-v-f87c67ca=\"\">But Rines doesn't dismiss PYUSD's possible onboarding capabilities, which could have the spillover effect of benefitting crypto on the whole. PayPal has more than 400 million active accounts.<\/span>","<span data-v-f87c67ca=\"\">\u201C<\/span><span data-v-f87c67ca=\"\">PayPal brings new web2 credibility to blockchain technology,\u201D he added, suggesting if the company successfully convinces people to purchase PYUSD it might bring many users \"face to face with DeFi for the first time.\u201D<\/span>"],"hashtag":[]}