{"summary":"The scope of a data breach disclosed by Coinsquare on Nov. 19 was recently revealed by the exchange in an email to customers, according to CoinDesk.\n\nUser funds and passwords were not affected by the hack, however, a number of client records were potentially exposed.","author":["Jeremy Nation","The Block"],"webName":"theblock.co","link":"https:\/\/www.theblock.co\/post\/190097\/coinsquare-confirms-data-breach-says-customer-assets-not-at-risk-coindesk","publishDate":"2022-11-26T18:07:20","id":565,"type":null,"title":"Coinsquare confirms data breach, says customer assets &#x27;not at risk&#x27;: CoinDesk","category":["Security"],"content":["<span data-v-f87c67ca=\"\">Canadian crypto firm, Coinsquare, shed more light on a \u201Cdata incident\u201D in an email the exchange sent to customers on Friday, according to a <a href=\"https:\/\/www.coindesk.com\/tech\/2022\/11\/26\/major-canadian-crypto-exchange-coinsquare-says-client-data-breached\/\" data-v-f87c67ca=\"\">CoinDesk report<\/a>.<\/span>","<span data-v-f87c67ca=\"\">The incident initially occurred on Nov. 19, prompting Coinsquare to undergo \u201Can unscheduled maintenance period\u201D to deal with the issue, Coinsquare <\/span><a href=\"https:\/\/twitter.com\/Coinsquare\/status\/1594024708097179648?ref_src=twsrc%5Etfw%7Ctwcamp%5Etweetembed%7Ctwterm%5E1594024708097179648%7Ctwgr%5Ec75de78f86f0415fe7aadef1a8b97a8bdc19bc5d%7Ctwcon%5Es1_&amp;ref_url=https%3A%2F%2Fwww.coindesk.com%2Ftech%2F2022%2F11%2F26%2Fmajor-canadian-crypto-exchange-coinsquare-says-client-data-breached%2F\" data-v-f87c67ca=\"\"><span data-v-f87c67ca=\"\">said<\/span><\/a><span data-v-f87c67ca=\"\"> via Twitter, adding that no client funds were at risk.<\/span>","<span data-v-f87c67ca=\"\">The email sent days later revealed that, although no passwords were exposed, breached data include \u201Ccustomer names, email addresses, residential addresses, phone numbers, dates of birth, device IDs, public wallet addresses, transaction history, and account balances,\u201D according to CoinDesk.<\/span>","<span data-v-f87c67ca=\"\">Coinsquare services were restored Friday across mobile and desktop platforms. A bug persists with the visibility of prior transaction history on the application, which engineers are working to fix, according to a <\/span><a href=\"https:\/\/status.coinsquare.com\/\" data-v-f87c67ca=\"\"><span data-v-f87c67ca=\"\">status update<\/span><\/a><span data-v-f87c67ca=\"\"> from the exchange.<\/span>","<span data-v-f87c67ca=\"\">Coinsquare did not immediately respond to The Block\u2019s request for comment.<\/span>"],"hashtag":["HACKS"]}