{"summary":"An interactive look at the ten developments in 2020 that solidified the future of digital assets","author":["The Block","The Block"],"webName":"theblock.co","link":"https:\/\/www.theblock.co\/post\/89877\/2020-an-interactive-year-in-review","publishDate":"2021-01-03T11:01:25","id":569,"type":null,"title":"2020: An interactive year in review","category":["The Block"],"content":["The Block presents 2020 Year in Review - an interactive look at the 10 developments that solidified the future of digital assets.","Get quickly up to speed on the biggest developments in 2020:","You can view our <a href=\"https:\/\/www.theblockcrypto.com\/promotions\/2020-in-review\/#\/\" data-v-f87c67ca=\"\">interactive 2020 Year in Review here<\/a>."],"hashtag":[]}