{"summary":"The Whampoa Group plans to pivot their asset-management business towards digital assets. \nThey have plans to raise $50 million for a crypto-focused hedge fund and allocate $100 million for a crypto venture capital fund. ","author":["Aislinn Keely","The Block"],"webName":"theblock.co","link":"https:\/\/www.theblock.co\/post\/168768\/singapores-whampoa-group-to-allocate-more-to-crypto-reports","publishDate":"2022-09-08T19:44:48","id":586,"type":null,"title":"Singapore&#x27;s Whampoa Group to allocate more to crypto: Reports","category":["Investments"],"content":["Singapore's Whampoa Group has plans to raise funds for a $50 million crypto-related hedge fund and to allocate $100 million in crypto-focused venture capital investments, according to media reports.&nbsp;","The Whampoa Group is a family office and significant investment force. It has ties to the Lee families, related to Singapore's founding prime minister and prominent business families that co-founded Southeast Asian bank OCBC (OCBC.SI) in addition to other companies, through co-founders Amy Lee and Lee Han Shih.","Whampoa's co-founder and CEO Shawn Chan told <a href=\"https:\/\/www.reuters.com\/technology\/singapores-whampoa-group-invest-100-mln-via-fund-digital-assets-2022-09-08\/\" data-v-f87c67ca=\"\">Reuters<\/a> the firm will invest in and incubate web3 start-ups through investments in equity and tokens, according to a report from Reuters.&nbsp;","A separate <a href=\"https:\/\/www.bloomberg.com\/news\/articles\/2022-09-08\/singapore-s-lee-family-scions-make-crypto-push-with-new-funds\" data-v-f87c67ca=\"\">report<\/a> from Bloomberg indicates the Whampoa Group also has plans to pivot its asset-management business towards digital assets and will raise funds for a $50 million crypto-focused hedge fund. In an interview, Chan told Bloomberg the Whampoa hedge fund is market neutral to offset the volatility of crypto and primarily trades Bitcoin and Ether.","Singapore has been at the forefront of the crypto industry in terms of licensure and regulation. As recently as <a href=\"https:\/\/www.theblock.co\/post\/166290\/singapore-may-adopt-tougher-rules-for-retail-crypto-market\" data-v-f87c67ca=\"\">last month<\/a> the Monetary Authority of Singapore communicated it remains interested in anchoring crypto players to Singapore that can add value to its digital asset ecosystem. Still, at that time the authority said it was considering adopting stricter rules for retail crypto market participants.&nbsp;"],"hashtag":["CRYPTO"]}