{"summary":"The volume of Bitcoin moved in the past week is the highest in 18 months, and miner revenue has grown to match it, according to The Block\u2019s data. \nBitcoin miners are racing to purchase equipment and searching for locations with low-cost electricity in order to run them, according to a report in Bloomberg. ","author":["Zack Abrams","The Block"],"webName":"theblock.co","link":"https:\/\/www.theblock.co\/post\/281498\/bitcoin-transaction-volume-skyrockets-as-the-halving-approaches-and-miners-cash-in","publishDate":"2024-03-09T13:24:20","id":590,"type":null,"title":"Bitcoin transaction volume skyrockets as the halving approaches and miners cash in","category":["Layer 1s"],"content":["<span data-v-f87c67ca=\"\"><span data-v-f87c67ca=\"\"><span data-v-f87c67ca=\"\">Bitcoin <\/span><span class=\"articleTooltip\" data-v-baf5685a=\"\" data-v-f87c67ca=\"\"><a href=\"\/price\/248348\/bitcoin-btc-usd\" class=\"articleTooltip__link\" data-v-baf5685a=\"\"><img src=\"https:\/\/www.tbstat.com\/wp\/uploads\/2023\/10\/bitcoin.png\" alt=\"\" title=\"\" class=\"articleTooltip__tokenImage\" data-v-baf5685a=\"\"> <span class=\"articleTooltip__tokenText\" data-v-baf5685a=\"\">BTC<\/span> <span class=\"articleTooltip__tokenText articleTooltip__tokenText_price articleTooltip__tokenText_positive\" data-v-baf5685a=\"\">\n      +0.39%\n    <\/span><\/a> <!----><\/span><\/span> finally broke above its former all-time high price this past week, breaching $69,000 before mildly retreating.&nbsp; The run-up in price has led transaction volume to skyrocket on the network, and miners are cashing in on the increased activity.&nbsp;<\/span>","<iframe frameborder=\"0\" height=\"420\" src=\"https:\/\/www.theblock.co\/data\/on-chain-metrics\/bitcoin\/bitcoins-adjusten-on-chain-volume-daily\/embed\" title=\"Bitcoin's On-Chain Volume (Daily, 7DMA)\" width=\"100%\" data-v-f87c67ca=\"\"><\/iframe>","According to data from The Block, the seven-day moving average of transaction volume on the Bitcoin network has reached its highest level since September 2022, 18 months ago.&nbsp;","That increased volume has led to a corresponding increase in Bitcoin miner revenue, as the seven-day moving average of miner revenue, currently $65.4 million, is just shy of its all-time high of $67.2 million reached in May 2021.&nbsp;","<iframe frameborder=\"0\" height=\"420\" src=\"https:\/\/www.theblock.co\/data\/on-chain-metrics\/bitcoin\/bitcoin-miner-revenue-daily\/embed\" title=\"Bitcoin Miner Revenue (Daily, 7DMA)\" width=\"100%\" data-v-f87c67ca=\"\"><\/iframe>","While the run-up in price has been attributed to the success of the spot Bitcoin ETFs in the United States, another upcoming event to watch is <a href=\"https:\/\/www.theblock.co\/halving\" data-v-f87c67ca=\"\">Bitcoin's halving<\/a>, in which the reward for miners gets cut in half. Traditionally, the halving, which is projected to occur in about 40 days, on or around April 19th, is seen as a bullish event for the price of Bitcoin.","Bitcoin last month also reached its <a href=\"https:\/\/www.theblock.co\/post\/277877\/bitcoin-mining-difficulty-breaks-above-80-trillion-for-first-time\" data-v-f87c67ca=\"\">highest mining difficulty level<\/a> yet, meaning over the past 12 months, the computational cost of mining a Bitcoin block has more than doubled. However, following the halving, the difficulty level may fall as less efficient miners exit the network, no longer able to run their machines profitably given the lower reward.&nbsp;","The recovery of Bitcoin's price has spurred mining companies to spend over $1 billion on new equipment since February 2023, according to a <a href=\"https:\/\/www.bloomberg.com\/news\/articles\/2024-03-09\/bitcoin-miners-are-devouring-energy-at-a-record-pace-during-the-crypto-runup\" data-v-f87c67ca=\"\">report<\/a> in Bloomberg, citing public filings. Bloomberg also noted that miners are drawing energy at a record rate, about 33% more last month than the same period last year.&nbsp;","With Bitcoin mining, the challenge isn't just purchasing the machines, but also finding sources of electricity cheap and reliable enough to compete with other mining providers. While Texas has been a popular destination for Bitcoin miners in recent years, others, especially Chinese companies, are investing in places like <a href=\"https:\/\/www.theblock.co\/post\/277007\/ethiopias-cheap-electricity-is-attracting-chinese-mining-companies-bloomberg\" data-v-f87c67ca=\"\">Ethiopia<\/a>.&nbsp;","Mining companies CleanSpark and Riot have spent over $400 million each on purchasing new machines, according to Bloomberg, while one source cited in the report claims an unnamed company has mining machines worth \"$350 million or $400 million\" but that it has \"nowhere to put them.\"&nbsp;","&nbsp;"],"hashtag":["BITCOIN","MINING"]}