{"summary":"Recent volatility in the bitcoin market has caused over $56 million in short liquidations, Coinglass data shows.\nSpot bitcoin exchange-traded funds experienced a total net inflow on Monday.","author":["Brian McGleenon","The Block"],"webName":"theblock.co","link":"https:\/\/www.theblock.co\/post\/284637\/bitcoin-price-breaks-out-above-71000-causing-spike-in-short-liquidations","publishDate":"2024-03-26T06:10:28","id":601,"type":null,"title":"Bitcoin price breaks out above $71,000, causing spike in short liquidations","category":["Markets"],"content":["The upward price trajectory of bitcoin over the past 24 hours has resulted in over $56 million worth of bitcoin short liquidations.","There have been over $193 million in liquidations over the past 24 hours in the cryptocurrency market. Of these liquidations, the vast majority, around $129 million, were short positions. <a href=\"https:\/\/www.theblock.co\/post\/284115\/bitcoin-stalls-stock-indices-record-highs-rate-cuts\" data-v-f87c67ca=\"\">Bitcoin<\/a> short positions took the largest share of the damage, with over $56 million in liquidations in the past 24 hours, according to Coinglass <a href=\"https:\/\/www.coinglass.com\/LiquidationData\" data-v-f87c67ca=\"\">data<\/a>.&nbsp;","The wipeout of short positions came as bitcoin broke above the $71,000 mark. The largest digital asset by market capitalization increased by over 6% in the past 24 hours and was changing hands for $71,041 at 5:42 a.m. ET, according to <a href=\"https:\/\/www.theblock.co\/price\/248348\/bitcoin-btc\" data-v-f87c67ca=\"\">The Block's Price Page<\/a>. Despite that, the&nbsp;<a href=\"https:\/\/www.theblock.co\/indices\/top\/277090\/gmci-30-gm30\" data-v-f87c67ca=\"\">GM 30 Index<\/a>, representing a selection of the top 30 cryptocurrencies, has decreased by 5.43% to 157.83 in the past 24 hours.","<span data-v-f87c67ca=\"\">Following the uptick in prices, QCP Captial analysts questioned whether a catalyst is in play that could see bitcoin reach a new all-time high. <span data-v-f87c67ca=\"\"><span data-v-f87c67ca=\"\">Bitcoin <\/span><span class=\"articleTooltip\" data-v-baf5685a=\"\" data-v-f87c67ca=\"\"><a href=\"\/price\/248348\/bitcoin-btc-usd\" class=\"articleTooltip__link\" data-v-baf5685a=\"\"><img src=\"https:\/\/www.tbstat.com\/wp\/uploads\/2023\/10\/bitcoin.png\" alt=\"\" title=\"\" class=\"articleTooltip__tokenImage\" data-v-baf5685a=\"\"> <span class=\"articleTooltip__tokenText\" data-v-baf5685a=\"\">BTC<\/span> <span class=\"articleTooltip__tokenText articleTooltip__tokenText_price articleTooltip__tokenText_positive\" data-v-baf5685a=\"\">\n      +0.39%\n    <\/span><\/a> <!----><\/span><\/span> last reached an all-time high on March 14 above $73,000.<\/span>","\"There is certainly strong topside momentum with bitcoin breaking above $70,000 overnight on headlines that the <a href=\"https:\/\/www.theblock.co\/post\/284493\/london-stock-exchange-picks-may-28-as-start-date-for-crypto-etn-trading\" data-v-f87c67ca=\"\">London Stock Exchange<\/a> will start trading ETNs for bitcoin and ether in May, and asset managers also continue to add bitcoin allocations as a 'portfolio diversifier'. Short of a broader macro risk-off, the next leg higher seems like an inevitability at this point,\" Tuesday's QCP Capital report said.","The net inflow into spot bitcoin ETFs on Monday totaled $15.7 million, according to&nbsp;<a href=\"https:\/\/sosovalue.xyz\/assets\/etf\" data-v-f87c67ca=\"\">data<\/a> from SoSo Value, breaking a trend of net outflows for five consecutive days.","The spot bitcoin ETF with the highest single-day net inflow on Monday was <a href=\"https:\/\/www.theblock.co\/learn\/281961\/what-is-fidelitys-fbtc-spot-bitcoin-etf\" data-v-f87c67ca=\"\">Fidelity's ETF (FBTC)<\/a>, with a net inflow of about $261 million, followed by <a href=\"https:\/\/www.theblock.co\/learn\/281378\/what-is-blackrocks-ibit-spot-bitcoin-etf\" data-v-f87c67ca=\"\">BlackRock ETF (IBIT)<\/a>, with a single-day net inflow of about $35.48 million."],"hashtag":["CRYPTO MOVERS"]}