{"summary":"Robinhood Wallet supports the Polygon and Ethereum networks.\nAndroid support should come later this year.","author":["Nathan Crooks","The Block"],"webName":"theblock.co","link":"https:\/\/www.theblock.co\/post\/216194\/robinhood-rolls-out-wallet-to-ios-customers-globally","publishDate":"2023-03-01T09:40:40","id":61,"type":null,"title":"Robinhood rolls out wallet to iOS customers globally","category":["Companies"],"content":["Robinhood Wallet, which supports both the Polygon and Ethereum networks, is now available to all iOS customers worldwide.&nbsp;","The self-custody wallet, which had a waitlist of over 1 million users, can connect to a range of decentralized applications, Robinhood said in a <a href=\"https:\/\/blog.robinhood.com\/news\/robinhood-wallet-ios\" data-v-f87c67ca=\"\">blog post<\/a>. Tokens currently supported include COMP, MATIC, SHIB, SOL, UNI and USDC, and users can also view and store NFTs on both Ethereum and Polygon.","\"Users have told us they love how accessible and easy to use the app is, and that they really enjoy the ability to self-custody their digital assets and swap with no network fees on Polygon,\" Robinhood Crypto GM Johann Kerbrat said. \"While we recognize it\u2019s been a tumultuous few months in the crypto space, we remain committed to our mission to make Robinhood the most trusted, lowest cost, and easiest to use on-ramp to crypto.\"","Android support should come later this year, and the company is also <a href=\"https:\/\/twitter.com\/JohannKerbrat\/status\/1630931147235442690\" data-v-f87c67ca=\"\">planning features<\/a> including a web3 browser, in-app rewards and support for more coins.&nbsp;"],"hashtag":["ROBINHOOD"]}