{"summary":"Visits to Bitcoin\u2019s Wikipedia page hit nearly 13,500 on Oct. 24 \u2014 the highest interest the page has received since June of 2022.\nThe interest likely coincides with bitcoin\u2019s price rally and promising ETF news last week. ","author":["MK Manoylov","The Block"],"webName":"theblock.co","link":"https:\/\/www.theblock.co\/post\/260033\/bitcoins-page-on-wikipedia-sees-highest-views-since-june-2022-amid-ongoing-rally","publishDate":"2023-10-30T15:46:42","id":617,"type":null,"title":"Bitcoin&#x27;s page on Wikipedia sees highest views since June 2022 amid ongoing rally","category":["Crypto Ecosystems"],"content":["<span data-v-f87c67ca=\"\">Views for <span data-v-f87c67ca=\"\"><span data-v-f87c67ca=\"\">Bitcoin <\/span><span class=\"articleTooltip\" data-v-baf5685a=\"\" data-v-f87c67ca=\"\"><a href=\"\/price\/248348\/bitcoin-btc-usd\" class=\"articleTooltip__link\" data-v-baf5685a=\"\"><img src=\"https:\/\/www.tbstat.com\/wp\/uploads\/2023\/10\/bitcoin.png\" alt=\"\" title=\"\" class=\"articleTooltip__tokenImage\" data-v-baf5685a=\"\"> <span class=\"articleTooltip__tokenText\" data-v-baf5685a=\"\">BTC<\/span> <span class=\"articleTooltip__tokenText articleTooltip__tokenText_price articleTooltip__tokenText_positive\" data-v-baf5685a=\"\">\n      +0.39%\n    <\/span><\/a> <!----><\/span><\/span>'s Wikipedia page saw a surge in interest last week, jumping to the highest level seen since mid-2022.&nbsp;<\/span>","Bitcoin's Wikipedia page hit 13,490 pageviews on Oct. 24, according to The Block's Data Dashboard. Last week's price rally and promising news about the potential for approval of a<a href=\"https:\/\/www.theblock.co\/post\/259914\/cantor-fitzgerald-sees-spot-bitcoin-etf-as-most-important-short-term-catalyst\" data-v-f87c67ca=\"\"> spot bitcoin ETF<\/a> likely spurred the increased viewership, according to The Block Research's Rebecca Stevens.","\"Bitcoin's recent rally and the potential for a spot ETF has people more interested in the asset,\" she said. \"The newfound interest can be shown in more casual ways, like more people visiting Bitcoin's Wikipedia page.\"","<iframe frameborder=\"0\" height=\"420\" src=\"https:\/\/www.theblock.co\/data\/alternative-crypto-metrics\/social\/pageviews-of-bitcoins-wikipedia-page\/embed\" title=\"Pageviews of Bitcoin's Wikipedia page\" width=\"100%\" data-v-f87c67ca=\"\"><\/iframe>","Bitcoin's price rose above <a href=\"https:\/\/www.theblock.co\/post\/259100\/bitcoin-ticks-above-35000-as-spot-etf-hype-builds\" data-v-f87c67ca=\"\">$35,000<\/a> on Oct. 23 for the first time since May 2022. The world's largest cryptocurrency by market capitalization has surged 13% over the past week and is up almost 29% over the past month.&nbsp;","\"The timing of spot bitcoin ETF approvals remains unclear but should happen within months and most likely before Jan. 10, 2024, the final deadline of Ark Invest and 21Shares applications,\" JPMorgan analysts led by Nikolaos Panigirtzoglou wrote<a href=\"https:\/\/www.theblock.co\/post\/258453\/jpmorgan-bitcoin-etf-approval-within-months\" data-v-f87c67ca=\"\"> last week<\/a>. \"This is the earliest among the various final deadlines faced by SEC across spot bitcoin ETF applications.\""],"hashtag":["BITCOIN"]}