{"summary":"The partnership between Hashnote and Paxos will facilitate a \u201Ctwo-way atomic settlement process\u201D that allows for instantaneous conversions between the yield-bearing USYC token and PayPal\u2019s stablecoin.","author":["RT Watson","The Block"],"webName":"theblock.co","link":"https:\/\/www.theblock.co\/post\/284640\/paxos-hashnote-partner-for-paypal-stablecoin-and-usyc-token-integration","publishDate":"2024-03-26T09:00:03","id":621,"type":null,"title":"Paxos, Hashnote partner for PayPal stablecoin and USYC token integration","category":["Stablecoins"],"content":["Digital asset manager Hashnote said it is partnering with Paxos as the two companies plan to roll out an integration between PayPal's stablecoin and the <span data-v-f87c67ca=\"\">yield-bearing USYC token, according to a statement.<\/span>","PayPal <a href=\"https:\/\/www.theblock.co\/post\/243569\/paypal-launches-stablecoin\" data-v-f87c67ca=\"\">launched<\/a> its PYUSD stablecoin last year in conjunction with Paxos. Now by partnering with Paxos, <a href=\"https:\/\/www.theblock.co\/post\/262992\/real-world-assets\" data-v-f87c67ca=\"\">Hashnote<\/a> aims to improve settlement for its <span data-v-f87c67ca=\"\">USYC token, which is <\/span><span data-v-f87c67ca=\"\">backed by investment in U.S. Treasury Bills, the company's statement said.<\/span>","\"<span data-v-f87c67ca=\"\">Hashnote initiated this partnership with Paxos, selecting PYUSD as our stablecoin of choice, because we see it as the future frontrunner in the stablecoin space,\" Hashnote CEO Leo Mizuhara told The Block. \"The critical advantage for all our stakeholders comes from the ability to instantly mint and redeem between PYUSD and USYC, a process that not only enhances liquidity but also positions us at the forefront of yield generation in the digital asset realm.\"<\/span>","The PYUSD-USYC integration will facilitate a \"<span data-v-f87c67ca=\"\">two-way atomic settlement process\" that allows for instantaneous conversions between the two tokens, Hashnote's statement said.&nbsp;<\/span>","According to Hashnote, <span data-v-f87c67ca=\"\">USYC is only accessible to investors outside the U.S. and is \"subject to eligibility restrictions and a $100,000 minimum investment.\"&nbsp; But U.S. investors \"can get exposure to USYC through the Hashnote Feeder Fund,\" the firm also said.<\/span>","PYUSD's market cap surpassed $300 million at the beginning of this year before shrinking considerably during March, according to <a href=\"https:\/\/www.theblock.co\/data\/stablecoins\/usd-pegged\/total-stablecoin-supply-daily\" data-v-f87c67ca=\"\">The Block's Data Dashboard<\/a>.","<iframe frameborder=\"0\" height=\"420\" src=\"https:\/\/www.theblock.co\/data\/stablecoins\/usd-pegged\/total-stablecoin-supply-daily\/embed\" title=\"Total Ethereum Stablecoin Supply\" width=\"100%\" data-v-f87c67ca=\"\"><\/iframe>"],"hashtag":["PAYMENTS"]}