{"summary":"\u201CWe are driving a concerted effort to strengthen our presence in Europe,\u201D the crypto exchange said on Friday.\nOn June 14, Coinbase said it would cut the size of its workforce by about 18% to weather the crypto market downturn.","author":["Mike Millard","The Block"],"webName":"theblock.co","link":"https:\/\/www.theblock.co\/post\/155623\/coinbase-plans-to-expand-into-more-european-markets-despite-downturn","publishDate":"2022-07-02T11:19:32","id":637,"type":null,"title":"Coinbase plans to expand into more European markets, despite downturn","category":["The Block"],"content":["<span data-contrast=\"auto\" data-v-f87c67ca=\"\">Coinbase Global said in a <\/span><a href=\"https:\/\/blog.coinbase.com\/building-across-europe-c4ef51f62509\" data-v-f87c67ca=\"\"><span data-contrast=\"none\" data-v-f87c67ca=\"\">blog post<\/span><\/a><span data-contrast=\"auto\" data-v-f87c67ca=\"\"> that it was planning to&nbsp;expand in Europe, despite&nbsp;a&nbsp;digital asset market downturn.<\/span><span data-ccp-props=\"{&quot;201341983&quot;:0,&quot;335559739&quot;:160,&quot;335559740&quot;:259}\" data-v-f87c67ca=\"\">&nbsp;<\/span>","<span data-contrast=\"auto\" data-v-f87c67ca=\"\">\u201CAs part of our recently announced <\/span><a href=\"https:\/\/blog.coinbase.com\/lighting-up-the-map-how-coinbase-plans-to-scale-globally-7bdc2783ff63\" data-v-f87c67ca=\"\"><span data-contrast=\"none\" data-v-f87c67ca=\"\">two-pronged growth strategy<\/span><\/a><span data-contrast=\"auto\" data-v-f87c67ca=\"\">, we are driving a concerted effort to strengthen our presence in Europe,\u201D the crypto exchange&nbsp;said on Friday.<\/span><span data-ccp-props=\"{&quot;201341983&quot;:0,&quot;335559739&quot;:160,&quot;335559740&quot;:259}\" data-v-f87c67ca=\"\">&nbsp;<\/span>","<span data-contrast=\"auto\" data-v-f87c67ca=\"\">While Coinbase already has a presence in the UK, Ireland and Germany, it said it is in the process of expanding into France, Italy, Spain and the Netherlands, with a goal of launching its retail, institutional and developer products.<\/span><span data-ccp-props=\"{&quot;201341983&quot;:0,&quot;335559739&quot;:160,&quot;335559740&quot;:259}\" data-v-f87c67ca=\"\">&nbsp;<\/span>","<span data-contrast=\"auto\" data-v-f87c67ca=\"\">On June 14, <\/span><a href=\"https:\/\/www.theblock.co\/post\/151888\/coinbase-cuts-workforce-by-about-18\" data-v-f87c67ca=\"\"><span data-contrast=\"none\" data-v-f87c67ca=\"\">Coinbase said<\/span><\/a><span data-contrast=\"auto\" data-v-f87c67ca=\"\"> it would cut the size of its workforce by about 18% \u2014 or more than 1,000 people \u2014 to weather the crypto market downturn. <\/span>"],"hashtag":["COINBASE"]}