{"summary":"The leader of the Financial Crimes Enforcement Network appeared before Congress today, testifying on the state of AML controls in the US. \nThe hearing saw continued interest in crypto in Russian sanctions, but also the re-emergence of proposed controls on self-hosted wallets. ","author":["Kollen Post","The Block"],"webName":"theblock.co","link":"https:\/\/www.theblock.co\/post\/144184\/congresspeople-grill-us-aml-watchdog-over-approach-to-crypto-self-custody","publishDate":"2022-04-28T14:16:46","id":660,"type":null,"title":"Congresspeople grill US AML watchdog over approach to crypto self-custody","category":["Congress"],"content":["<span data-v-f87c67ca=\"\">Self-hosted crypto wallets remain solidly on the radar of US anti-money-laundering regulators.&nbsp;<\/span>","<span data-v-f87c67ca=\"\">On April 28, Himamauli Das, acting director of the Treasury\u2019s Financial Crimes Enforcement Network, appeared before the House Financial Services Committee to testify on the state of FinCEN.\u201D<\/span>","<span data-v-f87c67ca=\"\">As has been the case in most finance hearings of the past two months, concerns about the sanctions regime against Russia were central to the conversation. Crypto has never been far from these discussions.&nbsp;<\/span>","<span data-v-f87c67ca=\"\">\u201CI\u2019m paranoid about the whole cryptocurrency issue and I think I\u2019m going to remain paranoid about it for a long time,\u201D said Representative Emanuel Cleaver (D-MO), a senior member of the committee.&nbsp;<\/span>","<span data-v-f87c67ca=\"\">Das repeatedly described FinCEN as \u201Cvery focused\u201D on this range of issues, noting an <\/span><a href=\"https:\/\/www.theblockcrypto.com\/linked\/136637\/us-fincen-russia-crypto-sanctions-alert\" data-v-f87c67ca=\"\"><span data-v-f87c67ca=\"\">alert that the office put ou<\/span><\/a><span data-v-f87c67ca=\"\">t in March.&nbsp;<\/span>","<span data-v-f87c67ca=\"\">\u201CWe\u2019ve not seen large-scale evasion of sanctions through cryptocurrency,\u201D said Das. \u201CBut we are mindful of that.\u201D<\/span>","<span data-v-f87c67ca=\"\">The issue of self-hosting has cropped up as a particular area of concern. The Block\u2019s readers may remember a <\/span><a href=\"https:\/\/www.theblockcrypto.com\/post\/99898\/what-comes-next-for-the-us-treasury-departments-plans-to-monitor-crypto-wallets\" data-v-f87c67ca=\"\"><span data-v-f87c67ca=\"\">rule from the final weeks of Steve Mnuchin\u2019s Treasury<\/span><\/a><span data-v-f87c67ca=\"\"> that would require crypto exchanges and intermediaries to identify the owners of self-hosted wallets with which they transact.&nbsp;<\/span>","<span data-v-f87c67ca=\"\">While that rule has not publicly seen any progress, its principles remain core to the current debate.<\/span>","<span data-v-f87c67ca=\"\">\u201CI worry that we are less equipped to handle transactions involving self-hosted wallets or that are generally off-exchange,\u201D said Rep. Bill Foster (D-IL), who also co-chairs the Congressional Blockchain Caucus. He continued, referencing the testimony of several CEOs of crypto firms at <\/span><a href=\"https:\/\/www.theblockcrypto.com\/post\/126866\/what-we-learned-at-congress-much-anticipated-summit-of-crypto-execs\" data-v-f87c67ca=\"\"><span data-v-f87c67ca=\"\">a December hearing<\/span><\/a><span data-v-f87c67ca=\"\">:&nbsp;<\/span>","<span data-v-f87c67ca=\"\">\u201CThere is no alternative to having all crypto transactions pseudonymously attached to a legally traceable secure digital identity from a country that we have extradition treaties with.\u201D&nbsp;<\/span>","<span data-v-f87c67ca=\"\">Das responded that \u201CIt is not that unhosted wallets are entirely opaque.\u201D<\/span>","<span data-v-f87c67ca=\"\">The concept of a fixed digital identity attached to crypto addresses is, however, controversial.&nbsp;<\/span>","<span data-v-f87c67ca=\"\">\u201CYou get registered at birth and you become documented in the system and, frankly, everything\u2019s like a multi-sig wallet where the government\u2019s got to sign off on access to anything, basically. That\u2019s his vision for the future. To him, it seems like a utopia and to me, it seems like a dystopia,\u201D Rep. Warren Davidson (R-OH), who also sits on the Financial Services Committee, told The Block.&nbsp;<\/span>","<span data-v-f87c67ca=\"\">Elaborating on his proposal, Foster told The Block: <\/span>","<span data-v-f87c67ca=\"\">Foster has not yet introduced legislation that would set up this sort of identity regime.&nbsp;<\/span>"],"hashtag":["HOUSE FINANCIAL SERVICES COMMITTEE"]}