{"summary":"The new hire another sign Coinbase is quickly approaching an IPO.\nAnil Gupta will lead the exchange\u2019s investor relations efforts, according to a LinkedIn update.","author":["Frank Chaparro","The Block"],"webName":"theblock.co","link":"https:\/\/www.theblock.co\/post\/89553\/coinbase-facebook-investor-relations-ipo","publishDate":"2020-12-29T13:46:37","id":676,"type":null,"title":"Coinbase nabs Facebook investor relations director ahead of IPO","category":["The Block"],"content":["Ahead of its hotly anticipated initial public offering, crypto exchange operator Coinbase has hired an investor relations executive from <a href=\"https:\/\/www.theblockcrypto.com\/linked\/16832\/facebook-is-on-the-look-out-for-a-lawyer-with-blockchain-experience\" data-v-f87c67ca=\"\">Facebook<\/a> to serve as its face to Wall Street.","Anil Gupta, previously a director of investor relations at the social media giant, announced Monday on LinkedIn that he is joining the crypto exchange to \"lead their Investor Relations efforts.\"","\"Today is my last day at Facebook. The past 8+ years (that\u2019s 33 earnings calls!) have been nothing short of spectacular. I have learned, grown, and accomplished more than I could have ever imagined,\" Gupta wrote in a LinkedIn status.","Gupta joined <a href=\"https:\/\/www.theblockcrypto.com\/linked\/16859\/report-facebook-stored-200-600-million-user-passwords-in-plain-text-for-years\" data-v-f87c67ca=\"\">Facebook<\/a> in 2012 \u2014 the year the company had its own market debut. He previously held positions in equity research at Imperial Capital and Oppenheimer.","In his new role at Coinbase, Gupta will likely be tasked with engaging with the sell-side and shaping the way Coinbase is pitched as a public investment to big pension funds and asset managers. When Coinbase goes public, he will likely lead a team that works hand-in-hand with the CFO on presenting quarterly results.","The firm filed a confidential S1 ahead of its IPO and is expecting to tap the public markets in the first quarter of the new year. The firm has already enlisted Goldman Sachs as an investment banking adviser for its IPO.","After publication, Coinbase CFO Alesia Haas told The Block: \u201CWe are beyond delighted to have Anil join Coinbase and lead our IR efforts as we embark on the next stage of Coinbase\u2019s journey.\u201D"],"hashtag":["COINBASE"]}