{"summary":"Bitcoin was trading at around $20,800, down 1%, and ether dropped 1.4%.\nCrypto stocks closed in the red.","author":["Adam Morgan McCarthy","Christiana Loureiro","The Block"],"webName":"theblock.co","link":"https:\/\/www.theblock.co\/post\/203465\/binance-ether-bitcoin-all-lower-as-us-economy-slows","publishDate":"2023-01-18T16:38:34","id":705,"type":null,"title":"Binance, ether, bitcoin all lower as US economy slows","category":["Markets"],"content":["BNB, ether and bitcoin slid with traditional markets after U.S. economic data showed signs of an economy starting to take a breather.","Retail sales fell <a href=\"https:\/\/www.investing.com\/economic-calendar\/retail-sales-256\" data-v-f87c67ca=\"\">more than<\/a> expected, tripping up what had been an improving market.","Bitcoin was trading at around $20,800 at 4:15 p.m. EST, according to TradingView data.","Ether was down 1.4%. Binance's BNB fell 1.3%. Binance traded lower earlier in the day after the market reacted \u2014 erroneously \u2014 to an announcement of a pending enforcement action from the U.S. Department of Justice. That action was <a href=\"https:\/\/www.theblock.co\/post\/203430\/bitzlato-founder-arrested-for-allegedly-processing-700-million-in-illicit-funds\" data-v-f87c67ca=\"\">actually<\/a>&nbsp;against a little known outfit named Bitzlato.","U.S. stock indices ended the day down. The S&amp;P 500 and the Nasdaq 100 dropped 1.6% and 1.2%, respectively.&nbsp;","Coinbase, which is <a href=\"https:\/\/www.theblock.co\/post\/203201\/coinbase-halts-operations-in-japan-citing-market-conditions\" data-v-f87c67ca=\"\">shuttering<\/a> operations in Japan, dropped by 7.3%, according to Nasdaq data. Despite the down day, the exchange has rallied since the beginning of the year.","Silvergate dropped 8.4%. The crypto-friendly bank <a href=\"https:\/\/www.theblock.co\/post\/202744\/silvergate-bank-loss\" data-v-f87c67ca=\"\">disclosed<\/a> a $1 billion loss on Tuesday as it shared fourth-quarter results. Shares rallied despite the fact as the core business is intact, <a href=\"https:\/\/www.theblock.co\/post\/202763\/silvergate-shares-jump-in-pre-market-trading-despite-loss-as-bank-well-capitalized\" data-v-f87c67ca=\"\">according<\/a> to KBW analysts.","MicroStrategy shares decreased 6.2%. The firm, which is expected to report fourth-quarter earnings this month, announced that its Brazilian unit is facing an <a href=\"https:\/\/www.sec.gov\/Archives\/edgar\/data\/1050446\/000119312523009591\/d411935dex991.htm\" data-v-f87c67ca=\"\">investigation<\/a> into anticompetitive conduct in the country dating back to 2018, but that it secured a leniency agreement with the country's General Superintendence of the Administrative Council for Economic Defense."],"hashtag":["BINANCE","BITCOIN","BNB","COINBASE","ECONOMIC INDICATORS","EQUITY MOVERS","ETHEREUM","POLYGON","RATE DECISIONS","SHIBA INU","SOLANA","XRP"]}