{"summary":"Former FTX executive Zane Tackett shares insights from his work with Sam Bankman-Fried at FTX, highlighting how the exchange\u2019s terms of service could potentially undermine SBF\u2019s legal defense.","author":["Davis Quinton","Frank Chaparro","The Block"],"webName":"theblock.co","link":"https:\/\/www.theblock.co\/post\/254949\/ftx-sbf-tackett","publishDate":"2023-10-05T11:31:04","id":713,"type":null,"title":"Former FTX executive explains what everyone doesn&#x27;t understand about the exchange&#x27;s meltdown","category":["Companies"],"content":["<i data-v-f87c67ca=\"\">Episode 87<\/i><b data-v-f87c67ca=\"\"><i data-v-f87c67ca=\"\">&nbsp;<\/i><\/b><i data-v-f87c67ca=\"\">of Season 5 of The Scoop was recorded with <b data-v-f87c67ca=\"\">The Block's Frank Chaparro and FTX's former head of institutional sales, Zane Tackett.<\/b><\/i>","<i data-v-f87c67ca=\"\">Listen below, and subscribe to The Scoop on <a href=\"https:\/\/www.youtube.com\/channel\/UCqjFueYMJ78eF6G0lGLzzpQ\" data-v-f87c67ca=\"\">Youtube<\/a>, <\/i><a href=\"https:\/\/podcasts.apple.com\/us\/podcast\/the-scoop\/id1460134454\" data-v-f87c67ca=\"\"><i data-v-f87c67ca=\"\">Apple<\/i><\/a><i data-v-f87c67ca=\"\">,&nbsp;<\/i><a href=\"https:\/\/open.spotify.com\/show\/7qwrgTJ5CYDXAaVILNZuEd\" data-v-f87c67ca=\"\"><i data-v-f87c67ca=\"\">Spotify<\/i><\/a><i data-v-f87c67ca=\"\">,&nbsp;<\/i><a href=\"https:\/\/podcasts.google.com\/feed\/aHR0cHM6Ly9mZWVkcy5tZWdhcGhvbmUuZm0vdGhlYmxvY2stdGhlc2Nvb3A?sa=X&amp;ved=0CAMQ4aUDahcKEwionbSO9fbxAhUAAAAAHQAAAAAQAg\" data-v-f87c67ca=\"\"><i data-v-f87c67ca=\"\">Google Podcasts<\/i><\/a><i data-v-f87c67ca=\"\">,&nbsp;<\/i><a href=\"https:\/\/www.stitcher.com\/podcast\/the-block-2\/the-scoop-4\" data-v-f87c67ca=\"\"><i data-v-f87c67ca=\"\">Stitcher<\/i><\/a>,<i data-v-f87c67ca=\"\"> or wherever you listen to podcasts. Please send feedback and revision requests to <a href=\"\/cdn-cgi\/l\/email-protection\" class=\"__cf_email__\" data-cfemail=\"15657a717674666155617d7077797a767e3b767a\">[email&nbsp;protected]<\/a>.<\/i>","<iframe frameborder=\"0\" height=\"315\" src=\"\/\/www.youtube.com\/embed\/1Z9heVKU9sg?si=DLle1fzoU5YtLCx4\" title=\"YouTube video player\" width=\"560\" data-v-f87c67ca=\"\"><\/iframe>","Zane Tackett is the former head of institutional sales at FTX.","In this episode, Tackett recounts his experience working with Sam Bankman-Fried at FTX and explains how the exchange's terms of service blow a hole in SBF's criminal defense.","Although SBF claims he is not guilty of fraud, Tackett says \"it's obvious that he knew what he was doing.\"<br data-v-f87c67ca=\"\">\n<br data-v-f87c67ca=\"\">\n<strong data-v-f87c67ca=\"\">OUTLINE:<\/strong><br data-v-f87c67ca=\"\">\n<span class=\"yt-core-attributed-string--link-inherit-color\" data-v-f87c67ca=\"\"><a class=\"yt-core-attributed-string__link yt-core-attributed-string__link--display-type yt-core-attributed-string__link--call-to-action-color\" tabindex=\"0\" href=\"https:\/\/www.youtube.com\/watch?v=1Z9heVKU9sg&amp;t=0s\" target=\"\" rel=\"nofollow noopener\" data-v-f87c67ca=\"\">00:00<\/a><\/span><span class=\"yt-core-attributed-string--link-inherit-color\" data-v-f87c67ca=\"\"> Introduction<br data-v-f87c67ca=\"\">\n<\/span><span class=\"yt-core-attributed-string--link-inherit-color\" data-v-f87c67ca=\"\"><a class=\"yt-core-attributed-string__link yt-core-attributed-string__link--display-type yt-core-attributed-string__link--call-to-action-color\" tabindex=\"0\" href=\"https:\/\/www.youtube.com\/watch?v=1Z9heVKU9sg&amp;t=212s\" target=\"\" rel=\"nofollow noopener\" data-v-f87c67ca=\"\">03:32<\/a><\/span><span class=\"yt-core-attributed-string--link-inherit-color\" data-v-f87c67ca=\"\"> FTX's Business Model<br data-v-f87c67ca=\"\">\n<\/span><span class=\"yt-core-attributed-string--link-inherit-color\" data-v-f87c67ca=\"\"><a class=\"yt-core-attributed-string__link yt-core-attributed-string__link--display-type yt-core-attributed-string__link--call-to-action-color\" tabindex=\"0\" href=\"https:\/\/www.youtube.com\/watch?v=1Z9heVKU9sg&amp;t=416s\" target=\"\" rel=\"nofollow noopener\" data-v-f87c67ca=\"\">06:56<\/a><\/span><span class=\"yt-core-attributed-string--link-inherit-color\" data-v-f87c67ca=\"\"> FTX's Balance Sheet<br data-v-f87c67ca=\"\">\n<\/span><span class=\"yt-core-attributed-string--link-inherit-color\" data-v-f87c67ca=\"\"><a class=\"yt-core-attributed-string__link yt-core-attributed-string__link--display-type yt-core-attributed-string__link--call-to-action-color\" tabindex=\"0\" href=\"https:\/\/www.youtube.com\/watch?v=1Z9heVKU9sg&amp;t=606s\" target=\"\" rel=\"nofollow noopener\" data-v-f87c67ca=\"\">10:06<\/a><\/span><span class=\"yt-core-attributed-string--link-inherit-color\" data-v-f87c67ca=\"\"> Michael Lewis: Going Infinite<br data-v-f87c67ca=\"\">\n<\/span><span class=\"yt-core-attributed-string--link-inherit-color\" data-v-f87c67ca=\"\"><a class=\"yt-core-attributed-string__link yt-core-attributed-string__link--display-type yt-core-attributed-string__link--call-to-action-color\" tabindex=\"0\" href=\"https:\/\/www.youtube.com\/watch?v=1Z9heVKU9sg&amp;t=674s\" target=\"\" rel=\"nofollow noopener\" data-v-f87c67ca=\"\">11:14<\/a><\/span><span class=\"yt-core-attributed-string--link-inherit-color\" data-v-f87c67ca=\"\"> The Real SBF<br data-v-f87c67ca=\"\">\n<\/span><span class=\"yt-core-attributed-string--link-inherit-color\" data-v-f87c67ca=\"\"><a class=\"yt-core-attributed-string__link yt-core-attributed-string__link--display-type yt-core-attributed-string__link--call-to-action-color\" tabindex=\"0\" href=\"https:\/\/www.youtube.com\/watch?v=1Z9heVKU9sg&amp;t=962s\" target=\"\" rel=\"nofollow noopener\" data-v-f87c67ca=\"\">16:02<\/a><\/span><span class=\"yt-core-attributed-string--link-inherit-color\" data-v-f87c67ca=\"\"> FTX 2.0<br data-v-f87c67ca=\"\">\n<\/span><span class=\"yt-core-attributed-string--link-inherit-color\" data-v-f87c67ca=\"\"><a class=\"yt-core-attributed-string__link yt-core-attributed-string__link--display-type yt-core-attributed-string__link--call-to-action-color\" tabindex=\"0\" href=\"https:\/\/www.youtube.com\/watch?v=1Z9heVKU9sg&amp;t=1034s\" target=\"\" rel=\"nofollow noopener\" data-v-f87c67ca=\"\">17:14<\/a><\/span><span class=\"yt-core-attributed-string--link-inherit-color\" data-v-f87c67ca=\"\"> FTX Estate Asset Recovery<br data-v-f87c67ca=\"\">\n<\/span><span class=\"yt-core-attributed-string--link-inherit-color\" data-v-f87c67ca=\"\"><a class=\"yt-core-attributed-string__link yt-core-attributed-string__link--display-type yt-core-attributed-string__link--call-to-action-color\" tabindex=\"0\" href=\"https:\/\/www.youtube.com\/watch?v=1Z9heVKU9sg&amp;t=1070s\" target=\"\" rel=\"nofollow noopener\" data-v-f87c67ca=\"\">17:50<\/a><\/span><span class=\"yt-core-attributed-string--link-inherit-color\" data-v-f87c67ca=\"\"> FTX Hacked Funds<br data-v-f87c67ca=\"\">\n<\/span><span class=\"yt-core-attributed-string--link-inherit-color\" data-v-f87c67ca=\"\"><a class=\"yt-core-attributed-string__link yt-core-attributed-string__link--display-type yt-core-attributed-string__link--call-to-action-color\" tabindex=\"0\" href=\"https:\/\/www.youtube.com\/watch?v=1Z9heVKU9sg&amp;t=1146s\" target=\"\" rel=\"nofollow noopener\" data-v-f87c67ca=\"\">19:06<\/a><\/span><span class=\"yt-core-attributed-string--link-inherit-color\" data-v-f87c67ca=\"\"> Crypto\u2019s Capital Markets<br data-v-f87c67ca=\"\">\n<\/span><span class=\"yt-core-attributed-string--link-inherit-color\" data-v-f87c67ca=\"\"><a class=\"yt-core-attributed-string__link yt-core-attributed-string__link--display-type yt-core-attributed-string__link--call-to-action-color\" tabindex=\"0\" href=\"https:\/\/www.youtube.com\/watch?v=1Z9heVKU9sg&amp;t=1254s\" target=\"\" rel=\"nofollow noopener\" data-v-f87c67ca=\"\">20:54<\/a><\/span><span class=\"yt-core-attributed-string--link-inherit-color\" data-v-f87c67ca=\"\"> CeFi vs. DeFI<br data-v-f87c67ca=\"\">\n<\/span><span class=\"yt-core-attributed-string--link-inherit-color\" data-v-f87c67ca=\"\"><a class=\"yt-core-attributed-string__link yt-core-attributed-string__link--display-type yt-core-attributed-string__link--call-to-action-color\" tabindex=\"0\" href=\"https:\/\/www.youtube.com\/watch?v=1Z9heVKU9sg&amp;t=1387s\" target=\"\" rel=\"nofollow noopener\" data-v-f87c67ca=\"\">23:07<\/a><\/span><span class=\"yt-core-attributed-string--link-inherit-color\" data-v-f87c67ca=\"\"> Effective Altruism<br data-v-f87c67ca=\"\">\n<\/span><span class=\"yt-core-attributed-string--link-inherit-color\" data-v-f87c67ca=\"\"><a class=\"yt-core-attributed-string__link yt-core-attributed-string__link--display-type yt-core-attributed-string__link--call-to-action-color\" tabindex=\"0\" href=\"https:\/\/www.youtube.com\/watch?v=1Z9heVKU9sg&amp;t=1564s\" target=\"\" rel=\"nofollow noopener\" data-v-f87c67ca=\"\">26:04<\/a><\/span><span class=\"yt-core-attributed-string--link-inherit-color\" data-v-f87c67ca=\"\"> SBF Trial<br data-v-f87c67ca=\"\">\n<\/span><span class=\"yt-core-attributed-string--link-inherit-color\" data-v-f87c67ca=\"\"><a class=\"yt-core-attributed-string__link yt-core-attributed-string__link--display-type yt-core-attributed-string__link--call-to-action-color\" tabindex=\"0\" href=\"https:\/\/www.youtube.com\/watch?v=1Z9heVKU9sg&amp;t=1977s\" target=\"\" rel=\"nofollow noopener\" data-v-f87c67ca=\"\">32:57<\/a><\/span><span class=\"yt-core-attributed-string--link-inherit-color\" data-v-f87c67ca=\"\"> Closing Thoughts<\/span>"],"hashtag":["FTX"]}