{"summary":"Commodities Futures Trading Commission Chair Rostin Behnam wants new authority to oversee cryptocurrency after FTX filed for bankruptcy protection.\n\nBehnam was the sole witness during the first Senate hearing on the FTX collapse, and responded to questions about his agency\u2019s handling of the fallen crypto giant and his continued call for legislation. ","author":["Stephanie Murray","The Block"],"webName":"theblock.co","link":"https:\/\/www.theblock.co\/post\/191407\/cftc-chair-behnam-walks-fine-line-during-congress-first-ftx-hearing","publishDate":"2022-12-01T12:10:34","id":744,"type":null,"title":"CFTC Chair Behnam walks fine line during Congress&#x27; first FTX hearing","category":["Policy"],"content":["After crypto exchange behemoth FTX imploded in a matter of days, the chair of the Commodities Futures Trading Commission walked a fine line in continuing his call for the same legislation Sam Bankman-Fried lobbied for as a means to prevent future failures.&nbsp;","\u201CWe lacked the authority to comprehensively regulate the digital commodity market,\u201D Behnam said. \u201CTo prevent this from happening again, we must be provided appropriate authority by Congress.\"","CFTC Chair Rostin Behnam appeared as the sole witness at the first Senate hearing on the FTX catastrophe, sitting in the spotlight to continue to lobby for the legislation he's pushed for following the collapse and contagion it has sent through the digital asset industry.&nbsp;","FTX applied to the CFTC last year to serve as a derivatives clearing organization while permitting direct margin trading. The firm <a href=\"https:\/\/www.theblock.co\/post\/186673\/ftxs-cftc-application-to-offer-direct-trading-is-dead\" data-v-f87c67ca=\"\">pulled<\/a> its application last month. Behnam said he met with FTX officials 10 times to discuss its application and was personally involved in the process due to the sensitivity of the issue.&nbsp;","\"It's really important to understand that by law, by statute, we needed to address and respond to the application. We did not have flexibility to put it on the side of the desk or disregard it. We had to respond to it,\" Behnam said.&nbsp;","Sen. Michael Bennet, D-Colo., pressed Behnam as to why Bankman-Fried and his company aggressively lobbied for the Stabenow-Boozman bill.","The firm probably would not have complied with the legislation if it became law, according to bankruptcy filings and Bankman-Fried\u2019s own admissions about how he ran FTX.","\u201CThe thing that\u2019s given me pause is just thinking about why FTX would have lobbied so hard for a bill that it could never comply with,\u201D Bennet said.","Behnam replied that he has wondered the same thing.","\u201CI can't speak to what Mr. Bankman-Fried or anyone at FTX was thinking,\u201D Behnam said. \u201CThey would have been so far out of compliance that it just wouldn't have been possible.\u201D","Behnam argued that digital assets will exist even if the U.S. government were to decide to push the entire industry offshore.&nbsp;","\u201CI don\u2019t think we can regulate this out of existence,\" he said. \"Even if we try to regulate it [to] outside the borders of this country, it would still exist elsewhere, and that risk would inevitably come back to us through retail or institutional [investors].\u201D","More crypto firms might move to the United States if policymakers establish a federal framework around the market, Behnam argued, with more structure around the entire industry, including the enforcement of audited financial disclosures that would help safeguard against the mixing of customer funds with proprietary ones.&nbsp;","That is a core argument in favor of the legislation from the most senior members of the Senate Agriculture Committee that Behnam appeared before on Thursday. Sen. Debbie Stabenow, D-Mich., and ranking Republican Sen. John Boozman of Arkansas, co-authors of the legislation Behnam wants, have pledged to move forward on the bill.&nbsp;","\u201CAt best, these events uncovered an alarming lack of internal controls and egregious governance failures. At worst, Sam Bankman-Fried and his inner circle lied to and stole from over 1 million customers,\u201D Stabenow said.","Boozman echoed the sentiment.&nbsp;","\u201CI remain committed to advancing a final version of the bill that will allow for the creation of safeguards the market desperately needs,\u201D said the Arkansas Republican.","Behnam also spoke positively about the legislation, which proponents of decentralized finance oppose.","Without new authority for the CFTC, Behnam repeated a point he has stressed in the past, saying \"there will remain gaps in a federal regulatory framework.\" He pointed to issues of conflicts of interest at FTX, along with allegations of commingling customer funds, the failure to keep sufficient records, and a lack of risk controls.&nbsp;","\"The DCCPA does address these issues and would have prohibited those actions from occurring at FTX,\" Behnam said.&nbsp;","The CFTC boss also pushed back on the perception that his agency is more lenient than the Securities and Exchange Commission, and emphasized that he would continue to work with the SEC if the legislation becomes law. A draft of the bill obtained by The Block, before FTX's collapse, would keep the SEC as the authority over whether digital assets would be determined to be securities or commodities \u2014 with only the latter falling under CFTC jurisdiction.","SEC Chair Gary Gensler has said that most digital assets, potentially including ether, fall under the definition of a security, while also implying that the DCCPA could complicate his agency's enforcement role.&nbsp;","\u201CIf individuals took a harder look at our record,\u201D Behnam said. \u201CThey would understand we're the farthest thing from a light-touch regulator. We're one of the strongest, most respected regulators in the world.\"","\"We need to bring these principles into this market to protect customers,\" Behnam added.&nbsp;","The CFTC chair noted that his agency is coordinating with the SEC on an investigation into FTX.&nbsp;","&nbsp;","<em data-v-f87c67ca=\"\">UPDATE: Story updated with question and response between Bennet and Behnam.&nbsp;<\/em>"],"hashtag":["CFTC","SENATE AGRICULTURE COMMITTEE"]}