{"summary":"This past week in crypto saw several major stories including the latest developments in the FTX case, $600 million in new VC funding, Mt. Gox repayment updates, and why one company is leaving the UK while others are building in Asia. ","author":["Zack Abrams","The Block"],"webName":"theblock.co","link":"https:\/\/www.theblock.co\/post\/252669\/five-top-crypto-stories-this-past-week-new-ftx-lawsuit-mt-gox-deadline-investment-funds-and-more","publishDate":"2023-09-23T13:37:57","id":748,"type":null,"title":"Five top crypto stories this past week: New FTX lawsuit, Mt. Gox deadline, investment funds and more","category":["Companies"],"content":["<span data-v-f87c67ca=\"\">Five major stories made headlines in crypto this past week. FTX has sued Sam Bankman-Fried\u2019s parents in an attempt to recover millions, while fellow defunct exchange Mt. Gox has pushed back its repayment deadline. Also, ByBit suspends operations in the UK as Web3 growth accelerates in Asia and VC interest in crypto is far from dead.&nbsp;<\/span>","<span data-v-f87c67ca=\"\">Let\u2019s take a closer look at each story in this recap.&nbsp;<\/span>","<span data-v-f87c67ca=\"\">Cryptocurrency exchange FTX has <\/span><a href=\"https:\/\/www.theblock.co\/post\/251658\/ftx-sues-sbf-parents\" data-v-f87c67ca=\"\"><span data-v-f87c67ca=\"\">sued<\/span><\/a><span data-v-f87c67ca=\"\"> Joseph Bankman and Barbara Fried, parents of its founder Sam Bankman-Fried, accusing them of exploiting their influence within FTX to gain millions of dollars. The court documents suggest they used their positions to benefit personally at the expense of the company's debtors and creditors.&nbsp;<\/span>","<span data-v-f87c67ca=\"\">Despite FTX's public image, it was internally described as a \"family business.\" In 2022, the duo purchased a $16.4 million luxury property in The Bahamas using funds sourced from the company. The lawsuit also touches on their involvement in significant political and charitable donations, seemingly to boost their own status.<\/span>","<span data-v-f87c67ca=\"\">Crypto exchange Bybit has decided to suspend its services in the UK in anticipation of new crypto marketing regulations set to be implemented by the UK's Financial Conduct Authority (FCA) next month. The <\/span><a href=\"https:\/\/www.theblock.co\/post\/252526\/bybit-suspends-services-uk-after-ceo-ben-zhou-said-exit-likely\" data-v-f87c67ca=\"\"><span data-v-f87c67ca=\"\">move<\/span><\/a><span data-v-f87c67ca=\"\"> will affect new UK users starting Oct. 1 and existing users from Oct. 8. Bybit's decision comes after its CEO Ben Zhou hinted at a probable exit from the UK due to these regulatory changes. The new rules aim to make crypto product marketing more transparent and accurate.&nbsp;<\/span>","<span data-v-f87c67ca=\"\">Bybit has set a final deadline of Jan. 8, 2024 for UK customers to settle their positions, after which any remaining positions will be automatically liquidated. The duration of this suspension is unclear, but Bybit mentioned that this break would allow them to better align with future UK regulations.<\/span>","<span data-v-f87c67ca=\"\">The defunct bitcoin exchange Mt. Gox has <\/span><a href=\"https:\/\/www.theblock.co\/post\/252274\/mt-gox-deadline-october-2024\" data-v-f87c67ca=\"\"><span data-v-f87c67ca=\"\">postponed<\/span><\/a><span data-v-f87c67ca=\"\"> its deadline for rehabilitation creditor repayments from Oct. 31, 2023, to Oct. 31, 2024. Despite this overall delay, some repayments might still commence by the end of 2023 for creditors who have already submitted the necessary information.&nbsp;<\/span>","<span data-v-f87c67ca=\"\"><span data-v-f87c67ca=\"\">The delay led <span data-v-f87c67ca=\"\"><span data-v-f87c67ca=\"\">Bitcoin <\/span><span class=\"articleTooltip\" data-v-baf5685a=\"\" data-v-f87c67ca=\"\"><a href=\"\/price\/248348\/bitcoin-btc-usd\" class=\"articleTooltip__link\" data-v-baf5685a=\"\"><img src=\"https:\/\/www.tbstat.com\/wp\/uploads\/2023\/10\/bitcoin.png\" alt=\"\" title=\"\" class=\"articleTooltip__tokenImage\" data-v-baf5685a=\"\"> <span class=\"articleTooltip__tokenText\" data-v-baf5685a=\"\">BTC<\/span> <span class=\"articleTooltip__tokenText articleTooltip__tokenText_price articleTooltip__tokenText_positive\" data-v-baf5685a=\"\">\n      +0.27%\n    <\/span><\/a> <!----><\/span><\/span>\u2019s price to <\/span><\/span><a href=\"https:\/\/www.theblock.co\/post\/251735\/bitcoin-bounce-mt-gox-delay-rumors-targets-22000-qcp\" data-v-f87c67ca=\"\"><span data-v-f87c67ca=\"\">bounce<\/span><\/a><span data-v-f87c67ca=\"\">. However, trading firm QCP Capital remains bearish on Bitcoin's outlook, targeting a price of $22,000 for the cryptocurrency in October. The firm also highlighted potential global risks and the possibility of a U.S. government shutdown that could further impact the crypto market in the fourth quarter.<\/span>","<span data-v-f87c67ca=\"\">Blockchain Capital, a San Francisco-based venture capital firm, has successfully <\/span><a href=\"https:\/\/www.theblock.co\/post\/251367\/blockchain-capital-580-million-two-new-funds\" data-v-f87c67ca=\"\"><span data-v-f87c67ca=\"\">raised $580 million<\/span><\/a><span data-v-f87c67ca=\"\"> for two new crypto investment funds. The company announced its sixth early-stage venture fund and a first opportunity fund, with significant contributions from payments giant Visa. Despite a decline in venture investment in crypto startups over the past year, Blockchain Capital has remained active, leading several significant funding rounds and focusing on investments in crypto startups across various sectors.&nbsp;<\/span>","<span data-v-f87c67ca=\"\">In addition, Proof of Play, a blockchain-gaming startup led by FarmVille co-creator Amitt Mahajan, has <\/span><a href=\"https:\/\/www.theblock.co\/post\/252387\/farmville-co-creators-startup-raises-33-million-from-a16z-crypto-and-others\" data-v-f87c67ca=\"\"><span data-v-f87c67ca=\"\">secured $33 million<\/span><\/a><span data-v-f87c67ca=\"\"> in a seed round. This funding round saw participation from notable investors such as a16z crypto, Anchorage Digital, and Naval Ravikant. Proof of Play aims to develop engaging and accessible blockchain games, with its first title, Pirate Nation, already released in beta form. Mahajan, who also served as an executive at Zynga, emphasized the potential of blockchain in making games timeless, reflecting on the shutdown of FarmVille in 2020.<\/span>","<span data-v-f87c67ca=\"\">Recent crypto conferences held in Asia during September have showcased a <\/span><a href=\"https:\/\/www.theblock.co\/post\/252619\/electric-vibe-at-asia-crypto-conferences-points-toward-growing-momentum-in-region\" data-v-f87c67ca=\"\"><span data-v-f87c67ca=\"\">growing momentum<\/span><\/a><span data-v-f87c67ca=\"\"> and optimism in the region's digital asset industry. The conferences witnessed higher attendance and a notably more positive sentiment regarding the future of digital assets compared to their American counterparts. Countries like South Korea, Singapore, and Hong Kong are emerging as significant players in the crypto space. South Korea, in particular, has seen a surge in interest in crypto among retail traders, with cultural factors and the inaccessibility of traditional assets like real estate playing a role.&nbsp;<\/span>","<span data-v-f87c67ca=\"\">Institutional interest is also on the rise, with some crypto-focused firms raising over $100 million. Despite challenges for Westerners to access the Korean market due to its corporate structure, many are keen to tap into its potential. South Korea-based Upbit, for instance, has recorded higher monthly trading volumes than U.S.-based Coinbase. Meanwhile, Hong Kong is making strides to become more crypto-friendly, with China working behind the scenes to position the city as a hub for crypto innovation.<\/span>","<i data-v-f87c67ca=\"\"><span data-v-f87c67ca=\"\">This article was produced with the assistance of OpenAI's ChatGPT 4.<\/span><\/i>"],"hashtag":["ASIAN PARLIAMENTS","FTX","NEW VC FUNDS","SEED &AMP; PRE-SEED","UK PARLIAMENT"]}