{"summary":"The revamped Leather wallet is aiming to create a bridge between the Bitcoin network and emerging Layer 2 solutions.\nThe wallet is self-custodied, open-source and audited, allowing users to secure and manage Bitcoin, Stacks L2 and other Bitcoin-secured assets like BRC-20.","author":["Nathan Crooks","The Block"],"webName":"theblock.co","link":"https:\/\/www.theblock.co\/post\/248102\/trust-machines-launches-new-bitcoin-wallet-brand-called-leather","publishDate":"2023-08-31T12:00:02","id":752,"type":null,"title":"Trust Machines launches new Bitcoin wallet brand called Leather","category":["Companies"],"content":["<a href=\"https:\/\/trustmachines.co\/about-us\/\" data-v-f87c67ca=\"\"> Trust Machines<\/a>, a web3 firm building out an ecosystem of Bitcoin applications, announced the launch of its flagship wallet, <a href=\"https:\/\/leather.io\/\" data-v-f87c67ca=\"\">Leather<\/a>, after the acquisition and rebranding of <a href=\"https:\/\/wallet.hiro.so\/\" data-v-f87c67ca=\"\">Hiro Wallet<\/a>.","While the wallet already supported <a href=\"https:\/\/www.theblock.co\/post\/153283\/bitcoin-beyond-the-base-layer-commissioned-by-trust-machines\" data-v-f87c67ca=\"\">Stacks L2<\/a> functionality along with Bitcoin Ordinals, the company said the revamped offering is aiming to create a bridge between the Bitcoin network and emerging <a href=\"https:\/\/www.theblock.co\/post\/247268\/coinbase-base-optimism\" data-v-f87c67ca=\"\">Layer 2<\/a> solutions.","\"To take Bitcoin to a billion users we need to make Bitcoin and Bitcoin L2s simple and intuitive to use,\" Trust Machines CEO and Co-Founder Muneeb Ali said in a statement. \"Instilling trust and security through decentralization is a key factor of our Bitcoin wallet.\"","The wallet is <span data-v-f87c67ca=\"\">self-custodied, open-source and audited, allowing users to secure and manage Bitcoin, <a href=\"https:\/\/www.theblock.co\/post\/215226\/this-week-in-markets-stx-is-bright-spot-while-bitcoin-ether-stagnate-with-market\" data-v-f87c67ca=\"\">Stacks L2<\/a> and other Bitcoin-secured assets such as BRC-20, according to the statement. It also supports the d<\/span>eposit, view, creation, trade and transfer of Ordinals, Stacks NFTs and Bitcoin Stamps.","The product supports emerging Bitcoin layers and features including the Lightning Network and Stacks, along with native mechanisms like Stacking, and users can connect to Bitcoin NFT marketplaces such as Gamma and decentralized exchanges including ALEX and Velar. The wallet is integrated with hundreds of apps and platforms including Magic Eden, Rare Stamp, Ord.io, UniSat and On Chain Monkeys.","Before the rebrand, Hiro Wallet had over 375,000 total installations and more than 100,000 monthly active users.","\"This acquisition and rebrand will accelerate Leather\u2019s efforts to drive the global transition to a digital economy based on Bitcoin, onboarding millions of people into Web3 apps powered by Bitcoin and Bitcoin layers such as Stacks and Lightning,\" Leather general manager <span data-v-f87c67ca=\"\">Mark Hendrickson said.<\/span>"],"hashtag":["DECENTRALIZED INFRASTRUCTURE","MAGIC EDEN"]}