{"summary":"Bitcoin is outperforming ether and other altcoins, as its market dominance approaches a multi-year high.\nThe world\u2019s largest digital asset by market cap is up 66% this year, compared with a 32% gain for ether.","author":["Brian McGleenon","The Block"],"webName":"theblock.co","link":"https:\/\/www.theblock.co\/post\/255578\/bitcoins-market-dominance-approaches-multi-year-high","publishDate":"2023-10-10T15:09:44","id":764,"type":null,"title":"Bitcoin&#x27;s market dominance approaches multi-year high","category":["Markets"],"content":["<span data-v-f87c67ca=\"\"><span data-v-f87c67ca=\"\"><span data-v-f87c67ca=\"\">Bitcoin <\/span><span class=\"articleTooltip\" data-v-baf5685a=\"\" data-v-f87c67ca=\"\"><a href=\"\/price\/248348\/bitcoin-btc-usd\" class=\"articleTooltip__link\" data-v-baf5685a=\"\"><img src=\"https:\/\/www.tbstat.com\/wp\/uploads\/2023\/10\/bitcoin.png\" alt=\"\" title=\"\" class=\"articleTooltip__tokenImage\" data-v-baf5685a=\"\"> <span class=\"articleTooltip__tokenText\" data-v-baf5685a=\"\">BTC<\/span> <span class=\"articleTooltip__tokenText articleTooltip__tokenText_price articleTooltip__tokenText_positive\" data-v-baf5685a=\"\">\n      +0.27%\n    <\/span><\/a> <!----><\/span><\/span>'s market dominance is approaching a multi-year high, rising to 51.2% on Tuesday and closing in on the two year high of 52% reached at the end of June, according to TradingView <\/span><a href=\"https:\/\/www.tradingview.com\/symbols\/BTC.D\/\" data-v-f87c67ca=\"\">data<\/a>.","The world's largest digital asset by market cap has outperformed ether and other major altcoins since the beginning of the year. Bitcoin changed hands for $27,354 <span data-preserver-spaces=\"true\" data-v-f87c67ca=\"\">at 2:28 p<\/span><span data-preserver-spaces=\"true\" data-v-f87c67ca=\"\">.m. ET, according to&nbsp;<a class=\"editor-rtfLink\" href=\"https:\/\/www.coingecko.com\/en\/coins\/bitcoin\" target=\"_blank\" rel=\"noopener\" data-v-f87c67ca=\"\">CoinGecko<\/a>.<\/span> The world's largest digital asset by market cap has traded flat over the past seven days, but is still up 66% this year compared with 32% for ether. The world's second-largest digital asset by market cap is priced at $1,561, down almost 6% in the past week.","<iframe frameborder=\"0\" height=\"420\" src=\"https:\/\/www.theblock.co\/data\/crypto-markets\/prices\/bitcoin-dominance\/embed\" title=\"Bitcoin Dominance\" width=\"100%\" data-v-f87c67ca=\"\"><\/iframe>","\"There are many reasons for the current altcoin\/ether underperformance vis-à-vis bitcoin,\" <span data-preserver-spaces=\"true\" data-v-f87c67ca=\"\">Deutsche Digital Assets Head of Research <\/span><span data-preserver-spaces=\"true\" data-v-f87c67ca=\"\">André Dragosch <\/span>told The Block. He said that a major catalyst for the underperformance of ether was the lukewarm reception from institutional investors toward last week's newly deployed <a href=\"https:\/\/www.theblock.co\/post\/253704\/vaneck-to-donate-10-of-ethereum-strategy-etf-profits-to-core-protocol-contributors\" data-v-f87c67ca=\"\">Ethereum Futures ETFs<\/a> in the U.S.","<span data-v-f87c67ca=\"\">\"In aggregate, <span data-v-f87c67ca=\"\"><span data-v-f87c67ca=\"\">Ethereum <\/span><span class=\"articleTooltip\" data-v-baf5685a=\"\" data-v-f87c67ca=\"\"><a href=\"\/price\/248349\/ethereum-eth-usd\" class=\"articleTooltip__link\" data-v-baf5685a=\"\"><img src=\"https:\/\/www.tbstat.com\/wp\/uploads\/2023\/10\/ethereum.png\" alt=\"\" title=\"\" class=\"articleTooltip__tokenImage\" data-v-baf5685a=\"\"> <span class=\"articleTooltip__tokenText\" data-v-baf5685a=\"\">ETH<\/span> <span class=\"articleTooltip__tokenText articleTooltip__tokenText_price articleTooltip__tokenText_positive\" data-v-baf5685a=\"\">\n      +3.01%\n    <\/span><\/a> <!----><\/span><\/span> ETPs only attracted a meager plus $0.9 million in net inflows last week despite the debut of these new ETFs. In comparison, net inflows into Bitcoin ETPs amounted to plus $85.4 million last week,\" <\/span><span data-preserver-spaces=\"true\" data-v-f87c67ca=\"\">Dragosch<\/span> added.","The analyst also attributed the underperformance of ether compared to bitcoin to a recent <a href=\"http:\/\/bitvm.org\/bitvm.pdf\" data-v-f87c67ca=\"\">research paper<\/a> suggesting that the Bitcoin blockchain could potentially handle the smart contract computations associated with the Ethereum network.","\"The underperformance appears to be related to the fact that bitcoin developer Robin Linus published a research paper that suggests that 'any computable function can be verified on bitcoin'.\"","<span data-preserver-spaces=\"true\" data-v-f87c67ca=\"\">Dragosch<\/span> added that this implies that essentially all altcoin utilities could be enabled on the bitcoin blockchain. This is a view that bitcoin pioneer Max Keiser concurred with.","\"<span class=\"css-901oao css-16my406 r-poiln3 r-bcqeeo r-qvutc0\" data-v-f87c67ca=\"\">Ether offers nothing that can\u2019t be done with <\/span><span class=\"r-18u37iz\" data-v-f87c67ca=\"\">bitcoin,\" Keiser told The Block.<\/span>"],"hashtag":["CRYPTO MOVERS"]}