{"summary":"Binance has now brought in stricter measures for blocking U.S. persons from accessing its platform. \nThe exchange is asking users who have identified themselves as U.S. persons to withdraw funds within 14 days. ","author":["Yogita Khatri","The Block"],"webName":"theblock.co","link":"https:\/\/www.theblock.co\/post\/85589\/binance-blocking-us-users-14-day-deadline-new-email","publishDate":"2020-11-24T11:56:23","id":791,"type":null,"title":"Binance is now blocking users &#x27;identified as a US person&#x27; with a 14-day deadline ","category":["Exchanges"],"content":["Crypto exchange Binance is moving to impose stricter measures on U.S.-based users and blocking them from accessing its platform.&nbsp;","Previously, <a href=\"https:\/\/www.theblockcrypto.com\/post\/84020\/binance-blocking-us-users-exchange-email-2\" data-v-f87c67ca=\"\">as The Block first reported<\/a>, Binance was tracking U.S. residents based on their IP addresses and sending them a 90-day notice to withdraw funds.","Now, the exchange is sending a new email to users who have identified themselves as U.S. persons, with a much shorter notice of 14 days to withdraw funds.","The new email, shared with The Block by Binance's customer support team, reads:&nbsp;","The email continues: \"You have 14 days to close all active positions on your account and withdraw all your funds, failing which your account will be locked. Once your account is locked, you will have to raise a customer service ticket for us to assist you further.\"","Decrypt first <a href=\"https:\/\/decrypt.co\/49317\/binance-gives-us-users-14-days-to-leave-exchange\" data-v-f87c67ca=\"\">reported<\/a> the existence of the emails with the 14-day withdrawal window.","The recent measures suggest that Binance is beefing up its efforts to block U.S. residents from its platform. Last year, Binance said it would stop serving U.S. residents from September. But until now, the exchange was still effectively allowing U.S. users to access its platform.","As The Block reported recently, a U.S. resident just had to click \"I'm not [American]\" to set up an account on Binance.com. It remains possible to create an account in this manner.","Following the publication of this story, a spokesperson for Binance told The Block:"],"hashtag":["BINANCE"]}