{"summary":"Crypto lender Celsius made two loans to Three Arrows Capital prior to its collapse.\nIt claims it is owed $75 million from the collapsed hedge fund.","author":["Tim Copeland","Yogita Khatri","Ryan Weeks","The Block"],"webName":"theblock.co","link":"https:\/\/www.theblock.co\/post\/158164\/crypto-lender-celsius-loaned-75-million-to-three-arrows-capital","publishDate":"2022-07-18T14:55:46","id":800,"type":null,"title":"Crypto lender Celsius loaned $75 million to Three Arrows Capital","category":["Companies"],"content":["<span data-contrast=\"auto\" data-v-f87c67ca=\"\">Crypto lender Celsius loaned $75 million to collapsed hedge fund Three Arrows Capital (3AC). <\/span><span data-ccp-props=\"{&quot;201341983&quot;:0,&quot;335551550&quot;:1,&quot;335551620&quot;:1,&quot;335559739&quot;:160,&quot;335559740&quot;:259}\" data-v-f87c67ca=\"\">&nbsp;<\/span>","<span data-contrast=\"none\" data-v-f87c67ca=\"\">Documents obtained by The Block show that Celsius made two loans in the stablecoin USDC to 3AC. One loan was for $50 million and the other for $25 million. That\u2019s according to an affidavit submitted by 3AC co-founder Kyle Davies and a notice of termination from Celsius to 3AC.<\/span><span data-ccp-props=\"{&quot;201341983&quot;:0,&quot;335551550&quot;:1,&quot;335551620&quot;:1,&quot;335559739&quot;:160,&quot;335559740&quot;:259}\" data-v-f87c67ca=\"\">&nbsp;<\/span>","<span data-contrast=\"none\" data-v-f87c67ca=\"\">3AC fell apart after losing significant sums of money when the cryptocurrency Luna (LUNA) and its sister token TerraUSD (UST) experienced a death spiral. It led to large losses for many other crypto firms that had lent it money, often through undercollateralized loans.<\/span><span data-ccp-props=\"{&quot;201341983&quot;:0,&quot;335551550&quot;:1,&quot;335551620&quot;:1,&quot;335559739&quot;:160,&quot;335559740&quot;:259}\" data-v-f87c67ca=\"\">&nbsp;<\/span>","<span data-contrast=\"none\" data-v-f87c67ca=\"\">Celsius has also been struggling since the collapse of Luna and 3AC and <\/span><span data-contrast=\"auto\" data-v-f87c67ca=\"\">declared <\/span><a href=\"https:\/\/www.theblock.co\/post\/157491\/crypto-lender-celsius-declares-chapter-11-bankruptcy-in-new-york\" data-v-f87c67ca=\"\"><span data-contrast=\"none\" data-v-f87c67ca=\"\">Chapter 11 bankruptcy<\/span><\/a><span data-contrast=\"auto\" data-v-f87c67ca=\"\"> in New York last week. In its initial court filings, Celsius claimed a $1.2 billion hole in its balance sheet as well as the possession of $600 million in celsius tokens (CEL) as assets (when the token only has a market cap of $188 million, implying it would be hard to redeem that value).<\/span><span data-ccp-props=\"{&quot;201341983&quot;:0,&quot;335551550&quot;:1,&quot;335551620&quot;:1,&quot;335559739&quot;:160,&quot;335559740&quot;:259}\" data-v-f87c67ca=\"\">&nbsp;<\/span>","<span data-contrast=\"auto\" data-v-f87c67ca=\"\">In the notice of termination, Celsius said that 3AC had not provided the required additional collateral, after it was demanded, nor had it made a required payment.<\/span><span data-ccp-props=\"{&quot;201341983&quot;:0,&quot;335551550&quot;:1,&quot;335551620&quot;:1,&quot;335559739&quot;:160,&quot;335559740&quot;:259}\" data-v-f87c67ca=\"\">&nbsp;<\/span>","<span data-contrast=\"auto\" data-v-f87c67ca=\"\">In the affidavit submitted by Davies, he provided data that showed 3AC owed more than $3.5 billion to a series of crypto companies.<\/span>"],"hashtag":["CRYPTO"]}