{"summary":"Lawyers representing crypto exchange Coinbase said a New York judge should throw out a case brought in June by the Securities and Exchange Commission.","author":["Sarah Wynn","The Block"],"webName":"theblock.co","link":"https:\/\/www.theblock.co\/post\/259304\/coinbase-says-sec-is-out-of-bounds-in-latest-brief-of-ongoing-lawsuit","publishDate":"2023-10-24T18:35:32","id":836,"type":null,"title":"Coinbase says SEC is out of bounds in latest brief of ongoing lawsuit","category":["Companies"],"content":["<span class=\"s1\" data-v-f87c67ca=\"\">Lawyers representing crypto exchange Coinbase say a New York judge should throw out a case brought by the Securities and Exchange Commission, insisting that the agency was out of bounds.&nbsp;<\/span>","<span class=\"s1\" data-v-f87c67ca=\"\">The SEC charged Coinbase in June for not registering as a securities exchange, broker and clearing agency, but the U.S.-based exchange clapped back on Tuesday, arguing that the agency's authority is limited to securities transactions.&nbsp;<\/span>","<span class=\"s1\" data-v-f87c67ca=\"\">\"Investment contracts grant the purchaser a contractual claim related to the future income, profits, or assets of a business enterprise. That is what makes them securities rather than just investments,\" Coinbase said in a <a href=\"https:\/\/storage.courtlistener.com\/recap\/gov.uscourts.nysd.599908\/gov.uscourts.nysd.599908.83.0.pdf\" data-v-f87c67ca=\"\"><span class=\"s2\" data-v-f87c67ca=\"\">filing<\/span><\/a>. \"Because the SEC\u2019s Complaint does not and cannot plead that the simple asset trades it identifies involve ongoing contractual obligations related to a business enterprise, Coinbase is entitled to judgment on the pleadings.\"<\/span>","<span class=\"s1\" data-v-f87c67ca=\"\">By the SEC's current argument, an investment contract would exist if someone expects their purchase to increase in value or if they part with capital, Coinbase argued. This in turn would give the SEC authority over many different things, the exchange said.&nbsp;<\/span>","<span class=\"s1\" data-v-f87c67ca=\"\">\"Consider an artist who sells paintings over Etsy with a note that she is planning to exhibit her work in a gallery next month. Those who read the note might buy the paintings hoping the artist's plans to increase her exposure will drive up the value of her work. In the SEC's conception, each sale and resale of the paintings on Etsy would be a securities transaction,\" Coinbase said.<\/span>","<span class=\"s1\" data-v-f87c67ca=\"\">The SEC has cited th<\/span><span class=\"s3\" data-v-f87c67ca=\"\">e Howey Test, a 1946 U.S. Supreme Court case involving citrus groves to determine whether transactions are investment contracts and thus subject to securities laws. Coinbase said that the SEC stretched its arguments in Howey \"beyond recognition.\"&nbsp;<\/span>","<span class=\"s1\" data-v-f87c67ca=\"\">Other regulators showed support for the SEC in an amicus <a href=\"https:\/\/www.theblock.co\/post\/255791\/state-securities-regulators-argue-against-crypto-special-treatment-in-coinbase-brief\" data-v-f87c67ca=\"\"><span class=\"s4\" data-v-f87c67ca=\"\">brief<\/span><\/a> filed in the same case earlier this month. <\/span><span class=\"s3\" data-v-f87c67ca=\"\">The North American Securities Administrators Association, a group of state securities regulators, said the court should not treat digital assets as \"somehow special.\"<\/span>","<span class=\"s3\" data-v-f87c67ca=\"\">Coinbase also asserted in its Tuesday filing that the major questions doctrine does apply, despite critics saying it doesn't. The doctrine says that if an agency wants to decide on an issue that has major national significance, it has to be supported by clear congressional authorization.&nbsp;<\/span>","<span class=\"s1\" data-v-f87c67ca=\"\">Judge Katherine Polk Failla is overseeing the case between the SEC and Coinbase. Failla, who was appointed by former President Barack Obama in 2013, recently dismissed a case i<\/span><span class=\"s3\" data-v-f87c67ca=\"\">n full regarding a class action lawsuit brought against Uniswap Labs, the Uniswap Foundation and investors Paradigm, Andreessen Horowitz and Union Square Ventures.&nbsp;<\/span>","<span class=\"s3\" data-v-f87c67ca=\"\">Failla declined to \"stretch\" federal securities laws in that case, suggesting that such expansions are the domain of Congress.&nbsp;<\/span>"],"hashtag":["COINBASE"]}