{"summary":"Binance\u2019s seven-day average bitcoin spot volume has fallen by 57% since Sept. 1, with volume down 48% across exchanges overall.\nCrypto-specific events, not macro factors, now primarily steer the crypto market direction, K33 argues.","author":["James Hunt","The Block"],"webName":"theblock.co","link":"https:\/\/www.theblock.co\/post\/252015\/binance-bitcoin-spot-volume-decline-k33","publishDate":"2023-09-20T06:15:01","id":861,"type":null,"title":"Binance led bitcoin spot volume decline in September, K33 says","category":["Markets"],"content":["Binance was the key driver of September's 48% industry wide volume decline, with the platform's seven-day average bitcoin spot volume falling by 57% since the beginning of the month, according to crypto research firm K33 Research.","<span data-v-f87c67ca=\"\"><span data-v-f87c67ca=\"\"><span data-v-f87c67ca=\"\">Bitcoin <\/span><span class=\"articleTooltip\" data-v-baf5685a=\"\" data-v-f87c67ca=\"\"><a href=\"\/price\/248348\/bitcoin-btc-usd\" class=\"articleTooltip__link\" data-v-baf5685a=\"\"><img src=\"https:\/\/www.tbstat.com\/wp\/uploads\/2023\/10\/bitcoin.png\" alt=\"\" title=\"\" class=\"articleTooltip__tokenImage\" data-v-baf5685a=\"\"> <span class=\"articleTooltip__tokenText\" data-v-baf5685a=\"\">BTC<\/span> <span class=\"articleTooltip__tokenText articleTooltip__tokenText_price articleTooltip__tokenText_positive\" data-v-baf5685a=\"\">\n      +0.17%\n    <\/span><\/a> <!----><\/span><\/span> spot volumes fell a further 8% over the last seven days from last week\u2019s 35-month low, fueled by the fall in activity on Binance compared to relatively stable volume across other spot exchanges combined, K33 Senior Analyst Vetle Lunde and Vice President Anders Helseth noted in a <\/span><a href=\"https:\/\/k33.com\/research\/articles\/crypto-specifics-now-dictate-market-direction\" data-v-f87c67ca=\"\">report<\/a>.&nbsp;","The ongoing battles Binance faces with the <a href=\"https:\/\/www.theblock.co\/post\/193988\/justice-department-weighs-charging-binance\" data-v-f87c67ca=\"\">U.S. Department of Justice<\/a> (DOJ) and <a href=\"https:\/\/www.theblock.co\/post\/233146\/us-sec-sues-binance-ceo-zhao-for-breaking-securities-rules\" data-v-f87c67ca=\"\">Securities and Exchange Commission<\/a> (SEC) could be deterring market makers from trading on the platform, the analysts said, accounting for part of this decline and casting a shadow over the entire market. However, rival crypto exchange <a href=\"https:\/\/www.theblock.co\/post\/233270\/sec-sues-coinbase-binance\" data-v-f87c67ca=\"\">Coinbase<\/a>, which is also facing a lawsuit from the SEC, witnessed 9% growth in bitcoin spot trading volume this month, they added.","<iframe frameborder=\"0\" height=\"420\" src=\"https:\/\/www.theblock.co\/data\/crypto-markets\/spot\/total-exchange-volume-daily\/embed\" title=\"Daily Exchange Volume (7DMA)\" width=\"100%\" data-v-f87c67ca=\"\"><\/iframe>","<span data-v-f87c67ca=\"\">Despite the trading volume decline, of the majors, bitcoin currently leads the way in a spot-driven rally, pushing prices 8% higher over the last week to trade at a three-week high, the analysts noted. Ether and <span class=\"articleTooltip\" data-v-baf5685a=\"\" data-v-f87c67ca=\"\"><a href=\"\/price\/248351\/bnb-bnb-usd\" class=\"articleTooltip__link\" data-v-baf5685a=\"\"><img src=\"https:\/\/www.tbstat.com\/wp\/uploads\/2023\/10\/bnb-icon2_2x.png\" alt=\"\" title=\"\" class=\"articleTooltip__tokenImage\" data-v-baf5685a=\"\"> <span class=\"articleTooltip__tokenText\" data-v-baf5685a=\"\">BNB<\/span> <span class=\"articleTooltip__tokenText articleTooltip__tokenText_price articleTooltip__tokenText_positive\" data-v-baf5685a=\"\">\n      +0.55%\n    <\/span><\/a> <!----><\/span> are also up 6% each during the period, while <\/span><a href=\"https:\/\/www.theblock.co\/post\/251486\/toncoin-leads-bitcoin-in-crypto-market-rally-after-telegram-endorsement\" data-v-f87c67ca=\"\">Toncoin launched into the top 10<\/a> cryptocurrencies by market cap after rising 45% in seven days.","Lunde and Helseth said indicators also suggest a growing bullish outlook among derivatives traders on CME, marking a departure from the bearishness that dominated since mid-August. The past week alone witnessed a 19% surge in bitcoin open interest from active market participants, with futures premiums climbing, they said.","However, the derivatives market isn't entirely bullish. CME\u2019s ether open interest declined by 17% over the past week, with ether futures maintaining a relative premium discount to bitcoin as <a href=\"https:\/\/www.theblock.co\/post\/250795\/suspicious-bearish-ether-outlook-cme-k33-research\" data-v-f87c67ca=\"\">noted<\/a> by the analysts last week. This indicates that speculators remain less enticed by the prospect of <a href=\"https:\/\/www.theblock.co\/post\/251968\/grayscale-investments-ether-etf\" data-v-f87c67ca=\"\">an ether ETF<\/a> and the potential market impact of an approval, they added.","In a significant shift from earlier trends, 2023 has seen the crypto market's direction largely influenced by crypto-specific events, Lunde and Helseth argue. Factors such as short squeezes, ETF news and sell-side pressures from bankruptcy estates and the U.S. government have emerged as dominant market influencers. This change is evident when observing bitcoin's correlation with traditional indices like the S&amp;P 500 and the DXY, which have notably diverged since the start of the year, the analysts said.","The U.S. Fed will announce its latest interest rate decision at 2 p.m. ET today, with a pause at 5.5% expected. Despite potential short-term volatility during and post-meeting, any impact on the crypto markets will likely be short-lived Lunde and Helseth said, with the diminished correlation to traditional markets making macroeconomic data less relevant to current trading decisions."],"hashtag":["BINANCE","BITCOIN","BNB","ETHEREUM","LAWSUITS","SEC"]}