{"summary":"Crypto firm Bitwise met the U.S. SEC last week to convince the regulator on their bitcoin ETF proposal\nBitwise said that the bitcoin spot market has become \u2018efficient,\u2019 and the regulated futures market has become \u2018significant\u2019\nMatt Hougan, Bitwise\u2019s global head of research, told The Block that people\u2019s views of the crypto market are \u2018anchored somewhere in the past\u2019 ","author":["Yogita Khatri","The Block"],"webName":"theblock.co","link":"https:\/\/www.theblock.co\/post\/40410\/bitwise-pitches-sec-for-bitcoin-etf-in-new-presentation-saying-market-has-become-efficient","publishDate":"2019-09-20T04:00:34","id":877,"type":null,"title":"Bitwise pitches SEC for Bitcoin ETF in new presentation","category":["Bitcoin"],"content":["Bitwise Asset Management, the cryptocurrency asset manager that has been awaiting approval for a bitcoin exchange-traded fund (ETF), has once again tried to convince the U.S. Securities and Exchange Commission (SEC) on the product.","In a new <a href=\"https:\/\/www.sec.gov\/comments\/sr-nysearca-2019-01\/srnysearca201901-6135582-192240.pdf\" data-v-f87c67ca=\"\">presentation,<\/a> delivered to three SEC Commissioners - Hester Peirce, Robert Jackson Jr., and Elad Roisman, Bitwise said that the bitcoin spot market has \u201Cmaterially improved\u201D and become \u201Cefficient\u201D in the past two years.","","","\u201CA lot of people have a view of the crypto market that is anchored somewhere in the past ... maybe in Silk Road, maybe in the 2018 bear market,\" Matt Hougan, global head of research at Bitwise, told The Block. \u201CThe reality is that the market has become truly institutional in nature, with very tight arbitrage between real exchanges, major advances in custody, and the growth of a large, regulated futures market.\u201D","The regulated futures market has become \u201Csignificant,\u201D said Bitwise, with the average daily volume for bitcoin futures on the CME exchange at ~$235 million in August 2019. The bitcoin custody market has also become \u201Cfully institutional,\u201D the firm added.","","","","","The SEC has so far postponed decisions on several bitcoin ETF proposals. Just last week, VanEck and SolidX <a href=\"https:\/\/www.theblockcrypto.com\/linked\/40020\/vaneck-solidx-withdraws-bitcoin-etf-proposal?utm_source=cryptocompare&amp;utm_medium=rss&amp;utm_campaign=default\" data-v-f87c67ca=\"\">withdrew<\/a> their proposal even before the SEC\u2019s final deadline of approval or rejection on Oct. 18.","Bitwise, on the other hand, is determined, at least for now. The firm <a href=\"https:\/\/www.theblockcrypto.com\/post\/7032\/bitwise-files-to-list-bitcoin-etf-on-nyse-arca\" data-v-f87c67ca=\"\">initially filed<\/a> an application for a bitcoin ETF in January of this year. The latest deadline for the SEC to decide on their application is October 13. \u201CThe questions [the SEC] have asked are hard\u2026 The plan is for Bitwise to continue to work on answering those questions irrespective of what happens in October,\u201D Bitwise COO, Teddy Fusaro, <a href=\"https:\/\/www.theblockcrypto.com\/daily\/40121\/path-to-first-sec-approved-bitcoin-etf-diverges-as-vaneck-withdraws-and-bitwise-charges-ahead\" data-v-f87c67ca=\"\">told<\/a> The Block earlier this week.","The SEC has been particularly concerned about bitcoin market manipulation. However, the SEC Chairman, Jay Clayton, recently <a href=\"https:\/\/www.theblockcrypto.com\/linked\/39008\/sec-chair-clayton-theres-work-left-to-be-done-on-bitcoin-etf?utm_source=rss&amp;utm_medium=rss&amp;utm_campaign=default\" data-v-f87c67ca=\"\">said<\/a> that the \"progress is being made\" on the bitcoin ETF front, though the concerns still remain.<br data-v-f87c67ca=\"\">\n<br data-v-f87c67ca=\"\">\nCrypto firms, including Coinbase Custody, the Blockchain Association and Blockchain Capital, among others have <a href=\"https:\/\/www.sec.gov\/comments\/sr-nysearca-2019-01\/srnysearca201901.htm\" data-v-f87c67ca=\"\">publicly supported<\/a> Bitwise's bitcoin ETF proposal. Just yesterday, crypto brokerage Tagomi <a href=\"https:\/\/www.sec.gov\/comments\/sr-nysearca-2019-01\/srnysearca201901-6154168-192327.pdf\" data-v-f87c67ca=\"\">told<\/a> the SEC that it supports the proposal as it believes the market for bitcoin has \"reached a level of acceptance that has broadened to include investors that are increasingly more mainstream, and, in particular, institutional investors.\"","In its <a href=\"https:\/\/www.sec.gov\/comments\/sr-nysearca-2019-01\/srnysearca201901-5164833-183434.pdf\" data-v-f87c67ca=\"\">last presentation<\/a> to the SEC, Bitwise <a href=\"https:\/\/www.theblockcrypto.com\/linked\/16958\/bitwise-nearly-95-of-reported-bitcoin-trading-volume-are-artificially-created-by-unregulated-exchanges\" data-v-f87c67ca=\"\">said<\/a> that around 95% of all reported bitcoin trading volume is faked, yet it maintained its view that the bitcoin futures market is \"significant.\u201D In the new presentation, the firm said that crypto data providers have responded \"quickly and positively\" to the fake volumes report and that nine exchanges reported more than 90% drop in volume."],"hashtag":["SEC"]}