{"summary":"The Australian Taxation Office is set to contact up to 350,000 individuals who have traded in crypto in recent years\nCrypto in Australia is considered as property and is subject to capital gains tax","author":["Yogita Khatri","The Block"],"webName":"theblock.co","link":"https:\/\/www.theblock.co\/post\/58514\/australias-tax-authority-to-contact-crypto-traders-on-their-tax-obligations","publishDate":"2020-03-12T07:11:02","id":882,"type":null,"title":"Australia\u2019s tax authority to contact crypto traders on their tax obligations","category":["Cryptocurrency"],"content":["The Australian Taxation Office (ATO), the country\u2019s revenue collection agency, is set to contact hundreds of thousands of crypto traders on their tax obligations.","\u201COver the next two months we expect to contact as many as 350,000 individuals who have traded in cryptocurrency in the last few years,\u201D an ATO spokesman <a href=\"https:\/\/www.news.com.au\/finance\/money\/tax\/australian-taxation-office-to-target-cryptocurrency-investors-with-audit-warnings\/news-story\/37524f276864111b5da9d555226e9f11\" data-v-f87c67ca=\"\">told<\/a> news.com.au in a report published Wednesday.","Cryptocurrencies in Australia are considered as property, and therefore, are subject to capital gains tax and <a href=\"https:\/\/www.ato.gov.au\/General\/Gen\/Tax-treatment-of-crypto-currencies-in-Australia---specifically-bitcoin\/\" data-v-f87c67ca=\"\">must be reported<\/a> to the ATO.","The ATO spokesman said crypto investors should ensure they keep records of their transactions. These include dates of transactions, their value, what were those transactions for and who were other parties involved.<br data-v-f87c67ca=\"\">\n<br data-v-f87c67ca=\"\">\nThe spokesman further said that those who sold cryptocurrency during the 2017-18 financial year may also be contacted by the tax authority, asking them to review their return and report correct capital gains. Those who fail to review could be audited, per the report.","\u201CThe ATO is giving you the chance to fix it, but if you choose not to, what normally happens is you will go through the formal audit process,\u201D Mark Chapman, H&amp;R Block\u2019s director of tax communications, was quoted as saying in the report. \u201CIf you\u2019ve done the wrong thing, you will have to pay the tax you should have the first time which can be pretty expensive and there might also be some interest on top of that, so the financial downsides of not doing this right are considerable.\u201D","In a similar development last year, the U.S. Internal Revenue Service (IRS) <a href=\"https:\/\/www.theblockcrypto.com\/post\/36070\/irs-sends-new-letters-to-crypto-holders-stating-amounts-they-owe-to-the-agency\" data-v-f87c67ca=\"\">also sent out<\/a> notices to crypto holders, listing specific amounts of money they owe to the tax agency."],"hashtag":[]}