{"summary":"Digital asset investment products saw outflows for the sixth consecutive week that totaled $95 million, according to CoinShares.\nOutflows over the past five weeks reached $406 million, representing 1.2% of total assets under management.","author":["Christiana Loureiro","The Block"],"webName":"theblock.co","link":"https:\/\/www.theblock.co\/post\/221180\/bitcoin-outflows-jump-at-coinshares-despite-rally","publishDate":"2023-03-20T09:28:21","id":894,"type":null,"title":"Bitcoin outflows tracked by CoinShares jump despite rally","category":["Companies"],"content":["Bitcoin's price may be surging, but that doesn't mean everyone's convinced the rally will continue.&nbsp;","Digital asset investment products tracked by CoinShares saw outflows for the sixth consecutive week that totaled $95 million. That figure reached $406 million over the past five weeks, representing 1.2% of total assets under management","That's despite the cryptocurrency soaring to above $28,000 for the first time since June on Sunday, getting close to doubling its value from the start of the year.&nbsp;","","","<em data-v-f87c67ca=\"\">Update: This story has been updated to reflect that CoinShares tracks different investment products.<\/em>"],"hashtag":[]}