{"summary":"The latest security audits on zkSync by OpenZeppelin uncovered 45 issues, with 40 of them already resolved by Matter Labs.\nOpenZeppelin and Matter Labs have extended their partnership to ensure the long-term security of zkSync.","author":["Vishal Chawla","The Block"],"webName":"theblock.co","link":"https:\/\/www.theblock.co\/post\/206167\/matter-labs-fixes-security-issues-in-zksync-layer-2-after-openzeppelin-audits","publishDate":"2023-01-27T09:00:56","id":898,"type":null,"title":"Matter Labs fixes security issues in zkSync Layer 2 after OpenZeppelin audits","category":["Crypto Ecosystems"],"content":["OpenZeppelin, a provider of smart-contract security solutions, has released the results of its latest security audits on zkSync, a zero-knowledge, proof-based scaling solution developed by Matter Labs. The audits reportedly uncovered a number of issues, most of which have been fixed.","Of the 45 issues found in OpenZeppelin's two previous audits, 40 have been resolved by the Matter Labs team, including two critical and two medium-severity issues, OpenZeppelin said in a statement shared with The Block.","The most recent audit, which concluded in December, focused on zkSync's system called \"bootloader\" as well as three more Layer 2 system smart contracts with corresponding interfaces and one library.","ZkSync is a ZK-rollup scaling solution that supports compatibility with the Ethereum blockchain. It aims to offer developers the ability to port their apps from Ethereum mainnet to zkSync Layer 2 with low gas fees and high transaction speeds, without compromising on Ethereum's security. The alpha variant of its second version \"zkSync 2.0\" was <a href=\"https:\/\/www.theblock.co\/post\/180846\/matter-labs-releases-first-phase-of-zksync-2-0-mainnet-called-baby-alpha\" data-v-f87c67ca=\"\">released<\/a> on Oct. 28 as part of a three-step process to bring the Layer 2 network into public use.","In light of the successful partnership, <a href=\"https:\/\/www.theblock.co\/post\/195351\/openzeppelin-releases-metaverse-security-service-signs-up-the-sandbox-as-client\" data-v-f87c67ca=\"\">OpenZeppelin<\/a> and Matter Labs have agreed to continue working together to further enhance the security of zkSync in the long term. The security audits have added an extra layer of reliability in zkSync's network security, the team said.","\u201CAs our collaboration with OpenZeppelin continues to provide such great results, we are glad to expand this partnership in order to further make zkSync as secure and reliable as possible for our users and ecosystem projects,\u201D said Anton Astafiev, head of security at Matter Labs."],"hashtag":["ZKSYNC"]}