{"summary":"In a landmark development, crypto trading platform INX plans to raise $130 million via security token IPO \nINX security tokens will be registered with the SEC ","author":["Yogita Khatri","The Block"],"webName":"theblock.co","link":"https:\/\/www.theblock.co\/post\/36805\/crypto-trading-platform-inx-plans-to-raise-130m-via-security-token-ipo-registered-with-the-u-s-sec","publishDate":"2019-08-20T03:04:30","id":908,"type":null,"title":"Crypto trading platform INX plans to raise $130M via security token IPO, registered with the U.S. SEC","category":["Security Token"],"content":["Cryptocurrency trading platform INX, aiming to be an all-in-one shop, is planning to raise up to $130 million through a security token initial public offering (IPO), registered with the U.S. Securities and Exchange Commission (SEC).&nbsp;","Gibraltar-based INX <a href=\"https:\/\/www.sec.gov\/Archives\/edgar\/data\/1725882\/000121390019016285\/ff12019_inxlimited.htm\" data-v-f87c67ca=\"\">filed<\/a> a draft prospectus with the SEC on Monday, to sell 130 million INX tokens, which are based on Ethereum\u2019s ERC-20-standard. INX token holders will also be entitled to 40% of the company\u2019s net cash flow from operating activities, but not as equity holders, per the prospectus.&nbsp;","Headed by Alan Silbert (brother of Digital Currency Group\u2019s founder Barry), INX aims to set up two trading platforms - differentiating between security and non-security tokens. It also plans to get relevant regulatory licenses and approvals, including money transmitter licenses, a U.S. broker-dealer license and subsequent registration as an alternative trading system (ATS).","","Initially, INX plans to obtain money transmitter licenses to operate in 8 U.S. states by the end of 2019, and in \"most\" U.S. states by the end of 2020, per the prospectus.","\u201CWhen fully operational, we expect to offer professional traders and institutional investors trading platforms with established practices common in other regulated financial services markets, such as customary trading, clearing, and settlement procedures, regulatory compliance, capital and liquidity reserves and operational transparency,\u201D the firm said, adding:<br data-v-f87c67ca=\"\">\n<br data-v-f87c67ca=\"\">\n\"In the future, the Company intends to establish a platform for the trading of derivatives such as futures, options and swaps.\"<br data-v-f87c67ca=\"\">\n<br data-v-f87c67ca=\"\">\nWhat makes INX's offering different is that INX tokens will be registered as security tokens, while other companies who have recently received the SEC's approval for their token offerings, such as blockchain startup Blockstack and live streaming platform YouNow - for their <a href=\"https:\/\/www.theblockcrypto.com\/2019\/07\/15\/stacks-the-260m-utility-token-built-on-a-network-with-less-than-10000-verified-users\/\" data-v-f87c67ca=\"\">Stacks<\/a> and <a href=\"https:\/\/www.theblockcrypto.com\/2019\/07\/24\/younows-props-tokens-sec-approval-comes-at-a-cost\/\" data-v-f87c67ca=\"\">Props<\/a> tokens, respectively, are utility tokens.<br data-v-f87c67ca=\"\">\n<br data-v-f87c67ca=\"\">\nINX's offering is also unusual for conducting an IPO at a pre-product stage, while such offerings are traditionally for established, revenue-generating companies.<br data-v-f87c67ca=\"\">\n<br data-v-f87c67ca=\"\">\nINX plans to utilize the IPO proceeds across functions, including research and development (up to $8 million), sales &amp; marketing (up to $2.93 million), regulatory and legal (up to $3.2 million) and product development (up to $1.6 million), among other expenses, according to the prospectus.&nbsp;<br data-v-f87c67ca=\"\">\n<br data-v-f87c67ca=\"\">\nThe company has <a href=\"https:\/\/www.inx.co\/about-us\" data-v-f87c67ca=\"\">notable advisors<\/a> on its board, including Jameson Lopp, CTO of Casa and Mark Yusko, CEO of&nbsp; Morgan Creek Capital, as well as David Weild, a former vice-chairman of Nasdaq, as one of its directors, among others. Successful fundraising would make INX one of the very few IPOs in the cryptocurrency space, followed by Argo Blockchain, which raised <a href=\"https:\/\/www.londonstockexchange.com\/exchange\/news\/market-news\/market-news-detail\/ARB\/13742358.html\" data-v-f87c67ca=\"\">$32.5 million<\/a> through an IPO on the London Stock Exchange."],"hashtag":["SEC","SECURITY TOKENS"]}