{"summary":"Companies on the regulator\u2019s temporary register are already winding up their UK crypto operations.\nMarket maker B2C2 Ltd. is one of a number of firms that plan to withdraw from the temporary register.","author":["Ryan Weeks","The Block"],"webName":"theblock.co","link":"https:\/\/www.theblock.co\/post\/137484\/crypto-firms-uk-close-fca-register","publishDate":"2022-03-11T10:24:30","id":928,"type":null,"title":"Crypto firms begin shuttering UK operations ahead of formal FCA registration deadline","category":["Regulation"],"content":["Crypto startups are giving up hope of continuing to do business in the UK under pressure from the Financial Conduct Authority (FCA).","The finance watchdog has notified at least half a dozen crypto firms listed on a temporary version of its anti-money laundering register that they are likely to be rejected, according to people with knowledge of the situation.","With less than <a href=\"https:\/\/www.theblockcrypto.com\/news+\/135776\/crypto-firms-uk-fca-register\" data-v-f87c67ca=\"\">three weeks to go<\/a> until the March 31 deadline for operators to win FCA approval, the regulator has given these companies a stark choice: either withdraw their applications and wind down any UK crypto operations or see the process through and risk outright rejection.","For some firms, the pressure has already told. SBI-owned B2C2 Ltd., one of the crypto sector\u2019s largest market makers, has withdrawn from the temporary register \u2014 effectively ending its application.","From March 21, all of the company\u2019s spot trading activities will be handled by B2C2 USA, the group\u2019s US arm. Its derivatives trading business won't be affected and will continue to be overseen by an FCA-authorised entity named B2C2 OTC Ltd.","\u201CWe are committed to ensuring this move causes as little disruption as possible and are working closely with our clients to ensure they continue to have a seamless trading experience with us,\u201D said a spokesperson for the company. \u201CDelivering on this objective includes meaningful dialogue with regulators and strict compliance with the regulatory framework in the jurisdictions where we operate.\u201D","Sources suggest B2C2 is far from the only crypto firm packing up its UK business, but as yet The Block hasn't been able to confirm which other companies are following suit.","One such firm on the temporary register, which a source described but refused to name, is also said to have been left with \u201Cno choice but to withdraw\u201D and look for alternative locations for its crypto activities.","A spokesperson for the FCA said: \u201CWe have set a high, but achievable, standard required to be registered with us for AML purposes. Our focus is on ensuring firms are not a conduit for money laundering and they have the systems to properly manage financial crime risks.\u201D","Household names such as $33 billion neobank Revolut and crypto custodian Copper are among the dozens of companies still languishing on the temporary register, a stopgap measure the FCA created after missing an earlier deadline to register firms. Their fate remains uncertain, but without full registration they will in theory be forced to stop all crypto-related activities in the UK at the end of March.","The Block <a href=\"https:\/\/www.theblockcrypto.com\/post\/133597\/crypto-firms-face-cliff-edge-in-uk-as-time-ticks-down-for-aml-approval\" data-v-f87c67ca=\"\">earlier reported<\/a> that, as of February 10, 96 UK crypto firms had applications awaiting a decision from the regulator. There are currently 21 firms on <a href=\"https:\/\/register.fca.org.uk\/servlet\/servlet.FileDownload?file=0154G0000062BtF\" data-v-f87c67ca=\"\">the temporary register<\/a>.","Alex Wilkinson, a capital markets advisor, said the FCA\u2019s reticence to process applications is driving businesses away from the UK.","\u201CThe consequences of their actions will have a significant detrimental effect on UK tax revenues and the FCA\u2019s position as a premier regulator will continue to be eroded by more progressive regulatory regimes such as Singapore, Switzerland and Germany,\u201D he added."],"hashtag":["FCA"]}