{"summary":"Zipmex has resumed withdrawals on Trade Wallets starting Friday.\nThe exchange noted that withdrawals on Z Wallets will remain disabled.","author":["Vishal Chawla","The Block"],"webName":"theblock.co","link":"https:\/\/www.theblock.co\/post\/159119\/zipmex-reopens-withdrawals-from-trading-wallets","publishDate":"2022-07-22T09:17:57","id":932,"type":null,"title":"Zipmex reopens withdrawals from trading wallets","category":["Asia"],"content":["<span data-v-f87c67ca=\"\">Zipmex announced it has resumed withdrawals from its Trade Wallets, two days after the platform paused the feature.&nbsp;<\/span>","<span data-v-f87c67ca=\"\">Zipmex uses two types of wallets to manage their assets. The first is called a <a href=\"https:\/\/zipmex.com\/id\/en\/support\/wallet\/what-is-trade-wallet-id\/\" data-v-f87c67ca=\"\">Trade Wallet<\/a>, which is where users can deposit fiat and other crypto assets if they wish to trade on the platform. <\/span><span data-v-f87c67ca=\"\">Z Wallet is the second type of wallet, where the exchange users can deposit funds to receive rewards and bonuses.<\/span>","In its <a href=\"https:\/\/twitter.com\/zipmex\/status\/1550439202675863552\" data-v-f87c67ca=\"\">update<\/a>, Zipmex said users can withdraw funds from Trade Wallets starting Friday 7 a.m. ET. However, the firm added that Z wallets will remain closed, which means normal operations have not been restored.","<span data-v-f87c67ca=\"\">Earlier this week, the exchange <a href=\"https:\/\/www.theblock.co\/post\/158672\/crypto-exchange-zipmex-halts-withdrawals-due-to-volatile-market-conditions\" data-v-f87c67ca=\"\">froze<\/a> all client funds, <a href=\"https:\/\/twitter.com\/zipmex\/status\/1549699440302166016\" data-v-f87c67ca=\"\">citing<\/a> \"financial difficulties\" of its key financial partners. It's evident that the exchange likely suffered from the cascading effects of a financial crisis in the crypto sector.<\/span>","<span data-v-f87c67ca=\"\">The firm <a href=\"https:\/\/www.theblock.co\/post\/158895\/zipmex-says-its-exploring-all-available-options\" data-v-f87c67ca=\"\">reported<\/a> that it had a $48 million exposure to Babel Finance and $5 million to Celsius, two other embattled firms that have kept clients funds on hold due to insolvency issues.<\/span>"],"hashtag":[]}