{"summary":"Moonwell\u2019s \u2018USDC Anywhere\u2019 allows individuals to lend USDC to Moonwell from various Ethereum networks.\nThe tool also lets users leverage their digital assets to send USDC throughout the Ethereum ecosystem.","author":["MK Manoylov","The Block"],"webName":"theblock.co","link":"https:\/\/www.theblock.co\/post\/277583\/defi-lender-moonwell-enables-usdc-lending-throughout-ethereum","publishDate":"2024-02-14T16:58:18","id":945,"type":null,"title":"DeFi lender Moonwell enables USDC lending throughout Ethereum","category":["Stablecoins"],"content":["Moonwell, a decentralized lending and borrowing protocol, enabled cross-chain lending of Circle's USDC stablecoin to Moonwell from Ethereum networks with a tool called USDC Anywhere.&nbsp;","Moonwell can detect USDC in user wallets on Arbitrum, Avalanche, Base, Ethereum, Optimism and Polygon, employing Circle's cross-chain protocol to transfer the stablecoin onto the platform. The move forgoes the need to manually bridge the assets and allows users to send USDC throughout the Ethereum ecosystem by leveraging their digital assets on Moonwell, according to a company <a href=\"https:\/\/mirror.xyz\/moonwell.eth\/OhbycP9JioKO_UuMPxBgdVgnKxEI1fhfobLi5pB4Awk\" data-v-f87c67ca=\"\">release<\/a>.&nbsp;","Coinbase's Etheruem Layer 2 <a href=\"https:\/\/www.theblock.co\/post\/258394\/coinbase-ethereum-layer-2-base-open-sources-smart-contracts-frontend\" data-v-f87c67ca=\"\">Base<\/a> is the backbone of USDC Anywhere.","\"Base serves as the liquidity hub for this feature, marrying the robust security of Ethereum mainnet with the affordability and agility of modern Layer 2 solutions,\" Moonwell wrote in the statement. \"Coinbase has also made it easy to acquire USDC on their central exchange, offering free transfers to and from Base and free conversions to USD.\"","Moonwell's USDC Anywhere also uses the interoperability protocol <a href=\"https:\/\/www.theblock.co\/post\/273964\/socket-ether-recovery-bungee-exploit\" data-v-f87c67ca=\"\">Socket<\/a> to handle a user's gas before their funds make it to the new network.&nbsp;"],"hashtag":["USDC"]}