{"summary":"Web3 venture firm Electric Capital is raising $300 million for its third fund. ","author":["MK Manoylov","The Block"],"webName":"theblock.co","link":"https:\/\/www.theblock.co\/post\/250606\/crypto-vc-electric-capital-aims-to-raise-300-million-for-new-fund","publishDate":"2023-09-12T17:56:47","id":949,"type":null,"title":"Crypto VC Electric Capital aims to raise $300 million for new fund","category":["Companies"],"content":["Electric Capital has a new venture fund on the books.&nbsp;","The web3 VC firm is aiming to raise $300 million for a fund, according to a <a href=\"https:\/\/www.sec.gov\/Archives\/edgar\/data\/1968099\/000196809923000001\/xslFormDX01\/primary_doc.xml\" data-v-f87c67ca=\"\">filing<\/a> with the Securities and Exchange Commission. Dubbed the Electric Capital Venture Fund III, the fund will offer pooled investment fund interests as a type of security.","The first sale for the fund has yet to occur, and Electric does not intend for the offering to last more than a year.&nbsp;","Electric Capital raised <a href=\"https:\/\/www.theblock.co\/post\/73767\/electric-capital-110-million-crypto\" data-v-f87c67ca=\"\">$110 million<\/a>&nbsp;for its second venture fund in 2020.&nbsp;","In March of 2022, Electric Capital raised <a href=\"https:\/\/www.theblock.co\/linked\/135897\/electric-capital-raises-1-billion-crypto-vc\" data-v-f87c67ca=\"\">$1 billion<\/a> in venture funding to invest in early-stage crypto startups, The Block previously reported.&nbsp;","Electric Capital is a web3 venture firm based in Palo Alto, California formed by Curtis Spencer and Avichal Garg in 2018. The firm did not immediately respond to a request for comment from The Block.&nbsp;"],"hashtag":["INVESTMENT FIRMS"]}