{"summary":"Several of Multichain\u2019s cross-chain pathways remain down, due to an unexplained \u201Cforce majeure.\u201D\nThe silence from the team\u2019s leadership team has amplified certain rumors.","author":["Tim Copeland","The Block"],"webName":"theblock.co","link":"https:\/\/www.theblock.co\/post\/232144\/multichain-teams-silence-sparks-further-uncertainty-for-users","publishDate":"2023-05-25T04:42:21","id":953,"type":null,"title":"Multichain team&#x27;s silence sparks further uncertainty for users","category":["Crypto Ecosystems"],"content":["The silence coming from the Multichain's leadership team is causing further uncertainty for users of the cross-chain protocol with <a href=\"https:\/\/defillama.com\/protocol\/multichain\" data-v-f87c67ca=\"\">$1.5 billion<\/a> in total value locked.","The protocol has had five days of stuck transactions and it still has multiple cross-chain bridge pathways \u2014 Kava, zkSync, Polygon zkEVM \u2014 that are not yet online. The first purported cause was that this was due to an upgrade that was getting fixed, but the explanation was changed yesterday to an ambigious \"<span class=\"css-901oao css-16my406 r-poiln3 r-bcqeeo r-qvutc0\" data-v-f87c67ca=\"\">force majeure.<\/span>\"","This comes alongside unverified rumors on Twitter that the core leadership team may have been arrested in China.","Multichain co-founder DJ Qian, who no longer works with the project, <a href=\"https:\/\/twitter.com\/djqianfusion\/status\/1661517019718770689\" data-v-f87c67ca=\"\">said<\/a> on Twitter today that he asked the current Multichain CEO Zhaojun and its founding partner Xu Guochang to see if they could provide any technical help. When asked what the situation is with Zhaojun, he <a href=\"https:\/\/twitter.com\/djqianfusion\/status\/1661580864504078336\" data-v-f87c67ca=\"\">replied<\/a> that he's \"not available yet.\"","In a group Telegram message with the Multichain team, Multichain\u2019s VP of Strategic Partnerships, who goes by Mog, replied that he didn\u2019t know whether the leadership team had been detained by Chinese authorities. Zhaojun did not reply in the group, nor to a direct message through the same app.","On the project's Discord server and Telegram groups, there have similarly been no updates, with community members told to wait for further updates.","In the meantime, the price of Multichain's native token MULTI has continued to slide and is now down to $<span class=\"tw-text-gray-900 dark:tw-text-white tw-text-3xl\" data-v-f87c67ca=\"\"><span class=\"no-wrap\" data-price-btc=\"0.00019004478836383935\" data-coin-id=\"22087\" data-coin-symbol=\"multi\" data-target=\"price.price\" data-price-previous=\"4.975125501140441\" data-v-f87c67ca=\"\">4.98, having declined 23% in the last 24 hours.<\/span><\/span>","Conflux Network is the latest entity to respond to the situation. It has <span class=\"css-901oao css-16my406 r-poiln3 r-bcqeeo r-qvutc0\" data-v-f87c67ca=\"\"><a href=\"https:\/\/forum.conflux.fun\/t\/announcement-temporary-suspension-of-multichains-co-mint-privileges-and-available-cross-chain-infrastructure-options\/18726\" data-v-f87c67ca=\"\">suspended<\/a> Multichain\u2019s co-mint privileges<\/span> as a precaution. This prevents Multichain from minting tokens on its blockchain. It added that it will help to work with users if there are any losses that arise.","Yesterday, crypto investment firm HashKey Group moved $250,000 to crypto exchange Gate.io and Tron founder Justin Sun withdrew 470,000 of the USDD stablecoin from the protocol itself.","The Fantom Foundation also <a href=\"https:\/\/www.theblock.co\/post\/232049\/fantom-foundation-justin-sun-hashkey-take-action-multichain-issues\" data-v-f87c67ca=\"\">withdrew<\/a> $2.4 million in liquidity of the protocol's native MULTI tokens on decentralized exchange SushiSwap. According to data from The Block Research, 38% of the total-value locked on the Fantom blockchain is held within Multichain. Plus, tokens issued on Multichain make up 78% of the market cap of tokens on Fantom.","<em data-v-f87c67ca=\"\">Added further details about the tokens on Fantom.<\/em>"],"hashtag":["CROSS-CHAIN SWAPS"]}