{"summary":"House Democrats disagree as to whether SEC Chair Gary Gensler has the right priorities on digital assets. ","author":["Kollen Post","The Block"],"webName":"theblock.co","link":"https:\/\/www.theblock.co\/post\/197298\/democrats-split-on-genslers-crypto-approach-post-ftx","publishDate":"2022-12-22T05:45:28","id":98,"type":null,"title":"Democrats split on Gensler\u2019s crypto approach post-FTX","category":["Policy"],"content":["<span data-contrast=\"auto\" data-v-f87c67ca=\"\">As Congress weighs the FTX collapse, Democrats appear split on how much more the Securities and Exchange Commission and its chair, Gary Gensler, could have done to stave off what the agency now calls \u201C<a href=\"https:\/\/www.sec.gov\/litigation\/complaints\/2022\/comp-pr2022-219.pdf\" data-v-f87c67ca=\"\">massive, years-long fraud<\/a>.\u201D <\/span>","The scandal has exposed an already growing intra-Democratic split over the agency\u2019s approach to digital assets. W<span data-contrast=\"auto\" data-v-f87c67ca=\"\">hile p<\/span><span data-contrast=\"auto\" data-v-f87c67ca=\"\">rogressives and crypto-skeptic Democrats continue to back Gensler in his stance that almost all crypto firms operate outside of existing law, some Democrats have begun to publicly question the agency\u2019s priorities. <\/span>","The split could complicate legislation on digital assets, as well as increase pressure on Gensler, who already faces scrutiny on a broad array of issues from Republicans, who will hold a majority in the House of Representatives in the next Congress.","&nbsp;\u201CSEC Chairman Gensler has repeatedly claimed that most cryptocurrencies are covered by existing securities laws. Despite that, the SEC has not proposed a single rule to create guardrails for digital assets<span data-contrast=\"auto\" data-v-f87c67ca=\"\">,\u201D said Rep. Josh <\/span><span data-contrast=\"auto\" data-v-f87c67ca=\"\">Gottheimer, D-N.J., during last week\u2019s House Financial Services Committee hearing on FTX<\/span><span data-contrast=\"auto\" data-v-f87c67ca=\"\">. \u201CThey failed to do their job, and they failed to protect consumers.\u201D<\/span>","<span data-contrast=\"auto\" data-v-f87c67ca=\"\">Rep. Ritchie Torres, D-N.Y., also criticized Gensler to reporters after the hearing. <\/span>","\u201CMr. Gensler\u2019s been in office for two years and he has not enacted a single rule that would bring greater transparency or accountability to the crypto sector,\u201D Torres said. \u201CI\u2019ve heard him express skepticism, but he\u2019s not paid to be a commentator on crypto; he\u2019s paid to be a regulator on crypto.\u201D &nbsp;","Torres, who accepted approximately $14,500 in campaign donations from Sam Bankman-Fried and his brother in this election cycle, wrote a letter criticizing the agency\u2019s approach on Dec. 6 in which he also asked for the Government Accountability Office to review of the SEC\u2019s approach to digital assets.","\u201CThere should be an independent review of whether the SEC did thoroughly investigate FTX,\u201D continued Torres. \u201CIt may be the case that the SEC did everything it could, so there\u2019s nothing to fear from an independent review, the GAO is apolitical and it would certainly benefit us as legislators as we craft policies in relation to crypto.\u201D","The Bronx Democrat added that he planned to return his FTX-tied donations. &nbsp;","Another young Outer-Borough Democrat expressed more confidence in the SEC.","\u201CI believe that the jurisdiction does belong with the SEC,\u201D <span data-contrast=\"auto\" data-v-f87c67ca=\"\">Rep.<\/span><span data-contrast=\"auto\" data-v-f87c67ca=\"\">&nbsp;<\/span><span data-contrast=\"auto\" data-v-f87c67ca=\"\">Alexandria Ocasio-Cortez, D-N.Y., told the press after last week\u2019s hearing. \u201CAnd I believe that this shift or push to the CFTC should really be explored and examined, particularly in context with Bankman-Fried\u2019s activities.\u201D <\/span><span data-ccp-props=\"{&quot;134233117&quot;:true,&quot;134233118&quot;:true,&quot;201341983&quot;:0,&quot;335559740&quot;:240}\" data-v-f87c67ca=\"\">&nbsp;<\/span>","<span data-contrast=\"auto\" data-v-f87c67ca=\"\">Ocasio-Cortez is one of the most visible progressives in Congress. Her comments alluded to a push to give more power over crypto exchanges to the Commodity Futures Trading Commission, most conspicuously in an FTX-backed bill drafted in the Senate Agriculture Committee.&nbsp;<\/span><span data-ccp-props=\"{&quot;134233117&quot;:true,&quot;134233118&quot;:true,&quot;201341983&quot;:0,&quot;335559740&quot;:240}\" data-v-f87c67ca=\"\">&nbsp;<\/span>","Senate Banking Committee Chair Sherrod Brown, D-Ohio, also emphasized that he was working hand-in-glove with Gensler on matters relating to digital assets.","<span data-contrast=\"auto\" data-v-f87c67ca=\"\">\u201CI\u2019ve been working some with [CFTC Chair Rostin Behnam], but especially with the SEC\u2019s Gensler,\u201D said Brown.<\/span>","Republicans want to hear from Gensler on the topic, among other policy criticisms they\u2019ve levied at the SEC chair.","<span data-contrast=\"auto\" data-v-f87c67ca=\"\">\u201CI would love to have seen Gary Gensler here. I think that needs to be another component of this discussion both on FTX and what any future regulation will look like. What the involvement was or wasn\u2019t,\u201D said Rep. Bill Huizenga, R-Mich., who will likely chair the House subcommittee most directly involved in SEC policy. <\/span>","Financial Services Committee Republicans also plan to introduce their own legislation establishing definitions that will determine what digital asset does, or does not, fall under the SEC\u2019s regulatory realm.","<span data-contrast=\"auto\" data-v-f87c67ca=\"\">\u201CWe\u2019re going to have to step in and legislate on what is a commodity and what is a security,\u201D Rep. Patrick McHenry, R-N.C., the incoming committee chair for next Congress, told The Block.&nbsp;<\/span><span data-ccp-props=\"{&quot;134233117&quot;:true,&quot;134233118&quot;:true,&quot;201341983&quot;:0,&quot;335559740&quot;:240}\" data-v-f87c67ca=\"\">&nbsp;<\/span>"],"hashtag":["CONGRESS","GARY GENSLER","HOUSE FINANCIAL SERVICES COMMITTEE","PATRICK MCHENRY","ROSTIN BENHAM","SAM BANKMAN-FRIED","SENATE AGRICULTURE COMMITTEE","SENATE BANKING COMMITTEE"]}